# This file uses centimeters as units for non-parametric coordinates.

mtllib Arma 2.mtl
g default
v 0.110957 -0.941120 3.287041
v 0.089976 -0.934773 3.293663
v 0.072429 -0.945271 3.304008
v 0.068584 -0.966389 3.312004
v 0.080699 -0.985798 3.312950
v 0.101665 -0.992146 3.306328
v 0.119212 -0.981648 3.295982
v 0.123057 -0.960530 3.287987
v 0.117610 -0.926838 3.260948
v 0.078868 -0.915119 3.273216
v 0.046443 -0.934407 3.292320
v 0.039333 -0.973469 3.307060
v 0.061702 -1.009236 3.308830
v 0.100459 -1.020954 3.296562
v 0.132884 -1.001667 3.277489
v 0.139995 -0.962727 3.262718
v 0.116954 -0.921101 3.231041
v 0.066325 -0.905720 3.247032
v 0.023967 -0.930989 3.271995
v 0.014674 -0.981892 3.291282
v 0.043910 -1.028767 3.293571
v 0.094554 -1.044026 3.277550
v 0.136912 -1.018879 3.252617
v 0.146190 -0.967854 3.233330
v 0.109096 -0.924763 3.201805
v 0.054286 -0.908161 3.219139
v 0.008433 -0.935505 3.246147
v -0.001622 -0.990681 3.267021
v 0.030025 -1.041340 3.269493
v 0.084834 -1.057820 3.252159
v 0.130687 -1.030598 3.225151
v 0.140727 -0.975422 3.204277
v 0.095195 -0.937214 3.177727
v 0.044582 -0.921955 3.193748
v 0.002208 -0.947224 3.218681
v -0.007069 -0.998127 3.237968
v 0.022166 -1.045002 3.240288
v 0.072795 -1.060261 3.224266
v 0.115153 -1.034993 3.199303
v 0.124431 -0.984089 3.180015
v 0.077403 -0.956745 3.162468
v 0.038661 -0.945027 3.174736
v 0.006236 -0.964314 3.193840
v -0.000874 -1.003376 3.208580
v 0.021510 -1.039265 3.210350
v 0.060252 -1.050862 3.198082
v 0.092677 -1.031575 3.178978
v 0.099788 -0.992634 3.164238
v 0.058421 -0.980305 3.158348
v 0.037456 -0.973957 3.164970
v 0.019908 -0.984333 3.175316
v 0.016063 -1.005451 3.183311
v 0.028163 -1.024861 3.184257
v 0.049144 -1.031208 3.177635
v 0.066692 -1.020832 3.167290
v 0.070537 -0.999714 3.159294
v 0.097987 -0.961872 3.305290
v 0.041133 -1.004231 3.166008
v 0.133784 -0.973957 3.581840
v 0.276790 -0.958699 3.518822
v 0.018321 -1.060017 3.298942
v 0.161327 -1.044636 3.235924
v -0.012364 -0.909626 3.265770
v 0.130656 -0.894245 3.202751
v 0.103099 -0.823567 3.548637
v 0.246120 -0.808308 3.485618
v 0.262202 -0.605793 2.647850
v 0.225383 -0.741413 2.427727
v 0.161189 -0.988240 2.900413
v 0.124370 -1.123860 2.680290
v -0.091176 -0.921101 2.901237
v -0.127995 -1.056721 2.681114
v 0.009837 -0.538533 2.648674
v -0.026982 -0.674153 2.428551
v 0.195933 -0.597493 2.588951
v 0.203471 -0.548664 2.557640
v 0.168223 -0.506550 2.537559
v 0.110820 -0.495686 2.540550
v 0.064906 -0.522663 2.564781
v 0.057368 -0.571369 2.596123
v 0.092616 -0.613606 2.616173
v 0.150020 -0.624348 2.613182
v 0.174068 -0.677937 2.458183
v 0.181605 -0.629231 2.426872
v 0.146342 -0.587117 2.406822
v 0.088954 -0.576252 2.409782
v 0.043025 -0.603230 2.434013
v 0.035487 -0.651936 2.465355
v 0.070750 -0.694050 2.485405
v 0.128139 -0.704914 2.482445
v 0.130427 -0.560017 2.576866
v 0.108546 -0.640583 2.446098
v 0.497935 -0.603352 2.563774
v 0.471370 -0.701130 2.404960
v 0.167766 -0.628743 2.634636
v 0.141200 -0.726521 2.475822
v 0.135402 -0.468342 2.541252
v 0.108836 -0.566120 2.382438
v 0.465572 -0.442951 2.470390
v 0.439006 -0.540730 2.311577
v 0.232097 -1.064045 2.110466
v 0.235454 -1.026203 2.159996
v 0.238185 -1.018147 2.221855
v 0.239528 -1.042073 2.279503
v 0.239162 -1.091633 2.317467
v 0.237163 -1.153523 2.325615
v 0.234065 -1.211140 2.301720
v 0.230708 -1.249104 2.252189
v 0.227992 -1.257160 2.190330
v 0.226634 -1.233113 2.132683
v 0.227000 -1.183552 2.094719
v 0.229015 -1.121662 2.086571
v 0.193401 -1.032185 2.072349
v 0.198161 -0.978596 2.142387
v 0.202006 -0.967243 2.229881
v 0.203914 -1.001179 2.311424
v 0.203395 -1.071247 2.365105
v 0.200557 -1.158772 2.376610
v 0.196178 -1.240193 2.342827
v 0.191432 -1.293843 2.272789
v 0.187587 -1.305195 2.185295
v 0.185680 -1.271321 2.103752
v 0.186198 -1.201130 2.050072
v 0.189036 -1.113606 2.038566
v 0.143199 -1.006916 2.043938
v 0.149013 -0.941243 2.129692
v 0.153728 -0.927326 2.236839
v 0.156062 -0.968830 2.336693
v 0.155421 -1.054768 2.402458
v 0.151958 -1.161946 2.416557
v 0.146602 -1.261677 2.375145
v 0.140788 -1.327412 2.289390
v 0.136073 -1.341328 2.182243
v 0.133723 -1.299763 2.082390
v 0.134364 -1.213948 2.016624
v 0.137843 -1.106770 2.002525
v 0.084895 -0.990071 2.027092
v 0.091380 -0.916828 2.122764
v 0.096629 -0.901326 2.242271
v 0.099254 -0.947590 2.353630
v 0.098521 -1.043415 2.426994
v 0.094661 -1.162922 2.442680
v 0.088679 -1.274250 2.396538
v 0.082194 -1.347493 2.300865
v 0.076945 -1.362995 2.181358
v 0.074321 -1.316670 2.070000
v 0.075053 -1.220906 1.996635
v 0.078914 -1.101399 1.980919
v -0.039830 -0.985432 2.031975
v -0.033345 -0.912190 2.127617
v -0.028081 -0.896565 2.247154
v -0.025472 -0.942951 2.358513
v -0.026189 -1.038777 2.431877
v -0.030049 -1.158284 2.447563
v -0.036031 -1.269612 2.401420
v -0.042516 -1.342793 2.305748
v -0.047765 -1.358357 2.186241
v -0.050389 -1.312031 2.074852
v -0.049672 -1.216267 2.001518
v -0.045796 -1.096638 1.985802
v -0.097737 -0.997883 2.053337
v -0.091924 -0.932209 2.139122
v -0.087209 -0.918293 2.246269
v -0.084859 -0.959797 2.346123
v -0.085515 -1.045735 2.411888
v -0.088979 -1.152912 2.425957
v -0.094334 -1.252644 2.384575
v -0.100148 -1.318379 2.298820
v -0.104863 -1.332295 2.191643
v -0.107213 -1.290730 2.091789
v -0.106557 -1.204914 2.026024
v -0.103093 -1.097737 2.011955
v -0.147328 -1.019368 2.085686
v -0.142583 -0.965779 2.155723
v -0.138738 -0.954426 2.243217
v -0.136815 -0.988362 2.324730
v -0.137349 -1.058430 2.378441
v -0.140172 -1.145954 2.389946
v -0.144551 -1.227497 2.356132
v -0.149297 -1.281086 2.286095
v -0.153142 -1.292439 2.198601
v -0.155064 -1.258503 2.117088
v -0.154530 -1.188435 2.063377
v -0.151692 -1.100910 2.051903
v -0.185201 -1.048420 2.126793
v -0.181844 -1.010578 2.176292
v -0.179128 -1.002522 2.238182
v -0.177770 -1.026448 2.295830
v -0.178151 -1.076008 2.333793
v -0.180150 -1.137898 2.341911
v -0.183247 -1.195515 2.318016
v -0.186589 -1.233479 2.268516
v -0.189320 -1.241535 2.206627
v -0.190678 -1.217488 2.149010
v -0.190297 -1.167927 2.111015
v -0.188298 -1.106037 2.102897
v -0.184728 -1.083943 2.172905
v -0.182988 -1.064289 2.198540
v -0.181584 -1.060139 2.230583
v -0.180882 -1.072590 2.260399
v -0.181081 -1.098225 2.280052
v -0.182118 -1.130207 2.284263
v -0.183720 -1.160115 2.271904
v -0.185445 -1.179646 2.246269
v -0.186864 -1.183796 2.214256
v -0.187566 -1.171467 2.184410
v -0.187367 -1.145832 2.164757
v -0.186330 -1.113728 2.160545
v -0.184224 -1.122029 2.222404
v 0.081752 -1.005451 2.047417
v 0.087520 -0.940266 2.132622
v 0.028667 -0.930867 2.131950
v 0.022670 -0.998493 2.043541
v 0.092204 -0.926350 2.239067
v 0.033519 -0.916462 2.242393
v 0.094539 -0.967610 2.338280
v 0.035945 -0.959309 2.345299
v 0.093898 -1.052937 2.403618
v 0.035274 -1.047810 2.413109
v 0.090449 -1.159504 2.417595
v 0.031703 -1.158284 2.427605
v 0.085124 -1.258625 2.376488
v 0.026179 -1.261189 2.384941
v 0.079356 -1.323811 2.291282
v 0.020198 -1.328816 2.296562
v 0.074672 -1.337666 2.184807
v 0.015330 -1.343159 2.186088
v 0.072337 -1.296406 2.085625
v 0.012920 -1.300312 2.083183
v 0.072978 -1.211140 2.020286
v 0.013576 -1.211872 2.015404
v 0.076427 -1.104573 2.006279
v 0.017161 -1.101399 2.000877
v -0.030492 -0.935871 2.137230
v -0.036275 -1.001057 2.052025
v -0.025807 -0.921955 2.243675
v -0.023473 -0.963215 2.342888
v -0.024129 -1.048542 2.408226
v -0.027562 -1.154988 2.422203
v -0.032887 -1.254231 2.381096
v -0.038670 -1.319416 2.295891
v -0.043340 -1.333210 2.189415
v -0.045674 -1.291951 2.090233
v -0.045033 -1.206623 2.024895
v -0.041585 -1.100178 2.010918
v -0.209996 -1.047566 2.127769
v -0.206639 -1.009602 2.177269
v -0.207784 -1.063313 2.199516
v -0.209523 -1.082966 2.173881
v -0.203923 -1.001545 2.239158
v -0.206380 -1.059162 2.231529
v -0.202565 -1.025593 2.296776
v -0.205678 -1.071614 2.261375
v -0.202947 -1.075154 2.334770
v -0.205876 -1.097248 2.281029
v -0.204945 -1.137043 2.342888
v -0.206914 -1.129353 2.285240
v -0.208043 -1.194660 2.318992
v -0.208516 -1.159138 2.272880
v -0.211400 -1.232502 2.269493
v -0.210256 -1.178791 2.247246
v -0.214116 -1.240559 2.207603
v -0.211659 -1.182942 2.215202
v -0.215474 -1.216633 2.149956
v -0.212361 -1.170491 2.185386
v -0.215093 -1.166951 2.111992
v -0.212163 -1.144856 2.165733
v -0.213094 -1.105183 2.103874
v -0.211125 -1.112873 2.161522
v -0.129109 -1.618489 3.148643
v 0.192729 -1.630574 3.136070
v -0.193547 -1.396809 2.316612
v 0.214397 -1.412068 2.300651
v -0.170735 -0.861653 2.387230
v 0.237208 -0.876911 2.371269
v -0.097157 -0.869099 3.247520
v 0.224681 -0.881184 3.234947
v 0.233089 -1.137654 2.206077
v 0.506053 -0.594075 2.535026
v 0.558841 -0.577595 2.516044
v 0.579379 -0.532673 2.484886
v 0.555621 -0.485432 2.459801
v 0.501491 -0.463703 2.455467
v 0.448695 -0.480183 2.474449
v 0.428172 -0.525227 2.505638
v 0.451930 -0.572468 2.530723
v 0.484180 -0.674641 2.404259
v 0.536967 -0.658161 2.385277
v 0.557506 -0.613118 2.354118
v 0.533748 -0.565998 2.329033
v 0.479610 -0.544270 2.324699
v 0.426829 -0.560749 2.343712
v 0.406291 -0.605793 2.374870
v 0.430049 -0.653034 2.399956
v 0.503772 -0.528889 2.495262
v 0.481891 -0.609455 2.364494
v 0.601504 -0.759724 2.642784
v 0.574939 -0.857502 2.483970
v 0.452205 -0.582356 2.558494
v 0.425639 -0.680134 2.399681
v 0.599818 -0.495320 2.480186
v 0.573253 -0.593098 2.321373
v 0.749126 -0.672688 2.564476
v 0.722560 -0.770466 2.405662
v -0.253072 -1.205403 0.929611
v -0.254475 -1.130329 0.821922
v -0.259160 -1.119099 0.691177
v -0.265889 -1.174641 0.572418
v -0.272847 -1.282307 0.497467
v -0.278188 -1.412983 0.486400
v -0.280461 -1.531819 0.542187
v -0.279057 -1.606953 0.649879
v -0.274373 -1.618183 0.780617
v -0.267644 -1.562580 0.899376
v -0.260686 -1.454975 0.974335
v -0.255345 -1.324238 0.985397
v 0.190196 -1.222004 0.912277
v 0.188792 -1.146931 0.804588
v 0.184108 -1.135701 0.673843
v 0.177379 -1.191243 0.555088
v 0.170421 -1.298847 0.480133
v 0.165080 -1.429585 0.469070
v 0.162807 -1.548420 0.524853
v 0.164210 -1.623555 0.632545
v 0.168895 -1.634846 0.763283
v 0.175624 -1.579182 0.882042
v 0.182582 -1.471638 0.957001
v 0.187923 -1.340901 0.968063
v -0.256627 -1.247639 0.879471
v -0.257649 -1.191975 0.799652
v -0.261128 -1.183674 0.702751
v -0.266118 -1.224812 0.614731
v -0.271275 -1.304585 0.559177
v -0.275227 -1.401509 0.550976
v -0.276921 -1.489582 0.592323
v -0.275884 -1.545246 0.672142
v -0.272405 -1.553608 0.769043
v -0.267415 -1.512409 0.857063
v -0.262257 -1.432637 0.912620
v -0.258305 -1.335774 0.920822
v 0.186641 -1.264241 0.862144
v 0.185619 -1.208576 0.782318
v 0.182140 -1.200276 0.685425
v 0.177150 -1.241413 0.597397
v 0.171992 -1.321186 0.541847
v 0.168040 -1.418110 0.533642
v 0.166362 -1.506184 0.574989
v 0.167384 -1.561848 0.654808
v 0.170863 -1.570210 0.751709
v 0.175853 -1.529011 0.839729
v 0.181010 -1.449238 0.895286
v 0.184962 -1.352375 0.903488
v -0.193303 -1.250080 0.876999
v -0.194341 -1.194416 0.797180
v -0.197804 -1.185993 0.700279
v -0.202794 -1.227253 0.612251
v -0.207951 -1.306965 0.556701
v -0.211903 -1.403889 0.548500
v -0.213597 -1.491963 0.589851
v -0.212560 -1.547627 0.669662
v -0.209081 -1.555989 0.766563
v -0.204091 -1.514790 0.854584
v -0.198933 -1.435017 0.910141
v -0.194981 -1.338093 0.918342
v 0.123317 -1.261921 0.864616
v 0.122295 -1.206257 0.784798
v 0.118816 -1.197834 0.687897
v 0.113826 -1.239094 0.599876
v 0.108668 -1.318867 0.544323
v 0.104716 -1.415730 0.536117
v 0.103023 -1.503804 0.577469
v 0.104060 -1.559529 0.657287
v 0.107539 -1.567829 0.754188
v 0.112529 -1.526631 0.842209
v 0.117686 -1.446858 0.897766
v 0.121638 -1.349995 0.905968
v -0.198613 -1.313374 0.801796
v -0.199101 -1.286824 0.763786
v -0.200765 -1.282917 0.717636
v -0.203130 -1.302510 0.675720
v -0.205586 -1.340534 0.649269
v -0.207478 -1.386677 0.645363
v -0.208272 -1.428608 0.665054
v -0.207784 -1.455097 0.703064
v -0.206136 -1.459065 0.749206
v -0.203755 -1.439472 0.791122
v -0.201299 -1.401509 0.817581
v -0.199422 -1.355366 0.821480
v 0.118007 -1.325276 0.789413
v 0.117519 -1.298725 0.751404
v 0.115855 -1.294758 0.705261
v 0.113490 -1.314411 0.663345
v 0.111034 -1.352375 0.636886
v 0.109141 -1.398518 0.632980
v 0.108348 -1.440449 0.652672
v 0.108836 -1.466999 0.690681
v 0.110484 -1.470967 0.736824
v 0.112865 -1.451313 0.778740
v 0.115321 -1.413349 0.805199
v 0.117198 -1.367207 0.809105
v -0.230275 -1.312214 0.803032
v -0.230763 -1.285725 0.765022
v -0.235112 -1.369831 0.734657
v -0.232427 -1.281697 0.718880
v -0.234792 -1.301350 0.676964
v -0.237248 -1.339314 0.650505
v -0.239140 -1.385456 0.646599
v -0.239934 -1.427388 0.666290
v -0.239446 -1.453938 0.704300
v -0.237782 -1.457905 0.750442
v -0.235417 -1.438252 0.792358
v -0.232961 -1.400288 0.818817
v -0.231068 -1.354145 0.822723
v 0.149669 -1.326435 0.788177
v 0.149181 -1.299946 0.750168
v 0.144832 -1.384053 0.719803
v 0.147517 -1.295979 0.704017
v 0.145152 -1.315571 0.662109
v 0.142696 -1.353535 0.635650
v 0.140803 -1.399678 0.631744
v 0.140010 -1.441670 0.651436
v 0.140498 -1.468159 0.689445
v 0.142161 -1.472126 0.735588
v 0.144527 -1.452534 0.777504
v 0.146983 -1.414509 0.803963
v 0.148875 -1.368367 0.807861
v -0.158086 -1.208943 0.925896
v -0.159490 -1.133869 0.818207
v 0.093806 -1.143391 0.808304
v 0.095210 -1.218464 0.915993
v -0.164174 -1.122639 0.687462
v 0.089122 -1.132038 0.677559
v -0.170903 -1.178181 0.568706
v 0.082393 -1.187702 0.558803
v -0.177861 -1.285847 0.493751
v 0.075435 -1.295307 0.483848
v -0.183202 -1.416523 0.482685
v 0.070094 -1.426045 0.472782
v -0.185475 -1.535359 0.538471
v 0.067821 -1.544880 0.528568
v -0.184071 -1.610493 0.646164
v 0.069224 -1.620014 0.636261
v -0.179387 -1.621784 0.776901
v 0.073909 -1.631245 0.766998
v -0.172658 -1.566120 0.895660
v 0.080638 -1.575642 0.885757
v -0.165700 -1.458576 0.970619
v 0.087596 -1.468037 0.960716
v -0.160359 -1.327839 0.981682
v 0.092937 -1.337300 0.971779
v -0.156316 -1.187825 0.950966
v -0.157903 -1.102986 0.829338
v 0.095393 -1.112507 0.819435
v 0.096980 -1.197346 0.941063
v -0.163197 -1.090290 0.681679
v 0.090098 -1.099812 0.671776
v -0.170796 -1.153157 0.547550
v 0.082500 -1.162556 0.537647
v -0.178655 -1.274617 0.462894
v 0.074641 -1.284138 0.452991
v -0.184682 -1.422261 0.450397
v 0.068614 -1.431782 0.440494
v -0.187245 -1.556477 0.513401
v 0.066051 -1.565998 0.503498
v -0.185674 -1.641316 0.635032
v 0.067622 -1.650837 0.625130
v -0.180379 -1.654072 0.782692
v 0.072917 -1.663533 0.772789
v -0.172780 -1.591267 0.916817
v 0.080516 -1.600727 0.906914
v -0.164906 -1.469746 1.001472
v 0.088390 -1.479206 0.991569
v -0.158894 -1.322102 1.013969
v 0.094401 -1.331562 1.004066
v -0.299260 -1.332417 0.911873
v -0.251805 -1.135578 2.018913
v 0.282069 -1.155476 1.998039
v 0.234630 -1.352436 0.890999
v -0.310552 -1.524617 0.848343
v -0.257146 -1.310871 2.050316
v 0.276729 -1.330891 2.029442
v 0.223323 -1.544636 0.827469
v -0.203999 -1.326680 2.050712
v 0.222728 -1.342671 2.034019
v 0.228557 -1.151570 1.999779
v -0.198171 -1.135578 2.016472
v -0.200642 -1.313679 2.123985
v 0.225963 -1.329548 2.104240
v 0.231898 -1.138508 2.073051
v -0.194814 -1.122517 2.089714
v -0.217122 -1.421833 2.068230
v -0.259190 -1.377461 2.062248
v -0.313542 -1.590901 0.860267
v -0.271794 -1.635517 0.866295
v 0.274699 -1.397480 2.041374
v 0.230022 -1.438618 2.050743
v 0.220302 -1.611531 0.839500
v 0.175334 -1.652302 0.848808
v -0.291890 -1.133747 0.876205
v -0.247075 -1.092732 0.866875
v -0.245763 -0.936848 1.983330
v -0.201085 -0.895832 1.973961
v 0.241984 -1.154011 0.855385
v 0.200069 -1.109577 0.849388
v 0.246059 -0.912556 1.956474
v 0.288127 -0.956868 1.962456
v 0.178050 -1.383808 2.043388
v -0.161931 -1.371052 2.056663
v -0.193791 -0.991658 1.990684
v -0.149114 -0.950642 1.981315
v 0.190868 -0.963337 1.968040
v 0.232936 -1.007649 1.973991
v 0.181407 -1.370747 2.116630
v -0.158574 -1.358052 2.129936
v -0.190434 -0.978718 2.063957
v -0.145757 -0.937580 2.054588
v 0.236293 -0.994709 2.047264
v 0.194224 -0.950276 2.041313
v 0.286754 0.077068 -0.013418
v 0.287868 0.064617 0.026802
v 0.287822 0.033733 0.055419
v 0.286647 -0.007405 0.064765
v 0.284648 -0.047566 0.052330
v 0.282375 -0.076130 0.021454
v 0.280421 -0.085408 -0.019596
v 0.279323 -0.072956 -0.059817
v 0.279353 -0.042073 -0.088432
v 0.280528 -0.000935 -0.097778
v 0.282527 0.039226 -0.085343
v 0.284801 0.067791 -0.054468
v 0.258342 0.153972 -0.009312
v 0.260478 0.129924 0.068389
v 0.260402 0.070110 0.123669
v 0.258128 -0.009236 0.141720
v 0.254283 -0.086872 0.117703
v 0.249873 -0.142048 0.058052
v 0.246104 -0.159993 -0.021248
v 0.243968 -0.135823 -0.098950
v 0.244044 -0.076130 -0.154232
v 0.246318 0.003216 -0.172280
v 0.250163 0.080852 -0.148262
v 0.254573 0.136028 -0.088612
v 0.210979 0.220867 -0.004891
v 0.213985 0.186809 0.104994
v 0.213878 0.102337 0.183176
v 0.210673 -0.009846 0.208704
v 0.205226 -0.119709 0.174738
v 0.199000 -0.197834 0.090380
v 0.193675 -0.223103 -0.021769
v 0.190654 -0.189045 -0.131657
v 0.190761 -0.104573 -0.209835
v 0.193965 0.007610 -0.235363
v 0.199412 0.117473 -0.201397
v 0.205638 0.195598 -0.117039
v 0.147884 0.273235 -0.000452
v 0.151576 0.231487 0.134132
v 0.151439 0.127971 0.229881
v 0.147517 -0.009358 0.261146
v 0.140849 -0.144001 0.219547
v 0.133220 -0.239582 0.116231
v 0.126689 -0.270588 -0.021122
v 0.122996 -0.228840 -0.155705
v 0.123134 -0.125325 -0.251457
v 0.127055 0.012005 -0.282723
v 0.133723 0.146526 -0.241120
v 0.141353 0.242229 -0.137806
v 0.073375 0.307415 0.003702
v 0.077495 0.260784 0.153808
v 0.077342 0.145427 0.260607
v 0.072963 -0.007771 0.295479
v 0.065532 -0.157917 0.249080
v 0.057033 -0.264485 0.133843
v 0.049739 -0.299153 -0.019352
v 0.045619 -0.252522 -0.169457
v 0.045772 -0.137165 -0.276257
v 0.050151 0.016155 -0.311127
v 0.057582 0.166179 -0.264729
v 0.066081 0.272747 -0.149494
v -0.089177 0.313518 0.010057
v -0.085042 0.266887 0.160164
v -0.085194 0.151531 0.266962
v -0.089574 -0.001667 0.301834
v -0.097020 -0.151814 0.255436
v -0.105519 -0.258381 0.140198
v -0.112813 -0.293049 -0.012997
v -0.116933 -0.246418 -0.163101
v -0.116780 -0.131062 -0.269901
v -0.112401 0.022258 -0.304772
v -0.104955 0.172283 -0.258373
v -0.096455 0.278850 -0.143139
v -0.166127 0.285076 0.011827
v -0.162434 0.243206 0.146410
v -0.162572 0.139812 0.242159
v -0.166493 0.002361 0.273424
v -0.173161 -0.132160 0.231825
v -0.180776 -0.227742 0.128508
v -0.187322 -0.258869 -0.008845
v -0.191014 -0.216999 -0.143429
v -0.190877 -0.113606 -0.239178
v -0.186955 0.023845 -0.270443
v -0.180287 0.158367 -0.228844
v -0.172658 0.253948 -0.125527
v -0.233098 0.237591 0.012474
v -0.230092 0.203411 0.122357
v -0.230199 0.118938 0.200539
v -0.233403 0.006756 0.226067
v -0.238850 -0.103108 0.192101
v -0.245076 -0.181111 0.107743
v -0.250401 -0.206501 -0.004406
v -0.253423 -0.172444 -0.114292
v -0.253316 -0.087849 -0.192471
v -0.250111 0.024334 -0.218002
v -0.244664 0.134075 -0.184033
v -0.238438 0.212200 -0.099674
v -0.285542 0.174358 0.011953
v -0.283406 0.150310 0.089654
v -0.283482 0.090496 0.144934
v -0.285756 0.011150 0.162985
v -0.289601 -0.066487 0.138968
v -0.293996 -0.121662 0.079317
v -0.297780 -0.139607 0.000017
v -0.299901 -0.115437 -0.077683
v -0.299825 -0.055744 -0.132965
v -0.297566 0.023601 -0.151016
v -0.293706 0.101238 -0.126999
v -0.289311 0.156414 -0.067349
v -0.288487 0.098674 0.009073
v -0.287389 0.086223 0.049294
v -0.287419 0.055217 0.077910
v -0.288594 0.014202 0.087256
v -0.290593 -0.026081 0.074821
v -0.292867 -0.054646 0.043945
v -0.294820 -0.063923 0.002895
v -0.295934 -0.051350 -0.037325
v -0.295888 -0.020466 -0.065943
v -0.294713 0.020549 -0.075287
v -0.292714 0.060833 -0.062851
v -0.290440 0.089397 -0.031977
v 0.294292 -0.004597 -0.016926
v -0.291661 0.017376 0.005983
v 0.067714 0.274456 0.002613
v 0.071391 0.232952 0.136314
v -0.004994 0.244426 0.144718
v -0.008794 0.287517 0.006006
v 0.071254 0.130169 0.231438
v -0.005132 0.137737 0.243406
v 0.067348 -0.006306 0.262499
v -0.009175 -0.003865 0.275633
v 0.060725 -0.139973 0.221171
v -0.016042 -0.142536 0.232757
v 0.053157 -0.234944 0.118530
v -0.023900 -0.241047 0.126266
v 0.046672 -0.265827 -0.017922
v -0.030644 -0.273030 -0.015299
v 0.042995 -0.224324 -0.151623
v -0.034444 -0.230061 -0.154011
v 0.043132 -0.121540 -0.246750
v -0.034306 -0.123371 -0.252701
v 0.047023 0.014934 -0.277805
v -0.030263 0.018230 -0.284928
v 0.053645 0.148601 -0.236481
v -0.023381 0.156902 -0.242050
v 0.061229 0.243572 -0.133839
v -0.015538 0.255413 -0.135563
v -0.082433 0.238689 0.142328
v -0.086095 0.280193 0.008627
v -0.082555 0.135906 0.237452
v -0.086461 -0.000569 0.268513
v -0.093083 -0.134236 0.227186
v -0.100652 -0.229206 0.124546
v -0.107152 -0.260090 -0.011908
v -0.110814 -0.218586 -0.145607
v -0.110692 -0.115803 -0.240734
v -0.106786 0.020794 -0.271794
v -0.100163 0.154339 -0.230465
v -0.092595 0.249431 -0.127827
v -0.317860 0.175579 0.013216
v -0.315724 0.151409 0.090917
v -0.319707 0.087322 0.050558
v -0.320805 0.099895 0.010338
v -0.315801 0.091716 0.146198
v -0.319737 0.056438 0.079174
v -0.318059 0.012371 0.164249
v -0.320912 0.015423 0.088520
v -0.321919 -0.065266 0.140231
v -0.322911 -0.024861 0.076085
v -0.326314 -0.120442 0.080581
v -0.325185 -0.053425 0.045209
v -0.330083 -0.138386 0.001280
v -0.327138 -0.062702 0.004160
v -0.332219 -0.114216 -0.076420
v -0.328236 -0.050129 -0.036060
v -0.332143 -0.054524 -0.131703
v -0.328206 -0.019245 -0.064678
v -0.329869 0.024822 -0.149750
v -0.327031 0.021770 -0.074024
v -0.326024 0.102459 -0.125733
v -0.325032 0.062053 -0.061588
v -0.321629 0.157634 -0.066084
v -0.322759 0.090618 -0.030712
v -0.318425 -1.375141 0.544792
v -0.298390 -0.186970 -0.081783
v 0.235484 -0.206990 -0.102657
v 0.215449 -1.395161 0.523918
v -0.307759 -1.208821 0.658272
v -0.289616 -0.133015 0.090994
v 0.244258 -0.153034 0.070120
v 0.226131 -1.228840 0.637398
v -0.321889 -1.406208 0.485855
v -0.279820 -1.428547 0.444836
v -0.301869 -0.217976 -0.140721
v -0.259786 -0.240315 -0.181736
v 0.211986 -1.426167 0.464981
v 0.165294 -1.445210 0.427433
v 0.232020 -0.237995 -0.161595
v 0.185329 -0.257038 -0.199139
v -0.279179 -0.039631 0.268488
v -0.232488 -0.020588 0.306034
v -0.297322 -1.115315 0.835762
v -0.250615 -1.096394 0.873314
v 0.254710 -0.059651 0.247613
v 0.212627 -0.037312 0.288631
v 0.236568 -1.135334 0.814888
v 0.194499 -1.112995 0.855911
v 0.268199 -0.929890 3.526451
v 0.270717 -0.925007 3.572197
v 0.241588 -0.931477 3.607292
v 0.197871 -0.945515 3.611198
v 0.165187 -0.958821 3.581596
v 0.162669 -0.963703 3.535850
v 0.191798 -0.957234 3.500755
v 0.235515 -0.943196 3.496849
v 0.230174 -0.814167 3.516258
v 0.232677 -0.809284 3.562004
v 0.203563 -0.815754 3.597099
v 0.159846 -0.829792 3.601005
v 0.127162 -0.843220 3.571403
v 0.124644 -0.847981 3.525657
v 0.153773 -0.841511 3.490562
v 0.197490 -0.827473 3.486656
v 0.216685 -0.944416 3.554008
v 0.178661 -0.828694 3.543815
v 0.469569 -0.864460 3.723015
v 0.518657 -0.861409 3.573906
v 0.210460 -0.957234 3.635856
v 0.259547 -0.954304 3.486717
v 0.161601 -0.808674 3.622734
v 0.210689 -0.805622 3.473625
v 0.420695 -0.715779 3.709892
v 0.469798 -0.712849 3.560783
v 0.556811 -0.826496 3.623527
v 0.559329 -0.821614 3.669304
v 0.530200 -0.828083 3.704399
v 0.486491 -0.842121 3.708244
v 0.453807 -0.855427 3.678703
v 0.451289 -0.860310 3.632927
v 0.480418 -0.853840 3.597832
v 0.524127 -0.839802 3.593925
v 0.518787 -0.710774 3.613334
v 0.521297 -0.705891 3.659050
v 0.492175 -0.712361 3.694145
v 0.448466 -0.726399 3.698051
v 0.415782 -0.739704 3.668449
v 0.413264 -0.744587 3.622734
v 0.442393 -0.738118 3.587639
v 0.486102 -0.724079 3.583732
v 0.505305 -0.840901 3.651115
v 0.467281 -0.725300 3.640922
v 0.639133 -0.803669 3.780083
v 0.688228 -0.800740 3.630913
v 0.499438 -0.853718 3.733085
v 0.548534 -0.850788 3.583916
v 0.450572 -0.705036 3.719963
v 0.499667 -0.702107 3.570793
v 0.590274 -0.654988 3.766960
v 0.639369 -0.652058 3.617790
v 0.687648 0.357586 4.923698
v 0.623706 0.357586 3.743034
v 0.687648 0.777019 4.923698
v 0.623706 0.777019 3.743034
v 0.297252 0.777019 4.944816
v 0.233317 0.777019 3.764213
v 0.297252 0.357586 4.944816
v 0.233317 0.357586 3.764213
v 0.634944 0.357586 3.950493
v 0.244548 0.357586 3.971611
v 0.244548 0.777019 3.971611
v 0.634944 0.777019 3.950493
v 0.640056 0.357586 4.044853
v 0.249660 0.357586 4.066032
v 0.249660 0.777019 4.066032
v 0.640056 0.777019 4.044853
v 0.673602 0.357586 4.664360
v 0.283214 0.357586 4.685539
v 0.283214 0.777019 4.685539
v 0.673602 0.777019 4.664360
v 0.679355 0.357586 4.770561
v 0.288966 0.357586 4.791740
v 0.288966 0.777019 4.791740
v 0.679355 0.777019 4.770561
v 0.560298 0.256511 4.049187
v 0.329417 0.256511 4.061699
v 0.324306 0.256511 3.967338
v 0.555186 0.256511 3.954826
v 0.560298 0.357586 4.049187
v 0.329417 0.357586 4.061699
v 0.324306 0.357586 3.967338
v 0.555186 0.357586 3.954826
v 0.599597 0.256511 4.774895
v 0.368724 0.256511 4.787407
v 0.362971 0.256511 4.681206
v 0.593845 0.256511 4.668693
v 0.599597 0.357586 4.774895
v 0.368724 0.357586 4.787407
v 0.362971 0.357586 4.681206
v 0.593845 0.357586 4.668693
v 0.334193 0.403484 4.942802
v 0.650722 0.403484 4.925651
v 0.650722 0.731121 4.925651
v 0.334193 0.731121 4.942802
v 0.270244 0.403484 3.762199
v 0.586780 0.403484 3.745048
v 0.586780 0.731121 3.745048
v 0.270244 0.731121 3.762199
v 0.588023 0.739055 3.753715
v 0.588023 0.399456 3.753715
v 0.270366 0.739055 3.770866
v 0.270366 0.399456 3.770866
v 0.068706 -1.578877 3.052513
v 0.073268 -1.583943 3.098076
v 0.044109 -1.589192 3.133354
v -0.001683 -1.591511 3.137688
v -0.037312 -1.589558 3.108513
v -0.041875 -1.584492 3.062980
v -0.012715 -1.579243 3.027672
v 0.033092 -1.576924 3.023338
v 0.052058 -1.158650 3.101005
v 0.056621 -1.163777 3.146568
v 0.027461 -1.169026 3.181846
v -0.018346 -1.171345 3.186180
v -0.053960 -1.169392 3.157036
v -0.058522 -1.164265 3.111473
v -0.029363 -1.159016 3.076195
v 0.016444 -1.156697 3.071861
v 0.015697 -1.584187 3.080528
v -0.000951 -1.164021 3.129021
v 0.311854 -1.614460 3.250908
v 0.357219 -1.595417 3.101768
v 0.008250 -1.615803 3.158378
v 0.053615 -1.596760 3.009239
v -0.010274 -1.148274 3.212334
v 0.035091 -1.129353 3.063194
v 0.293330 -1.146931 3.304863
v 0.338695 -1.128010 3.155723
v 0.615390 -1.515766 2.925773
v 0.660442 -1.508869 2.919029
v 0.697589 -1.507405 2.946251
v 0.705073 -1.512226 2.991447
v 0.678516 -1.520466 3.028160
v 0.633472 -1.527424 3.034874
v 0.596324 -1.528889 3.007683
v 0.588832 -1.524067 2.962486
v 0.559550 -1.099568 2.979332
v 0.604602 -1.092732 2.972587
v 0.641742 -1.091145 2.999809
v 0.649234 -1.096028 3.045006
v 0.622676 -1.104328 3.081718
v 0.577632 -1.111164 3.088432
v 0.540477 -1.112751 3.061241
v 0.532992 -1.107868 3.016044
v 0.646960 -1.518147 2.976951
v 0.591113 -1.102009 3.030510
v 0.764880 -1.506001 2.830833
v 0.613254 -1.521504 2.793053
v 0.730006 -1.529988 2.980614
v 0.578380 -1.545430 2.942863
v 0.667888 -1.066975 3.040214
v 0.516254 -1.082478 3.002434
v 0.702762 -1.043049 2.890404
v 0.551128 -1.058552 2.852623
v 0.398982 -1.569294 3.115745
v 0.438060 -1.567158 3.140037
v 0.449000 -1.571430 3.184563
v 0.425380 -1.579548 3.223289
v 0.381053 -1.586811 3.233482
v 0.341975 -1.588948 3.209190
v 0.331035 -1.584675 3.164635
v 0.354640 -1.576557 3.125938
v 0.343135 -1.153034 3.169304
v 0.382213 -1.150959 3.193596
v 0.393153 -1.155232 3.238121
v 0.369548 -1.163410 3.276848
v 0.325206 -1.170613 3.287041
v 0.286128 -1.172810 3.262749
v 0.275188 -1.168537 3.218193
v 0.298793 -1.160359 3.179466
v 0.390010 -1.578022 3.174614
v 0.334178 -1.161824 3.228172
v 0.683536 -1.546589 3.061119
v 0.591258 -1.542622 2.934105
v 0.453075 -1.598835 3.226951
v 0.360789 -1.594868 3.099968
v 0.390941 -1.135823 3.286522
v 0.298656 -1.131916 3.159538
v 0.621410 -1.083576 3.120689
v 0.529132 -1.079670 2.993706
v 0.603679 -1.482868 4.864128
v 0.589610 -1.539875 4.604362
v 0.599086 -1.234455 4.779411
v 0.584506 -1.255085 4.510246
v 0.590449 -0.396687 4.619926
v 0.603007 -0.381550 4.851799
v 0.606097 -0.651081 4.908806
v 0.591807 -0.682820 4.644951
v 0.609576 -0.905354 4.973137
v 0.594722 -0.956990 4.698845
v 0.613216 -1.152668 5.040214
v 0.616908 -1.395893 5.108513
v 0.580150 -0.972248 4.429741
v 0.576976 -0.686726 4.371086
v 0.575244 -0.402912 4.339165
v 0.608028 -1.676899 4.944511
v 0.620814 -1.620381 5.180656
v 0.617664 -1.937825 5.122429
v 0.612437 -1.848347 5.025932
v 0.625217 -1.848103 5.261833
v 0.623630 -1.896443 5.232658
v 0.604663 -2.028462 4.882377
v 0.599139 -1.935200 4.780388
v 0.594287 -1.760517 4.690849
v 0.587611 -2.146687 4.567497
v 0.585162 -2.103352 4.522270
v 0.580371 -1.889973 4.433830
v 0.575946 -1.660908 4.352165
v 0.569171 -1.273640 4.227104
v 0.564380 -0.989949 4.138542
v 0.560680 -0.688557 4.070244
v 0.559955 -0.385334 4.056816
v 0.488322 -0.381550 4.858024
v 0.491412 -0.651081 4.915031
v 0.494899 -0.905354 4.979362
v 0.498531 -1.152668 5.046440
v 0.502231 -1.395893 5.114738
v 0.506137 -1.620381 5.186882
v 0.508952 -1.896443 5.238823
v 0.502978 -1.937825 5.128654
v 0.510532 -1.848103 5.268059
v 0.489978 -2.028462 4.888603
v 0.472926 -2.146687 4.573723
v 0.470470 -2.103352 4.528496
v 0.465694 -1.889973 4.439995
v 0.461269 -1.660908 4.358391
v 0.454494 -1.273640 4.233330
v 0.449702 -0.989949 4.144768
v 0.445994 -0.688557 4.076408
v 0.445262 -0.385334 4.062980
v 0.374309 -1.482868 4.876579
v 0.360240 -1.539875 4.616813
v 0.369716 -1.234455 4.791862
v 0.355144 -1.255085 4.522636
v 0.361079 -0.396687 4.632377
v 0.373637 -0.381550 4.864189
v 0.376735 -0.651081 4.921196
v 0.362437 -0.682820 4.657402
v 0.380214 -0.905354 4.985527
v 0.365352 -0.956990 4.711296
v 0.383845 -1.152668 5.052666
v 0.387538 -1.395893 5.120903
v 0.350780 -0.972248 4.442131
v 0.347606 -0.686726 4.383476
v 0.345882 -0.402912 4.351616
v 0.378657 -1.676899 4.956901
v 0.391444 -1.620381 5.193046
v 0.388301 -1.937825 5.134880
v 0.383067 -1.848347 5.038383
v 0.395854 -1.848103 5.274223
v 0.394267 -1.896443 5.245048
v 0.375301 -2.028462 4.894768
v 0.369777 -1.935200 4.792839
v 0.364925 -1.760517 4.703239
v 0.358241 -2.146687 4.579948
v 0.355800 -2.103352 4.534660
v 0.351009 -1.889973 4.446220
v 0.346583 -1.660908 4.364555
v 0.339809 -1.273640 4.239494
v 0.335017 -0.989949 4.150932
v 0.331309 -0.688557 4.082634
v 0.330577 -0.385334 4.069206
v 0.590449 -0.197346 4.619926
v 0.603007 -0.182209 4.851799
v 0.475764 -0.197346 4.626152
v 0.488322 -0.182209 4.858024
v 0.575244 -0.203450 4.339165
v 0.460567 -0.203450 4.345390
v 0.559955 -0.185993 4.056816
v 0.445262 -0.185993 4.062980
v 0.373637 -0.182209 4.864189
v 0.361079 -0.197346 4.632377
v 0.345882 -0.203450 4.351616
v 0.330577 -0.185993 4.069206
v 0.626300 -0.157063 4.664848
v 0.630061 0.280803 4.734306
v 0.808856 0.287639 8.035637
v 0.806491 -0.070759 7.991936
v 0.814036 -0.060139 8.131340
v 0.810634 -0.062580 8.068352
v 0.811023 0.254802 8.075676
v 0.814426 0.259563 8.138542
v 0.813777 -0.312092 8.126457
v 0.809840 -0.324299 8.053947
v 0.805125 -0.227375 7.966789
v 0.794910 -0.140095 7.778068
v 0.794719 0.291424 7.774528
v 0.794513 -0.326618 7.770866
v 0.763728 -0.336384 7.202385
v 0.764117 -0.128010 7.209709
v 0.643588 -0.321858 4.984184
v 0.637431 -0.375080 4.870476
v 0.648044 -0.176472 5.066398
v 0.651317 -0.321858 5.126884
v 0.624988 -0.392048 4.640678
v 0.671367 -0.181355 5.497001
v 0.668666 -0.333454 5.447136
v 0.697826 -0.174031 5.985649
v 0.701182 -0.346028 6.047539
v 0.713023 0.291424 6.266167
v 0.675288 0.291424 5.569450
v 0.651836 0.287639 5.136467
v 0.763965 0.291424 7.206779
v 0.609416 0.262981 4.353142
v 0.611888 -0.144978 4.398735
v 0.612277 -0.401814 4.405998
v 0.593677 -0.379963 4.062492
v 0.591411 -0.140950 4.020744
v 0.593387 0.262981 4.057121
v 0.594066 -0.755451 4.069755
v 0.577693 -0.721516 3.767387
v 0.578220 -0.370320 3.777092
v 0.568126 -0.709431 3.590813
v 0.569041 -0.384846 3.607719
v 0.578868 -0.144978 3.789177
v 0.565898 -0.123127 3.549675
v 0.579059 0.253216 3.792656
v 0.561145 0.253216 3.461876
v 0.535243 -0.132893 2.983635
v 0.535640 0.253216 2.990898
v 0.505504 -0.144978 2.434532
v 0.513629 0.245037 2.584495
v 0.537212 -0.399372 3.019920
v 0.504718 -0.389607 2.420006
v 0.557780 -0.731282 3.399711
v 0.550838 -0.818440 3.271507
v 0.590663 -0.842732 4.006889
v 0.586337 -0.828083 3.927055
v 0.588695 -1.017048 3.970573
v 0.584766 -0.975910 3.898002
v 0.583758 -1.035725 3.879448
v 0.587909 -1.080036 3.956108
v 0.585307 -1.121052 3.907951
v 0.581554 -1.058186 3.838737
v 0.577060 -1.128376 3.755791
v 0.575755 -1.059773 3.731621
v 0.570476 -1.125935 3.634209
v 0.569652 -1.056599 3.618950
v 0.564197 -1.128376 3.518303
v 0.564242 -1.055744 3.519096
v 0.556613 -1.125935 3.378197
v 0.557307 -1.046101 3.391075
v 0.554217 -1.119465 3.333916
v 0.555438 -1.025105 3.356468
v 0.550418 -1.098469 3.263878
v 0.554523 -0.996052 3.339561
v 0.549548 -0.873493 3.247764
v 0.554736 -0.835652 3.343590
v 0.554927 -0.772908 3.347008
v 0.524928 0.253216 2.793175
v 0.520778 -0.138752 2.716484
v 0.521403 -0.394612 2.728050
v 0.522815 -0.749714 2.754112
v 0.522655 -0.610066 2.751182
v 0.593822 -0.521321 4.065239
v 0.579044 -0.540608 3.792412
v 0.566463 -0.549397 3.560112
v 0.549647 -0.563069 3.249626
v 0.537212 -0.572956 3.019951
v 0.523448 -0.567951 2.765831
v 0.521335 -0.576252 2.726860
v 0.593783 -0.484822 4.064567
v 0.578830 -0.496662 3.788444
v 0.567134 -0.506916 3.572441
v 0.546435 -0.520710 3.190330
v 0.533130 -0.526936 2.944603
v 0.518611 -0.521931 2.676567
v 0.518909 -0.536579 2.682060
v 0.505221 -0.492878 2.429375
v 0.515926 -0.513386 2.626915
v 0.518870 -0.847126 2.681328
v 0.544757 -1.152424 3.159233
v 0.516254 -0.905842 2.632957
v 0.542056 -1.218464 3.109398
v 0.511333 -1.004109 2.542076
v 0.508472 -1.073201 2.489311
v 0.539279 -1.331562 3.058098
v 0.504977 -1.159748 2.424797
v 0.536891 -1.472493 3.014122
v 0.533321 -1.631062 2.948143
v 0.500850 -1.286091 2.348564
v 0.497119 -1.490071 2.279655
v 0.530383 -1.788105 2.893913
v 0.529193 -1.808674 2.871910
v 0.495929 -1.559101 2.257683
v 0.518779 -0.530232 2.679680
v 0.522250 -0.572590 2.743767
v 0.534869 -0.700398 2.976768
v 0.534404 -0.803425 2.968132
v 0.532550 -0.956135 2.933891
v 0.528606 -1.012776 2.861137
v 0.524654 -1.097126 2.788048
v 0.521831 -1.185139 2.735893
v 0.518817 -1.295368 2.680290
v 0.514926 -1.435627 2.608513
v 0.511539 -1.619282 2.545982
v 0.510348 -1.667317 2.523979
v 0.496638 -1.636921 2.270866
v 0.496165 -1.607563 2.262077
v 0.530147 -1.817463 2.889519
v 0.528560 -1.851277 2.860191
v 0.508868 -1.726460 2.496635
v 0.527209 -1.852742 2.835258
v 0.502200 -1.683918 2.373497
v 0.502109 0.152630 2.371849
v 0.508273 0.235637 2.485618
v 0.482921 -0.130574 2.017509
v 0.488658 0.143230 2.123466
v 0.486354 -0.355183 2.080894
v 0.486613 -0.465901 2.085777
v 0.480098 -0.168049 1.965477
v 0.482036 -0.364949 2.001243
v 0.481364 -0.450886 1.988792
v 0.484492 0.114177 2.046532
v 0.474757 -0.163044 1.866875
v 0.475413 0.109295 1.878990
v 0.473827 -0.376423 1.849541
v 0.473827 -0.435383 1.849541
v 0.434154 -0.125691 1.116981
v 0.433681 0.109295 1.108284
v 0.434383 -0.286701 1.121315
v 0.434520 -0.437092 1.123863
v 0.411723 -0.138752 0.703010
v 0.411357 0.109295 0.696083
v 0.411632 -0.322590 0.701279
v 0.412105 -0.438801 0.709938
v 0.400371 -0.130085 0.493446
v 0.396999 0.109295 0.431095
v 0.401790 -0.341755 0.519424
v 0.402248 -0.438801 0.528084
v 0.397060 -0.533406 0.432148
v 0.389598 -0.350422 0.294275
v 0.387523 -0.137043 0.256172
v 0.385371 0.109295 0.216338
v 0.392604 -0.596394 0.349806
v 0.383906 -0.446614 0.189445
v 0.377391 -0.685139 0.069125
v 0.387675 -0.685871 0.259022
v 0.378154 -0.340046 0.082980
v 0.372523 -0.355549 -0.020935
v 0.376445 -0.680256 0.051669
v 0.382457 -0.790974 0.162649
v 0.378001 -0.842610 0.080344
v 0.380656 -0.839192 0.129414
v 0.362697 -0.832844 -0.202290
v 0.362102 -0.773640 -0.213177
v 0.370601 -0.843342 -0.056446
v 0.381145 -0.133625 0.138402
v 0.368770 -0.140583 -0.090214
v 0.363139 -0.442341 -0.194126
v 0.376842 0.109295 0.058733
v 0.363048 0.093670 -0.195858
v 0.360881 0.053753 -0.235695
v 0.670245 -0.487263 5.476311
v 0.699908 -0.503132 6.024040
v 0.697291 -0.691731 5.975639
v 0.668788 -0.621296 5.449394
v 0.694415 -0.890950 5.922661
v 0.666682 -0.742878 5.410515
v 0.691814 -1.045735 5.874565
v 0.667247 -0.867512 5.420952
v 0.688991 -1.204548 5.822380
v 0.664630 -0.970417 5.372551
v 0.665530 -1.077961 5.389274
v 0.686656 -1.248860 5.779289
v 0.661525 -1.038655 5.315300
v 0.661700 -0.988362 5.318535
v 0.664508 -0.862873 5.370354
v 0.665538 -0.805622 5.389397
v 0.688579 -1.248249 5.814873
v 0.689433 -1.220539 5.830559
v 0.691898 -1.071003 5.876091
v 0.689876 -1.201863 5.838798
v 0.482059 0.280803 4.742302
v 0.503841 0.287639 5.144462
v 0.666431 0.259563 8.146599
v 0.666034 -0.060139 8.139274
v 0.663020 0.254802 8.083732
v 0.660854 0.287639 8.043571
v 0.665774 -0.312092 8.134514
v 0.661845 -0.324299 8.061882
v 0.646716 0.291424 7.782585
v 0.646518 -0.326618 7.778923
v 0.615726 -0.336384 7.210441
v 0.503322 -0.321858 5.134880
v 0.495593 -0.321858 4.992180
v 0.489436 -0.375080 4.878471
v 0.476985 -0.392048 4.648674
v 0.520663 -0.333454 5.455131
v 0.553180 -0.346028 6.055534
v 0.565021 0.291424 6.274223
v 0.615970 0.291424 7.214836
v 0.527286 0.291424 5.577446
v 0.461421 0.262981 4.361137
v 0.464275 -0.401814 4.414055
v 0.445674 -0.379963 4.070549
v 0.445384 0.262981 4.065178
v 0.445781 -0.484822 4.072563
v 0.429698 -0.721516 3.775383
v 0.420131 -0.709431 3.598808
v 0.431056 0.253216 3.800651
v 0.413142 0.253216 3.469902
v 0.387630 0.253216 2.998924
v 0.365626 0.245037 2.592522
v 0.376933 0.253216 2.801201
v 0.409785 -0.731282 3.407738
v 0.406917 -0.772908 3.355003
v 0.438335 -0.828083 3.935051
v 0.446071 -0.755451 4.077812
v 0.442668 -0.842732 4.014885
v 0.440700 -1.017048 3.978630
v 0.436763 -0.975910 3.906059
v 0.435756 -1.035725 3.887504
v 0.439906 -1.080036 3.964104
v 0.437312 -1.121052 3.916008
v 0.433559 -1.058186 3.846733
v 0.429057 -1.128376 3.763786
v 0.427760 -1.059773 3.739677
v 0.422481 -1.125935 3.642265
v 0.421657 -1.056599 3.626945
v 0.416240 -1.055744 3.527122
v 0.416194 -1.128376 3.526298
v 0.409312 -1.046101 3.399101
v 0.408610 -1.125935 3.386223
v 0.406215 -1.119465 3.341942
v 0.407436 -1.025105 3.364464
v 0.402415 -1.098469 3.271873
v 0.406520 -0.996052 3.347557
v 0.406734 -0.835652 3.351585
v 0.374812 -0.749714 2.762138
v 0.374660 -0.610066 2.759209
v 0.445827 -0.521321 4.073234
v 0.373332 -0.576252 2.734886
v 0.370906 -0.536579 2.690086
v 0.370784 -0.530232 2.687706
v 0.367931 -0.513386 2.634910
v 0.357219 -0.492878 2.437370
v 0.370616 -0.521931 2.684593
v 0.370875 -0.847126 2.689354
v 0.396754 -1.152424 3.167259
v 0.368251 -0.905842 2.640983
v 0.394054 -1.218464 3.117424
v 0.363322 -1.004109 2.550102
v 0.360469 -1.073201 2.497307
v 0.391276 -1.331562 3.066093
v 0.356975 -1.159748 2.432823
v 0.388896 -1.472493 3.022117
v 0.385326 -1.631062 2.956169
v 0.352855 -1.286091 2.356590
v 0.349116 -1.490071 2.287681
v 0.382381 -1.788105 2.901909
v 0.381190 -1.808674 2.879936
v 0.347926 -1.559101 2.265709
v 0.348643 -1.636921 2.278892
v 0.348170 -1.607563 2.270103
v 0.382152 -1.817463 2.897514
v 0.380565 -1.851277 2.868187
v 0.379207 -1.852742 2.843284
v 0.360866 -1.726460 2.504661
v 0.354198 -1.683918 2.381492
v 0.354106 0.152630 2.379845
v 0.360271 0.235637 2.493645
v 0.340663 0.143230 2.131492
v 0.338618 -0.465901 2.093773
v 0.333369 -0.450886 1.996818
v 0.336497 0.114177 2.054558
v 0.327418 0.109295 1.886986
v 0.325816 -0.435383 1.857567
v 0.285670 0.109295 1.116295
v 0.286525 -0.437092 1.131874
v 0.263347 0.109295 0.704094
v 0.264110 -0.438801 0.717949
v 0.249004 0.109295 0.439113
v 0.254253 -0.438801 0.536098
v 0.249065 -0.533406 0.440162
v 0.237376 0.109295 0.224354
v 0.244594 -0.596394 0.357822
v 0.239680 -0.685871 0.267038
v 0.234462 -0.790974 0.170664
v 0.232661 -0.839192 0.137430
v 0.230006 -0.842610 0.088360
v 0.222591 -0.843342 -0.048430
v 0.214702 -0.832844 -0.194275
v 0.214107 -0.773640 -0.205162
v 0.215144 -0.442341 -0.186112
v 0.228831 0.109295 0.066748
v 0.215053 0.093670 -0.187843
v 0.212886 0.053753 -0.227677
v 0.522243 -0.487263 5.484367
v 0.551906 -0.503132 6.032036
v 0.549289 -0.691731 5.983696
v 0.520785 -0.621296 5.457390
v 0.546420 -0.890950 5.930656
v 0.518680 -0.742878 5.418571
v 0.543819 -1.045735 5.882622
v 0.538653 -1.248860 5.787285
v 0.517528 -1.077961 5.397270
v 0.513522 -1.038655 5.323356
v 0.513698 -0.988362 5.326591
v 0.516505 -0.862873 5.378349
v 0.517535 -0.805622 5.397392
v 0.541431 -1.220539 5.838554
v 0.540584 -1.248249 5.822929
v 0.540988 -1.204548 5.830437
v 0.543895 -1.071003 5.884086
v 0.541873 -1.201863 5.846794
v 0.330302 -0.157063 4.680900
v 0.334056 0.280803 4.750297
v 0.512851 0.287639 8.051628
v 0.510493 -0.070759 8.007927
v 0.518039 -0.060139 8.147331
v 0.514629 -0.062580 8.084465
v 0.515025 0.254802 8.091667
v 0.518428 0.259563 8.154533
v 0.517772 -0.312092 8.142448
v 0.513843 -0.324299 8.069938
v 0.509128 -0.227375 7.982780
v 0.498912 -0.140095 7.794182
v 0.498714 0.291424 7.790642
v 0.498515 -0.326618 7.786857
v 0.467723 -0.336384 7.218376
v 0.468120 -0.128010 7.225700
v 0.347591 -0.321858 5.000175
v 0.341426 -0.375080 4.886528
v 0.352046 -0.176472 5.082451
v 0.355327 -0.321858 5.142937
v 0.328990 -0.392048 4.656669
v 0.375362 -0.181355 5.512993
v 0.372661 -0.333454 5.463127
v 0.401836 -0.174031 6.001640
v 0.405177 -0.346028 6.063591
v 0.417018 0.291424 6.282219
v 0.379283 0.291424 5.585441
v 0.355846 0.287639 5.152519
v 0.467967 0.291424 7.222893
v 0.313411 0.262981 4.369133
v 0.315883 -0.144978 4.414787
v 0.316280 -0.401814 4.422050
v 0.297679 -0.379963 4.078544
v 0.295406 -0.140950 4.036735
v 0.297389 0.262981 4.073173
v 0.298076 -0.755451 4.085808
v 0.281688 -0.721516 3.783439
v 0.282222 -0.370320 3.793083
v 0.272121 -0.709431 3.606865
v 0.273051 -0.384846 3.623772
v 0.282878 -0.144978 3.805229
v 0.269908 -0.123127 3.565727
v 0.283061 0.253216 3.808708
v 0.265147 0.253216 3.477897
v 0.239238 -0.132893 2.999657
v 0.239635 0.253216 3.006920
v 0.209499 -0.144978 2.450554
v 0.217631 0.245037 2.600517
v 0.241206 -0.399372 3.035942
v 0.208720 -0.389607 2.436027
v 0.261775 -0.731282 3.415733
v 0.254832 -0.818440 3.287529
v 0.294658 -0.842732 4.022880
v 0.290340 -0.828083 3.943107
v 0.292689 -1.017048 3.986626
v 0.288768 -0.975910 3.914055
v 0.287761 -1.035725 3.895500
v 0.291911 -1.080036 3.972099
v 0.289302 -1.121052 3.924003
v 0.285548 -1.058186 3.854729
v 0.281062 -1.128376 3.771843
v 0.279750 -1.059773 3.747673
v 0.274486 -1.125935 3.650261
v 0.273646 -1.056599 3.634941
v 0.268199 -1.128376 3.534324
v 0.268245 -1.055744 3.535118
v 0.260615 -1.125935 3.394218
v 0.261317 -1.046101 3.407097
v 0.258220 -1.119465 3.349937
v 0.259441 -1.025105 3.372490
v 0.254420 -1.098469 3.279899
v 0.258525 -0.996052 3.355583
v 0.253551 -0.873493 3.263786
v 0.258739 -0.835652 3.359611
v 0.258922 -0.772908 3.363029
v 0.228923 0.253216 2.809196
v 0.224773 -0.138752 2.732506
v 0.225398 -0.394612 2.744102
v 0.226817 -0.749714 2.770164
v 0.226649 -0.610066 2.767235
v 0.297816 -0.521321 4.081291
v 0.283046 -0.540608 3.808403
v 0.270473 -0.549397 3.576164
v 0.253642 -0.563069 3.265648
v 0.241206 -0.572956 3.035972
v 0.227443 -0.567951 2.781853
v 0.225337 -0.576252 2.742912
v 0.297786 -0.484822 4.080559
v 0.282832 -0.496662 3.804497
v 0.271129 -0.506916 3.588432
v 0.250438 -0.520710 3.206352
v 0.237132 -0.526936 2.960655
v 0.222621 -0.521931 2.692589
v 0.222911 -0.536579 2.698112
v 0.209224 -0.492878 2.445396
v 0.219920 -0.513386 2.642937
v 0.222865 -0.847126 2.697380
v 0.248759 -1.152424 3.175285
v 0.220256 -0.905842 2.649010
v 0.246059 -1.218464 3.125419
v 0.215327 -1.004109 2.558098
v 0.212474 -1.073201 2.505333
v 0.243281 -1.331562 3.074119
v 0.208980 -1.159748 2.440819
v 0.240901 -1.472493 3.030144
v 0.237315 -1.631062 2.964165
v 0.204845 -1.286091 2.364586
v 0.201121 -1.490071 2.295708
v 0.234386 -1.788105 2.909935
v 0.233195 -1.808674 2.887932
v 0.199931 -1.559101 2.273704
v 0.222789 -0.530232 2.695732
v 0.226253 -0.572590 2.759788
v 0.238872 -0.700398 2.992790
v 0.238399 -0.803425 2.984184
v 0.236552 -0.956135 2.949913
v 0.232616 -1.012776 2.877159
v 0.228648 -1.097126 2.804069
v 0.225825 -1.185139 2.751945
v 0.222819 -1.295368 2.696312
v 0.218928 -1.435627 2.624534
v 0.215541 -1.619282 2.562004
v 0.214351 -1.667317 2.540001
v 0.200648 -1.636921 2.286918
v 0.200160 -1.607563 2.278099
v 0.234141 -1.817463 2.905540
v 0.232555 -1.851277 2.876213
v 0.212871 -1.726460 2.512657
v 0.231212 -1.852742 2.851311
v 0.206203 -1.683918 2.389519
v 0.206111 0.152630 2.387871
v 0.212276 0.235637 2.501640
v 0.186916 -0.130574 2.033531
v 0.192653 0.143230 2.139519
v 0.190349 -0.355183 2.096916
v 0.190623 -0.465901 2.101799
v 0.184108 -0.168049 1.981529
v 0.186046 -0.364949 2.017265
v 0.185359 -0.450886 2.004845
v 0.188487 0.114177 2.062584
v 0.178767 -0.163044 1.882896
v 0.179423 0.109295 1.895012
v 0.177821 -0.376423 1.865562
v 0.177821 -0.435383 1.865562
v 0.138148 -0.125691 1.133003
v 0.137675 0.109295 1.124306
v 0.138377 -0.286701 1.137352
v 0.138515 -0.437092 1.139900
v 0.115733 -0.138752 0.719040
v 0.115352 0.109295 0.712112
v 0.115626 -0.322590 0.717308
v 0.116099 -0.438801 0.725967
v 0.104381 -0.130085 0.509476
v 0.101009 0.109295 0.447128
v 0.105785 -0.341755 0.535457
v 0.106258 -0.438801 0.544117
v 0.101054 -0.533406 0.448181
v 0.093593 -0.350422 0.310306
v 0.091533 -0.137043 0.272203
v 0.089366 0.109295 0.232369
v 0.096599 -0.596394 0.365837
v 0.087916 -0.446614 0.205476
v 0.081401 -0.685139 0.085156
v 0.091685 -0.685871 0.275053
v 0.082149 -0.340046 0.099011
v 0.076518 -0.355549 -0.004904
v 0.080455 -0.680256 0.067700
v 0.086467 -0.790974 0.178680
v 0.082011 -0.842610 0.096375
v 0.084666 -0.839192 0.145445
v 0.066692 -0.832844 -0.186257
v 0.066112 -0.773640 -0.197148
v 0.074596 -0.843342 -0.040415
v 0.085155 -0.133625 0.154433
v 0.072765 -0.140583 -0.074181
v 0.067134 -0.442341 -0.178097
v 0.080836 0.109295 0.074764
v 0.067042 0.093670 -0.179829
v 0.064891 0.053753 -0.219662
v 0.374248 -0.487263 5.492363
v 0.403911 -0.503132 6.040031
v 0.401286 -0.691731 5.991691
v 0.372783 -0.621296 5.465446
v 0.398418 -0.890950 5.938652
v 0.370677 -0.742878 5.426567
v 0.395808 -1.045735 5.890617
v 0.371242 -0.867512 5.436943
v 0.392985 -1.204548 5.838432
v 0.368632 -0.970417 5.388603
v 0.369533 -1.077961 5.405266
v 0.390651 -1.248860 5.795341
v 0.365520 -1.038655 5.331352
v 0.365703 -0.988362 5.334587
v 0.368510 -0.862873 5.386406
v 0.369533 -0.805622 5.405449
v 0.392589 -1.248249 5.830925
v 0.393428 -1.220539 5.846611
v 0.395900 -1.071003 5.892143
v 0.393870 -1.201863 5.854790
vt 0.899603 0.333612
vt 0.902137 0.336146
vt 0.896614 0.338434
vt 0.896614 0.334851
vt 0.891091 0.336146
vt 0.893626 0.333612
vt 0.406975 0.654960
vt 0.409389 0.657240
vt 0.404128 0.657240
vt 0.404128 0.654960
vt 0.398867 0.657240
vt 0.401281 0.654960
vt 0.893626 0.327634
vt 0.891091 0.325100
vt 0.896614 0.322813
vt 0.896614 0.326396
vt 0.902137 0.325100
vt 0.899603 0.327634
vt 0.879367 0.341796
vt 0.881781 0.344077
vt 0.876520 0.344077
vt 0.876520 0.341796
vt 0.871259 0.344077
vt 0.873673 0.341796
vt 0.903830 0.337839
vt 0.896614 0.340828
vt 0.889398 0.337839
vt 0.411001 0.660654
vt 0.404128 0.660654
vt 0.397255 0.660654
vt 0.889398 0.323408
vt 0.896614 0.320419
vt 0.903830 0.323408
vt 0.883393 0.347490
vt 0.876520 0.347490
vt 0.869647 0.347490
vt 0.731934 0.083866
vt 0.735670 0.083341
vt 0.735670 0.090243
vt 0.731934 0.090243
vt 0.735670 0.097146
vt 0.731934 0.096620
vt 0.411567 0.664680
vt 0.404128 0.664680
vt 0.396688 0.664680
vt 0.490511 0.143710
vt 0.486775 0.144236
vt 0.486775 0.137332
vt 0.490511 0.137332
vt 0.486775 0.130430
vt 0.490511 0.130956
vt 0.883959 0.351517
vt 0.876520 0.351517
vt 0.869080 0.351517
vt 0.739406 0.083866
vt 0.739406 0.090243
vt 0.739406 0.096620
vt 0.411001 0.668706
vt 0.404128 0.668706
vt 0.397255 0.668706
vt 0.483039 0.143710
vt 0.483039 0.137332
vt 0.483039 0.130956
vt 0.883393 0.355543
vt 0.876520 0.355543
vt 0.869647 0.355543
vt 0.497471 0.148070
vt 0.495778 0.149763
vt 0.490255 0.147476
vt 0.490255 0.145081
vt 0.484732 0.149763
vt 0.483039 0.148070
vt 0.409389 0.672120
vt 0.404128 0.672120
vt 0.398867 0.672120
vt 0.483039 0.162501
vt 0.484732 0.160809
vt 0.490255 0.163096
vt 0.490255 0.165491
vt 0.495778 0.160809
vt 0.497471 0.162501
vt 0.881781 0.358956
vt 0.876520 0.358956
vt 0.871259 0.358956
vt 0.493244 0.152297
vt 0.490255 0.151059
vt 0.487266 0.152297
vt 0.406975 0.674400
vt 0.404128 0.674400
vt 0.401281 0.674400
vt 0.487266 0.158275
vt 0.490255 0.159513
vt 0.493244 0.158275
vt 0.879367 0.361237
vt 0.876520 0.361237
vt 0.873673 0.361237
vt 0.896614 0.330623
vt 0.892387 0.330623
vt 0.900841 0.330623
vt 0.490255 0.155286
vt 0.486029 0.155286
vt 0.494482 0.155286
vt 0.818286 0.416550
vt 0.818286 0.378756
vt 0.836984 0.378756
vt 0.836984 0.416550
vt 0.537294 0.686309
vt 0.518596 0.686309
vt 0.518596 0.667611
vt 0.537294 0.667611
vt 0.584629 0.217981
vt 0.584629 0.180187
vt 0.603327 0.180187
vt 0.603327 0.217981
vt 0.892858 0.675108
vt 0.874160 0.675108
vt 0.874160 0.656410
vt 0.892858 0.656410
vt 0.862381 0.385099
vt 0.862381 0.422894
vt 0.843683 0.422894
vt 0.843683 0.385099
vt 0.364592 0.379207
vt 0.364592 0.417001
vt 0.345893 0.417001
vt 0.345893 0.379207
vt 0.543993 0.189414
vt 0.543993 0.141113
vt 0.581007 0.141113
vt 0.581007 0.189414
vt 0.543993 0.166565
vt 0.581007 0.166565
vt 0.396688 0.419097
vt 0.396688 0.371474
vt 0.433182 0.371474
vt 0.433182 0.419097
vt 0.543993 0.214867
vt 0.581007 0.214867
vt 0.549073 0.310613
vt 0.587506 0.270033
vt 0.610083 0.291416
vt 0.571651 0.331996
vt 0.917056 0.329543
vt 0.955488 0.370123
vt 0.932911 0.391506
vt 0.894478 0.350927
vt 0.327275 0.323592
vt 0.327275 0.302675
vt 0.334916 0.302675
vt 0.334916 0.323592
vt 0.338943 0.302675
vt 0.338943 0.323592
vt 0.477960 0.680198
vt 0.477960 0.661434
vt 0.484814 0.661434
vt 0.484814 0.680198
vt 0.726855 0.407883
vt 0.726855 0.386965
vt 0.733634 0.386965
vt 0.733634 0.407883
vt 0.741275 0.386965
vt 0.741275 0.407883
vt 0.745301 0.386965
vt 0.745301 0.407883
vt 0.366211 0.689509
vt 0.366211 0.670744
vt 0.373066 0.670744
vt 0.373066 0.689509
vt 0.320496 0.323592
vt 0.320496 0.302675
vt 0.809845 0.083284
vt 0.817131 0.088732
vt 0.808127 0.090032
vt 0.815832 0.079728
vt 0.822579 0.081446
vt 0.826135 0.087433
vt 0.824417 0.094180
vt 0.818431 0.097736
vt 0.811683 0.096018
vt 0.909716 0.100804
vt 0.918721 0.102104
vt 0.911435 0.107552
vt 0.917421 0.111108
vt 0.924169 0.109390
vt 0.927725 0.103403
vt 0.926007 0.096656
vt 0.920020 0.093100
vt 0.913273 0.094818
vt 0.371291 0.186576
vt 0.371291 0.161149
vt 0.398165 0.161149
vt 0.398165 0.186576
vt 0.371291 0.183997
vt 0.398165 0.183997
vt 0.547853 0.333616
vt 0.518596 0.333616
vt 0.518596 0.302695
vt 0.547853 0.302695
vt 0.371291 0.209424
vt 0.398165 0.209424
vt 0.121153 0.357011
vt 0.142381 0.391294
vt 0.123306 0.403105
vt 0.102078 0.368821
vt 0.873826 0.333561
vt 0.852599 0.367844
vt 0.833524 0.356034
vt 0.854752 0.321750
vt 0.602093 0.685650
vt 0.608011 0.689067
vt 0.599472 0.697606
vt 0.596055 0.691688
vt 0.587806 0.700732
vt 0.587806 0.693898
vt 0.576141 0.697606
vt 0.579557 0.691688
vt 0.567602 0.689067
vt 0.573519 0.685650
vt 0.564474 0.677400
vt 0.571309 0.677400
vt 0.567602 0.665735
vt 0.573519 0.669152
vt 0.576141 0.657197
vt 0.579557 0.663114
vt 0.587806 0.654071
vt 0.587806 0.660904
vt 0.599472 0.657197
vt 0.596055 0.663114
vt 0.608011 0.665735
vt 0.602093 0.669152
vt 0.611137 0.677400
vt 0.604303 0.677400
vt 0.612551 0.691688
vt 0.602093 0.702146
vt 0.587806 0.705976
vt 0.573519 0.702146
vt 0.563060 0.691688
vt 0.559232 0.677400
vt 0.563060 0.663114
vt 0.573519 0.652655
vt 0.587806 0.648827
vt 0.602093 0.652655
vt 0.612551 0.663114
vt 0.616379 0.677400
vt 0.998851 0.251807
vt 0.990988 0.250178
vt 0.990988 0.238651
vt 0.998851 0.241472
vt 0.566549 0.374290
vt 0.559232 0.375806
vt 0.559232 0.361152
vt 0.566549 0.361152
vt 0.559232 0.346500
vt 0.566549 0.348016
vt 0.226769 0.742446
vt 0.218906 0.745265
vt 0.218906 0.733740
vt 0.226769 0.732112
vt 0.218906 0.717995
vt 0.226769 0.717995
vt 0.218906 0.702252
vt 0.226769 0.703880
vt 0.218906 0.690727
vt 0.226769 0.693547
vt 0.424323 0.179762
vt 0.417006 0.181278
vt 0.417006 0.166625
vt 0.424323 0.166625
vt 0.417006 0.151972
vt 0.424323 0.153488
vt 0.998851 0.290374
vt 0.990988 0.293195
vt 0.990988 0.281669
vt 0.998851 0.280039
vt 0.990988 0.265923
vt 0.998851 0.265923
vt 0.904847 0.377645
vt 0.897122 0.377136
vt 0.897122 0.366832
vt 0.904847 0.367712
vt 0.665039 0.121883
vt 0.657851 0.122356
vt 0.657851 0.109257
vt 0.665039 0.109257
vt 0.657851 0.096157
vt 0.665039 0.096631
vt 0.259752 0.181750
vt 0.252028 0.182631
vt 0.252028 0.172327
vt 0.259752 0.171817
vt 0.252028 0.158250
vt 0.259752 0.158250
vt 0.252028 0.144174
vt 0.259752 0.144682
vt 0.252028 0.133869
vt 0.259752 0.134750
vt 0.527893 0.151272
vt 0.520705 0.151745
vt 0.520705 0.138646
vt 0.527893 0.138646
vt 0.520705 0.125546
vt 0.527893 0.126019
vt 0.904847 0.414710
vt 0.897122 0.415591
vt 0.897122 0.405286
vt 0.904847 0.404778
vt 0.897122 0.391211
vt 0.904847 0.391211
vt 0.889398 0.377645
vt 0.889398 0.367712
vt 0.650662 0.121883
vt 0.650662 0.109257
vt 0.650662 0.096631
vt 0.244304 0.181750
vt 0.244304 0.171817
vt 0.244304 0.158250
vt 0.244304 0.144682
vt 0.244304 0.134750
vt 0.513516 0.151272
vt 0.513516 0.138646
vt 0.513516 0.126019
vt 0.889398 0.414710
vt 0.889398 0.404778
vt 0.889398 0.391211
vt 0.678843 0.710841
vt 0.670980 0.712469
vt 0.670980 0.702136
vt 0.678843 0.699315
vt 0.251620 0.396126
vt 0.244304 0.394610
vt 0.244304 0.381474
vt 0.251620 0.381474
vt 0.244304 0.368336
vt 0.251620 0.366821
vt 0.125180 0.751834
vt 0.117316 0.749015
vt 0.117316 0.738680
vt 0.125180 0.740309
vt 0.117316 0.724564
vt 0.125180 0.724564
vt 0.117316 0.710449
vt 0.125180 0.708820
vt 0.117316 0.700116
vt 0.125180 0.697295
vt 0.520834 0.374707
vt 0.513516 0.373192
vt 0.513516 0.360055
vt 0.520834 0.360055
vt 0.513516 0.346920
vt 0.520834 0.345404
vt 0.678843 0.753858
vt 0.670980 0.751038
vt 0.670980 0.740703
vt 0.678843 0.742332
vt 0.670980 0.726587
vt 0.678843 0.726587
vt 0.551597 0.663122
vt 0.547055 0.665743
vt 0.538516 0.657204
vt 0.541138 0.652663
vt 0.526852 0.654078
vt 0.526852 0.648834
vt 0.515185 0.657204
vt 0.512564 0.652663
vt 0.506646 0.665743
vt 0.502106 0.663122
vt 0.503521 0.677409
vt 0.498278 0.677409
vt 0.506646 0.689074
vt 0.502106 0.691696
vt 0.515185 0.697613
vt 0.512564 0.702155
vt 0.526852 0.700739
vt 0.526852 0.705983
vt 0.538516 0.697613
vt 0.541138 0.702155
vt 0.547055 0.689074
vt 0.551597 0.691696
vt 0.550181 0.677409
vt 0.555425 0.677409
vt 0.541138 0.669160
vt 0.535100 0.663122
vt 0.526852 0.660912
vt 0.518602 0.663122
vt 0.512564 0.669160
vt 0.510354 0.677409
vt 0.512564 0.685658
vt 0.518602 0.691696
vt 0.526852 0.693906
vt 0.535100 0.691696
vt 0.541138 0.685658
vt 0.543348 0.677409
vt 0.961740 0.324142
vt 0.958276 0.318142
vt 0.960998 0.315420
vt 0.967000 0.318884
vt 0.961994 0.311702
vt 0.968924 0.311702
vt 0.960998 0.307984
vt 0.967000 0.304519
vt 0.958276 0.305262
vt 0.961740 0.299262
vt 0.954558 0.304266
vt 0.954558 0.297336
vt 0.950840 0.305262
vt 0.947376 0.299262
vt 0.948118 0.307984
vt 0.942118 0.304519
vt 0.947122 0.311702
vt 0.940193 0.311702
vt 0.948118 0.315420
vt 0.942118 0.318884
vt 0.950840 0.318142
vt 0.947376 0.324142
vt 0.954558 0.319138
vt 0.954558 0.326067
vt 0.842320 0.083150
vt 0.835880 0.086868
vt 0.839598 0.080428
vt 0.835880 0.079432
vt 0.832162 0.080428
vt 0.829440 0.083150
vt 0.828444 0.086868
vt 0.829440 0.090586
vt 0.832162 0.093308
vt 0.835880 0.094304
vt 0.839598 0.093308
vt 0.842320 0.090586
vt 0.843317 0.086868
vt 0.382490 0.385982
vt 0.379860 0.387500
vt 0.370804 0.378444
vt 0.372322 0.375815
vt 0.358433 0.375129
vt 0.358433 0.372093
vt 0.346061 0.378444
vt 0.344543 0.375815
vt 0.337006 0.387500
vt 0.334376 0.385982
vt 0.333690 0.399872
vt 0.330655 0.399872
vt 0.337006 0.412242
vt 0.334376 0.413760
vt 0.346061 0.421299
vt 0.344543 0.423927
vt 0.358433 0.424613
vt 0.358433 0.427650
vt 0.370804 0.421299
vt 0.372322 0.423927
vt 0.379860 0.412242
vt 0.382490 0.413760
vt 0.383174 0.399872
vt 0.386211 0.399872
vt 0.484070 0.700676
vt 0.482553 0.698048
vt 0.491608 0.688991
vt 0.494238 0.690509
vt 0.470181 0.704399
vt 0.470181 0.701362
vt 0.456292 0.700676
vt 0.457810 0.698048
vt 0.446124 0.690509
vt 0.448753 0.688991
vt 0.442404 0.676619
vt 0.445439 0.676619
vt 0.446124 0.662731
vt 0.448753 0.664250
vt 0.456292 0.652563
vt 0.457810 0.655193
vt 0.470181 0.648842
vt 0.470181 0.651877
vt 0.484070 0.652563
vt 0.482553 0.655193
vt 0.494238 0.662731
vt 0.491608 0.664248
vt 0.497959 0.676619
vt 0.494923 0.676619
vt 0.811360 0.127972
vt 0.808127 0.127972
vt 0.808127 0.122223
vt 0.811360 0.122223
vt 0.907870 0.092735
vt 0.904637 0.092735
vt 0.904637 0.089759
vt 0.907870 0.089759
vt 0.333663 0.128078
vt 0.330655 0.128078
vt 0.330655 0.120769
vt 0.333663 0.120769
vt 0.003497 0.004271
vt 0.000488 0.004271
vt 0.000488 0.000488
vt 0.003497 0.000488
vt 0.330655 0.113460
vt 0.333663 0.113460
vt 0.003497 0.008055
vt 0.000488 0.008055
vt 0.811360 0.177259
vt 0.808127 0.177259
vt 0.808127 0.171511
vt 0.811360 0.171511
vt 0.669134 0.093690
vt 0.665901 0.093690
vt 0.665901 0.090713
vt 0.669134 0.090713
vt 0.808127 0.163659
vt 0.811360 0.163659
vt 0.669134 0.097755
vt 0.665901 0.097755
vt 0.808127 0.155806
vt 0.811360 0.155806
vt 0.669134 0.101822
vt 0.665901 0.101822
vt 0.808127 0.150058
vt 0.811360 0.150058
vt 0.669134 0.104796
vt 0.665901 0.104796
vt 0.648592 0.116560
vt 0.645583 0.116560
vt 0.645583 0.109253
vt 0.648592 0.109253
vt 0.689227 0.004272
vt 0.686219 0.004272
vt 0.686219 0.000488
vt 0.689227 0.000488
vt 0.645583 0.101946
vt 0.648592 0.101946
vt 0.689227 0.008055
vt 0.686219 0.008055
vt 0.811360 0.149423
vt 0.808127 0.149423
vt 0.808127 0.143675
vt 0.811360 0.143675
vt 0.907870 0.081630
vt 0.904637 0.081630
vt 0.904637 0.078655
vt 0.907870 0.078655
vt 0.808127 0.135824
vt 0.811360 0.135824
vt 0.907870 0.085695
vt 0.904637 0.085695
vt 0.777371 0.414459
vt 0.772570 0.312161
vt 0.821409 0.312161
vt 0.815903 0.414459
vt 0.000488 0.247370
vt 0.000488 0.183031
vt 0.049134 0.183031
vt 0.049134 0.247370
vt 0.000488 0.182396
vt 0.005289 0.080097
vt 0.043819 0.080097
vt 0.049328 0.182396
vt 0.188429 0.690106
vt 0.188429 0.600022
vt 0.226808 0.600022
vt 0.226808 0.690106
vt 0.425883 0.081393
vt 0.413001 0.183362
vt 0.348617 0.183362
vt 0.335734 0.081393
vt 0.090622 0.302651
vt 0.077741 0.404602
vt 0.013368 0.404602
vt 0.000488 0.302651
vt 0.587806 0.677400
vt 0.752866 0.413767
vt 0.752866 0.393168
vt 0.760625 0.393168
vt 0.760625 0.413767
vt 0.765905 0.393168
vt 0.765905 0.413767
vt 0.452563 0.679514
vt 0.452563 0.661035
vt 0.459523 0.661035
vt 0.459523 0.679514
vt 0.300178 0.323272
vt 0.300178 0.302672
vt 0.305872 0.302672
vt 0.305872 0.323272
vt 0.313631 0.302672
vt 0.313631 0.323272
vt 0.318910 0.302672
vt 0.318910 0.323272
vt 0.990988 0.344715
vt 0.990988 0.326236
vt 0.997949 0.326236
vt 0.997949 0.344715
vt 0.747173 0.413767
vt 0.747173 0.393168
vt 0.967757 0.351080
vt 0.963962 0.359348
vt 0.960800 0.350817
vt 0.972492 0.356185
vt 0.972230 0.363144
vt 0.967124 0.367878
vt 0.960166 0.367616
vt 0.955432 0.362510
vt 0.955694 0.355552
vt 0.921409 0.385820
vt 0.918246 0.394351
vt 0.914451 0.386083
vt 0.909716 0.391188
vt 0.909979 0.398146
vt 0.915084 0.402881
vt 0.922042 0.402618
vt 0.926777 0.397512
vt 0.926514 0.390555
vt 0.975750 0.374839
vt 0.975750 0.346011
vt 0.998611 0.346011
vt 0.998611 0.374839
vt 0.367910 0.218752
vt 0.345893 0.218752
vt 0.345893 0.195890
vt 0.367910 0.195890
vt 0.401768 0.212825
vt 0.401768 0.183997
vt 0.424629 0.183997
vt 0.424629 0.212825
vt 0.312036 0.218756
vt 0.290019 0.218756
vt 0.290019 0.195894
vt 0.312036 0.195894
vt 0.509726 0.302675
vt 0.517634 0.330965
vt 0.496027 0.337005
vt 0.488119 0.308715
vt 0.705575 0.240315
vt 0.697667 0.268606
vt 0.676060 0.262565
vt 0.683968 0.234274
vt 0.772570 0.297072
vt 0.805596 0.297072
vt 0.805596 0.310725
vt 0.772570 0.310725
vt 0.523675 0.346037
vt 0.554408 0.346037
vt 0.554408 0.363393
vt 0.523675 0.363393
vt 0.554408 0.380748
vt 0.523675 0.380748
vt 0.706537 0.161788
vt 0.739561 0.161788
vt 0.739561 0.175441
vt 0.706537 0.175441
vt 0.739561 0.194089
vt 0.706537 0.194089
vt 0.739561 0.212739
vt 0.706537 0.212739
vt 0.739561 0.226392
vt 0.706537 0.226392
vt 0.254463 0.185540
vt 0.285197 0.185540
vt 0.285197 0.202895
vt 0.254463 0.202895
vt 0.285197 0.220249
vt 0.254463 0.220249
vt 0.772570 0.246123
vt 0.805596 0.246123
vt 0.805596 0.259776
vt 0.772570 0.259776
vt 0.805596 0.278425
vt 0.772570 0.278425
vt 0.031216 0.249430
vt 0.036547 0.258662
vt 0.027313 0.253332
vt 0.036547 0.248001
vt 0.041876 0.249430
vt 0.045779 0.253332
vt 0.047207 0.258662
vt 0.045779 0.263993
vt 0.041876 0.267896
vt 0.036547 0.269324
vt 0.031216 0.267896
vt 0.027313 0.263993
vt 0.025886 0.258662
vt 0.001917 0.263993
vt 0.011149 0.258662
vt 0.005819 0.267894
vt 0.011149 0.269323
vt 0.016480 0.267894
vt 0.020381 0.263993
vt 0.021811 0.258662
vt 0.020381 0.253332
vt 0.016480 0.249428
vt 0.011149 0.248001
vt 0.005819 0.249428
vt 0.001917 0.253332
vt 0.000488 0.258662
vt 0.868945 0.649198
vt 0.872853 0.655969
vt 0.864659 0.664163
vt 0.857889 0.660255
vt 0.884046 0.645152
vt 0.884046 0.652970
vt 0.899149 0.649198
vt 0.895241 0.655969
vt 0.910206 0.660255
vt 0.903434 0.664163
vt 0.914252 0.675356
vt 0.906434 0.675356
vt 0.910206 0.690459
vt 0.903434 0.686551
vt 0.899149 0.701515
vt 0.895241 0.694745
vt 0.884046 0.705562
vt 0.884046 0.697744
vt 0.868945 0.701515
vt 0.872853 0.694745
vt 0.857889 0.690459
vt 0.864659 0.686551
vt 0.853842 0.675356
vt 0.861660 0.675356
vt 0.624232 0.694135
vt 0.631003 0.690225
vt 0.639197 0.698419
vt 0.635289 0.705190
vt 0.650390 0.701420
vt 0.650390 0.709237
vt 0.661585 0.698419
vt 0.665494 0.705190
vt 0.669778 0.690225
vt 0.676550 0.694135
vt 0.672778 0.679032
vt 0.680595 0.679032
vt 0.669778 0.667839
vt 0.676550 0.663928
vt 0.661585 0.659644
vt 0.665494 0.652874
vt 0.650390 0.656645
vt 0.650390 0.648827
vt 0.639197 0.659644
vt 0.635289 0.652874
vt 0.631003 0.667839
vt 0.624232 0.663928
vt 0.628004 0.679032
vt 0.620186 0.679032
vt 0.869080 0.704920
vt 0.877336 0.704920
vt 0.877336 0.713881
vt 0.869080 0.713881
vt 0.366211 0.396075
vt 0.373895 0.396075
vt 0.373895 0.407463
vt 0.366211 0.407463
vt 0.366211 0.384685
vt 0.373895 0.384685
vt 0.300178 0.739018
vt 0.308434 0.739018
vt 0.308434 0.747977
vt 0.300178 0.747977
vt 0.300178 0.726781
vt 0.308434 0.726781
vt 0.300178 0.714543
vt 0.308434 0.714543
vt 0.300178 0.705584
vt 0.308434 0.705584
vt 0.777650 0.499756
vt 0.785333 0.499756
vt 0.785333 0.511146
vt 0.777650 0.511146
vt 0.777650 0.488368
vt 0.785333 0.488368
vt 0.869080 0.738359
vt 0.877336 0.738359
vt 0.877336 0.747319
vt 0.869080 0.747319
vt 0.869080 0.726120
vt 0.877336 0.726120
vt 0.562409 0.511313
vt 0.554152 0.511313
vt 0.554152 0.502354
vt 0.562409 0.502354
vt 0.104682 0.400502
vt 0.096999 0.400502
vt 0.096999 0.389112
vt 0.104682 0.389112
vt 0.096999 0.377723
vt 0.104682 0.377723
vt 0.999245 0.746758
vt 0.990988 0.746758
vt 0.990988 0.737799
vt 0.999245 0.737799
vt 0.990988 0.725561
vt 0.999245 0.725561
vt 0.990988 0.713321
vt 0.999245 0.713321
vt 0.990988 0.704362
vt 0.999245 0.704362
vt 0.008172 0.406791
vt 0.000488 0.406791
vt 0.000488 0.395402
vt 0.008172 0.395402
vt 0.000488 0.384012
vt 0.008172 0.384012
vt 0.562409 0.544750
vt 0.554152 0.544750
vt 0.554152 0.535791
vt 0.562409 0.535791
vt 0.554152 0.523553
vt 0.562409 0.523553
vt 0.443438 0.313160
vt 0.449300 0.323316
vt 0.445399 0.327219
vt 0.435243 0.321354
vt 0.454631 0.310161
vt 0.454631 0.321888
vt 0.465826 0.313160
vt 0.459962 0.323316
vt 0.474018 0.321354
vt 0.463865 0.327219
vt 0.477019 0.332548
vt 0.465292 0.332548
vt 0.474018 0.343743
vt 0.463865 0.337880
vt 0.465826 0.351937
vt 0.459962 0.341781
vt 0.454631 0.354936
vt 0.454631 0.343209
vt 0.443438 0.351937
vt 0.449300 0.341781
vt 0.435243 0.343743
vt 0.445399 0.337880
vt 0.432245 0.332548
vt 0.443970 0.332548
vt 0.367246 0.313155
vt 0.373108 0.323309
vt 0.369207 0.327212
vt 0.359051 0.321349
vt 0.367777 0.332543
vt 0.356052 0.332543
vt 0.369207 0.337873
vt 0.359051 0.343736
vt 0.373108 0.341775
vt 0.367246 0.351930
vt 0.378439 0.343204
vt 0.378439 0.354929
vt 0.383769 0.341775
vt 0.389634 0.351930
vt 0.387673 0.337873
vt 0.397828 0.343736
vt 0.389100 0.332543
vt 0.400827 0.332543
vt 0.387673 0.327212
vt 0.397828 0.321349
vt 0.383769 0.323309
vt 0.389634 0.313155
vt 0.378439 0.321881
vt 0.378439 0.310155
vt 0.268749 0.171475
vt 0.264622 0.171475
vt 0.264622 0.167207
vt 0.268749 0.167207
vt 0.735775 0.005912
vt 0.731934 0.005912
vt 0.731934 0.000488
vt 0.735775 0.000488
vt 0.735775 0.011336
vt 0.731934 0.011336
vt 0.741142 0.144100
vt 0.737014 0.144100
vt 0.737014 0.139835
vt 0.741142 0.139835
vt 0.741142 0.149927
vt 0.737014 0.149927
vt 0.741142 0.155754
vt 0.737014 0.155754
vt 0.741142 0.160021
vt 0.737014 0.160021
vt 0.740856 0.005911
vt 0.737014 0.005911
vt 0.737014 0.000488
vt 0.740856 0.000488
vt 0.740856 0.011334
vt 0.737014 0.011334
vt 0.268749 0.155550
vt 0.264622 0.155550
vt 0.264622 0.151284
vt 0.268749 0.151284
vt 0.268749 0.161379
vt 0.264622 0.161379
vt 0.244304 0.094571
vt 0.248432 0.094571
vt 0.248432 0.098836
vt 0.244304 0.098836
vt 0.726855 0.000488
vt 0.730697 0.000488
vt 0.730697 0.005911
vt 0.726855 0.005911
vt 0.730697 0.011335
vt 0.726855 0.011335
vt 0.335734 0.122548
vt 0.339863 0.122548
vt 0.339863 0.126815
vt 0.335734 0.126815
vt 0.339863 0.132643
vt 0.335734 0.132643
vt 0.339863 0.138470
vt 0.335734 0.138470
vt 0.339863 0.142736
vt 0.335734 0.142736
vt 0.721775 0.000488
vt 0.725617 0.000488
vt 0.725617 0.005911
vt 0.721775 0.005911
vt 0.725617 0.011335
vt 0.721775 0.011335
vt 0.244304 0.078649
vt 0.248432 0.078651
vt 0.248432 0.082916
vt 0.244304 0.082916
vt 0.248432 0.088744
vt 0.244304 0.088744
vt 0.422086 0.744545
vt 0.434471 0.744545
vt 0.434471 0.756633
vt 0.422086 0.756633
vt 0.500503 0.754425
vt 0.488119 0.754425
vt 0.488119 0.742337
vt 0.500503 0.742337
vt 0.462721 0.654608
vt 0.474246 0.654608
vt 0.474246 0.669973
vt 0.462721 0.669973
vt 0.926321 0.660521
vt 0.914796 0.660521
vt 0.914796 0.645153
vt 0.926321 0.645153
vt 0.474246 0.685341
vt 0.462721 0.685341
vt 0.926321 0.675887
vt 0.914796 0.675887
vt 0.406847 0.699437
vt 0.419231 0.699437
vt 0.419231 0.711526
vt 0.406847 0.711526
vt 0.449708 0.711521
vt 0.437324 0.711521
vt 0.437324 0.699434
vt 0.449708 0.699434
vt 0.419231 0.728037
vt 0.406847 0.728037
vt 0.449708 0.728035
vt 0.437324 0.728035
vt 0.419231 0.744550
vt 0.406847 0.744550
vt 0.449708 0.744549
vt 0.437324 0.744549
vt 0.419231 0.756639
vt 0.406847 0.756639
vt 0.449708 0.756636
vt 0.437324 0.756636
vt 0.823365 0.652175
vt 0.834890 0.652175
vt 0.834890 0.667541
vt 0.823365 0.667541
vt 0.677426 0.517478
vt 0.665901 0.517478
vt 0.665901 0.502111
vt 0.677426 0.502111
vt 0.834890 0.682908
vt 0.823365 0.682908
vt 0.677426 0.532845
vt 0.665901 0.532845
vt 0.422086 0.699436
vt 0.434471 0.699436
vt 0.434471 0.711523
vt 0.422086 0.711523
vt 0.500503 0.709311
vt 0.488119 0.709311
vt 0.488119 0.697223
vt 0.500503 0.697223
vt 0.434471 0.728033
vt 0.422086 0.728033
vt 0.500503 0.725823
vt 0.488119 0.725823
vt 0.872581 0.324199
vt 0.874535 0.320814
vt 0.887022 0.333300
vt 0.883637 0.335254
vt 0.094795 0.370535
vt 0.091410 0.368581
vt 0.103895 0.356093
vt 0.105849 0.359479
vt 0.891593 0.350357
vt 0.887684 0.350357
vt 0.090748 0.385638
vt 0.086840 0.385638
vt 0.887022 0.367414
vt 0.883637 0.365460
vt 0.094795 0.400739
vt 0.091410 0.402695
vt 0.874535 0.379900
vt 0.872581 0.376515
vt 0.105849 0.411796
vt 0.103895 0.415181
vt 0.857480 0.384472
vt 0.857480 0.380562
vt 0.120952 0.415843
vt 0.120952 0.419751
vt 0.840422 0.379900
vt 0.842377 0.376515
vt 0.136056 0.411796
vt 0.138010 0.415181
vt 0.827935 0.367414
vt 0.831320 0.365460
vt 0.147110 0.400739
vt 0.150495 0.402695
vt 0.823365 0.350357
vt 0.827273 0.350357
vt 0.151157 0.385638
vt 0.155067 0.385638
vt 0.827935 0.333300
vt 0.831320 0.335254
vt 0.147110 0.370535
vt 0.150495 0.368581
vt 0.840422 0.320814
vt 0.842377 0.324199
vt 0.136056 0.359479
vt 0.138010 0.356093
vt 0.857480 0.316242
vt 0.857480 0.320152
vt 0.120952 0.355433
vt 0.120952 0.351523
vt 0.488212 0.217939
vt 0.483039 0.212766
vt 0.483039 0.172223
vt 0.488288 0.167051
vt 0.187831 0.416815
vt 0.163226 0.416654
vt 0.163260 0.351530
vt 0.187831 0.351689
vt 0.965640 0.491345
vt 0.965640 0.629820
vt 0.943710 0.641706
vt 0.943710 0.491345
vt 0.511344 0.217939
vt 0.511344 0.167051
vt 0.758658 0.392533
vt 0.736723 0.380645
vt 0.736723 0.242144
vt 0.758658 0.242144
vt 0.209541 0.417010
vt 0.209541 0.351886
vt 0.851474 0.679607
vt 0.845084 0.679843
vt 0.845084 0.656714
vt 0.851474 0.658387
vt 0.787809 0.658387
vt 0.794198 0.656714
vt 0.794198 0.679843
vt 0.787809 0.679607
vt 0.299254 0.693846
vt 0.290019 0.693846
vt 0.290388 0.669843
vt 0.299254 0.669764
vt 0.705614 0.361586
vt 0.696378 0.361586
vt 0.696378 0.337501
vt 0.705614 0.337501
vt 0.217750 0.417130
vt 0.217826 0.352006
vt 0.528757 0.217939
vt 0.528757 0.167051
vt 0.792980 0.645153
vt 0.799370 0.651540
vt 0.787809 0.650323
vt 0.935379 0.491345
vt 0.935417 0.641706
vt 0.930034 0.641706
vt 0.930034 0.491345
vt 0.851474 0.650323
vt 0.839913 0.651540
vt 0.846302 0.645153
vt 0.772336 0.242144
vt 0.772336 0.392533
vt 0.767029 0.392533
vt 0.766991 0.242144
vt 0.990496 0.629820
vt 0.990479 0.491345
vt 0.995823 0.491345
vt 0.995823 0.629820
vt 0.787809 0.703644
vt 0.794198 0.697255
vt 0.799370 0.702426
vt 0.792980 0.708816
vt 0.706537 0.380645
vt 0.706537 0.242144
vt 0.711880 0.242144
vt 0.711899 0.380645
vt 0.846302 0.708816
vt 0.839913 0.702426
vt 0.845084 0.697255
vt 0.851474 0.703644
vt 0.290019 0.664377
vt 0.299254 0.664377
vt 0.705614 0.366971
vt 0.696378 0.366971
vt 0.705614 0.319371
vt 0.696378 0.319371
vt 0.696378 0.313985
vt 0.705614 0.313985
vt 0.299254 0.717360
vt 0.290019 0.717360
vt 0.290019 0.711975
vt 0.299254 0.711975
vt 0.071601 0.696677
vt 0.071640 0.551170
vt 0.124960 0.551170
vt 0.124923 0.696677
vt 0.427165 0.081867
vt 0.480486 0.081867
vt 0.481042 0.215873
vt 0.427723 0.215873
vt 0.386529 0.373153
vt 0.395399 0.373153
vt 0.395399 0.413696
vt 0.386529 0.413696
vt 0.664612 0.409988
vt 0.655742 0.409988
vt 0.655742 0.369445
vt 0.664612 0.369445
vt 0.157952 0.411346
vt 0.157952 0.356801
vt 0.223078 0.357334
vt 0.223078 0.411877
vt 0.533930 0.172223
vt 0.533930 0.212766
vt 0.697844 0.134155
vt 0.692615 0.143211
vt 0.684679 0.135275
vt 0.693736 0.130046
vt 0.681775 0.124435
vt 0.692233 0.124435
vt 0.684679 0.113594
vt 0.693736 0.118823
vt 0.692615 0.105659
vt 0.697844 0.114715
vt 0.703455 0.102754
vt 0.703455 0.113212
vt 0.714298 0.105659
vt 0.709067 0.114715
vt 0.722234 0.113594
vt 0.713175 0.118823
vt 0.725138 0.124435
vt 0.714680 0.124435
vt 0.722234 0.135275
vt 0.713175 0.130046
vt 0.714298 0.143211
vt 0.709067 0.134155
vt 0.703455 0.146118
vt 0.703455 0.135660
vt 0.688124 0.150991
vt 0.676902 0.139766
vt 0.672793 0.124435
vt 0.676902 0.109104
vt 0.688124 0.097881
vt 0.703455 0.093773
vt 0.718788 0.097881
vt 0.730011 0.109104
vt 0.734119 0.124435
vt 0.730011 0.139766
vt 0.718788 0.150991
vt 0.703455 0.155099
vt 0.684679 0.156958
vt 0.670932 0.143211
vt 0.665901 0.124435
vt 0.670932 0.105659
vt 0.684679 0.091912
vt 0.703455 0.086880
vt 0.722234 0.091912
vt 0.735979 0.105659
vt 0.741010 0.124435
vt 0.735979 0.143211
vt 0.722234 0.156958
vt 0.703455 0.161989
vt 0.620274 0.711938
vt 0.610027 0.709816
vt 0.610027 0.694794
vt 0.620274 0.698469
vt 0.990366 0.274873
vt 0.980829 0.276848
vt 0.980829 0.257753
vt 0.990366 0.257753
vt 0.980829 0.238657
vt 0.990366 0.240632
vt 0.010736 0.688442
vt 0.000488 0.692119
vt 0.000488 0.677097
vt 0.010736 0.674974
vt 0.000488 0.656575
vt 0.010736 0.656575
vt 0.000488 0.636055
vt 0.010736 0.638177
vt 0.000488 0.621031
vt 0.010736 0.624707
vt 0.335112 0.111910
vt 0.325575 0.113885
vt 0.325575 0.094789
vt 0.335112 0.094789
vt 0.325575 0.075691
vt 0.335112 0.077668
vt 0.620274 0.762206
vt 0.610027 0.765880
vt 0.610027 0.750858
vt 0.620274 0.748736
vt 0.610027 0.730338
vt 0.620274 0.730338
vt 0.289836 0.679806
vt 0.279770 0.679142
vt 0.279770 0.665713
vt 0.289836 0.666861
vt 0.364631 0.688493
vt 0.355263 0.689110
vt 0.355263 0.672037
vt 0.364631 0.672037
vt 0.355263 0.654966
vt 0.364631 0.655582
vt 0.259359 0.365064
vt 0.249291 0.366212
vt 0.249291 0.352781
vt 0.259359 0.352119
vt 0.249291 0.334437
vt 0.259359 0.334437
vt 0.249291 0.316091
vt 0.259359 0.316753
vt 0.249291 0.302662
vt 0.259359 0.303810
vt 0.430664 0.688483
vt 0.421295 0.689099
vt 0.421295 0.672027
vt 0.430664 0.672027
vt 0.421295 0.654955
vt 0.430664 0.655572
vt 0.289836 0.728114
vt 0.279770 0.729262
vt 0.279770 0.715832
vt 0.289836 0.715169
vt 0.279770 0.697488
vt 0.289836 0.697488
vt 0.269701 0.679806
vt 0.269701 0.666861
vt 0.345893 0.688493
vt 0.345893 0.672037
vt 0.345893 0.655582
vt 0.239224 0.365064
vt 0.239224 0.352119
vt 0.239224 0.334437
vt 0.239224 0.316753
vt 0.239224 0.303810
vt 0.411927 0.688483
vt 0.411927 0.672027
vt 0.411927 0.655572
vt 0.269701 0.728114
vt 0.269701 0.715169
vt 0.269701 0.697488
vt 0.010736 0.566185
vt 0.000488 0.568308
vt 0.000488 0.554838
vt 0.010736 0.551161
vt 0.919252 0.318162
vt 0.909716 0.316187
vt 0.909716 0.299066
vt 0.919252 0.299066
vt 0.909716 0.281943
vt 0.919252 0.279968
vt 0.559320 0.764683
vt 0.549073 0.761009
vt 0.549073 0.747539
vt 0.559320 0.749661
vt 0.549073 0.729141
vt 0.559320 0.729141
vt 0.549073 0.710741
vt 0.559320 0.708618
vt 0.549073 0.697273
vt 0.559320 0.693596
vt 0.269078 0.340851
vt 0.259542 0.338875
vt 0.259542 0.321753
vt 0.269078 0.321753
vt 0.259542 0.304632
vt 0.269078 0.302657
vt 0.010736 0.622250
vt 0.000488 0.618573
vt 0.000488 0.605105
vt 0.010736 0.607228
vt 0.000488 0.586706
vt 0.010736 0.586706
vt 0.975735 0.345430
vt 0.972319 0.339512
vt 0.983448 0.328381
vt 0.989367 0.331797
vt 0.987522 0.313178
vt 0.994357 0.313178
vt 0.983448 0.297975
vt 0.989367 0.294559
vt 0.972319 0.286846
vt 0.975735 0.280927
vt 0.957116 0.282772
vt 0.957116 0.275937
vt 0.941911 0.286846
vt 0.938495 0.280927
vt 0.930782 0.297975
vt 0.924864 0.294559
vt 0.926708 0.313178
vt 0.919875 0.313178
vt 0.930782 0.328381
vt 0.924864 0.331797
vt 0.941911 0.339512
vt 0.938495 0.345430
vt 0.957116 0.343586
vt 0.957116 0.350419
vt 0.967866 0.331797
vt 0.975735 0.323928
vt 0.978616 0.313178
vt 0.975735 0.302428
vt 0.967866 0.294559
vt 0.957116 0.291678
vt 0.946364 0.294559
vt 0.938495 0.302428
vt 0.935614 0.313178
vt 0.938495 0.323928
vt 0.946364 0.331797
vt 0.957116 0.334680
vt 0.563691 0.126667
vt 0.555869 0.131182
vt 0.552322 0.127635
vt 0.556837 0.119815
vt 0.547476 0.126337
vt 0.547476 0.117306
vt 0.542631 0.127635
vt 0.538116 0.119815
vt 0.539083 0.131182
vt 0.531263 0.126667
vt 0.537785 0.136028
vt 0.528755 0.136028
vt 0.539083 0.140873
vt 0.531263 0.145390
vt 0.542631 0.144421
vt 0.538116 0.152243
vt 0.547476 0.145720
vt 0.547476 0.154751
vt 0.552322 0.144421
vt 0.556837 0.152243
vt 0.555869 0.140873
vt 0.563691 0.145390
vt 0.557169 0.136028
vt 0.566199 0.136028
vt 0.703455 0.124435
vt 0.563609 0.288134
vt 0.558764 0.279740
vt 0.567157 0.284586
vt 0.568455 0.279740
vt 0.567157 0.274895
vt 0.563609 0.271347
vt 0.558764 0.270048
vt 0.553918 0.271347
vt 0.550371 0.274895
vt 0.549073 0.279740
vt 0.550371 0.284586
vt 0.553918 0.288134
vt 0.558764 0.289432
vt 0.358917 0.307521
vt 0.360895 0.310948
vt 0.349091 0.322750
vt 0.345664 0.320772
vt 0.344770 0.338875
vt 0.340814 0.338875
vt 0.349091 0.354998
vt 0.345664 0.356976
vt 0.360895 0.366802
vt 0.358917 0.370227
vt 0.377018 0.371121
vt 0.377018 0.375077
vt 0.393141 0.366802
vt 0.395119 0.370227
vt 0.404944 0.354998
vt 0.408370 0.356976
vt 0.409265 0.338875
vt 0.413222 0.338875
vt 0.404944 0.322750
vt 0.408370 0.320772
vt 0.393141 0.310948
vt 0.395119 0.307521
vt 0.377018 0.306627
vt 0.377018 0.302671
vt 0.471313 0.370235
vt 0.469334 0.366807
vt 0.481137 0.355005
vt 0.484564 0.356984
vt 0.453210 0.375085
vt 0.453210 0.371128
vt 0.435109 0.370235
vt 0.437087 0.366807
vt 0.421858 0.356984
vt 0.425283 0.355005
vt 0.417006 0.338881
vt 0.420964 0.338881
vt 0.421858 0.320780
vt 0.425283 0.322758
vt 0.435109 0.307529
vt 0.437087 0.310956
vt 0.453210 0.302679
vt 0.453210 0.306635
vt 0.471313 0.307529
vt 0.469334 0.310954
vt 0.484564 0.320780
vt 0.481137 0.322758
vt 0.489414 0.338881
vt 0.485457 0.338881
vt 0.426299 0.119268
vt 0.422086 0.119268
vt 0.422086 0.111774
vt 0.426299 0.111774
vt 0.573604 0.149696
vt 0.569391 0.149696
vt 0.569391 0.145817
vt 0.573604 0.145817
vt 0.812047 0.196943
vt 0.808127 0.196943
vt 0.808127 0.187419
vt 0.812047 0.187419
vt 0.695220 0.005418
vt 0.691298 0.005418
vt 0.691298 0.000488
vt 0.695220 0.000488
vt 0.808127 0.177894
vt 0.812047 0.177894
vt 0.695220 0.010347
vt 0.691298 0.010347
vt 0.050417 0.115262
vt 0.046204 0.115262
vt 0.046204 0.107770
vt 0.050417 0.107770
vt 0.543127 0.170449
vt 0.538914 0.170449
vt 0.538914 0.166570
vt 0.543127 0.166570
vt 0.046204 0.097535
vt 0.050417 0.097535
vt 0.543127 0.175747
vt 0.538914 0.175747
vt 0.046204 0.087299
vt 0.050417 0.087299
vt 0.543127 0.181045
vt 0.538914 0.181045
vt 0.046204 0.079806
vt 0.050417 0.079806
vt 0.543127 0.184923
vt 0.538914 0.184923
vt 0.705378 0.194856
vt 0.701457 0.194856
vt 0.701457 0.185330
vt 0.705378 0.185330
vt 0.700299 0.005419
vt 0.696378 0.005419
vt 0.696378 0.000488
vt 0.700299 0.000488
vt 0.701457 0.175806
vt 0.705378 0.175806
vt 0.700299 0.010349
vt 0.696378 0.010349
vt 0.426299 0.147230
vt 0.422086 0.147230
vt 0.422086 0.139738
vt 0.426299 0.139738
vt 0.573604 0.135221
vt 0.569391 0.135221
vt 0.569391 0.131342
vt 0.573604 0.131342
vt 0.422086 0.129503
vt 0.426299 0.129503
vt 0.573604 0.140519
vt 0.569391 0.140519
vt 0.127475 0.551162
vt 0.180553 0.551162
vt 0.180553 0.711132
vt 0.127475 0.711132
vt 0.930034 0.647648
vt 0.935342 0.642340
vt 0.988571 0.642340
vt 0.993879 0.647648
vt 0.015727 0.551177
vt 0.068804 0.551177
vt 0.068804 0.696007
vt 0.015727 0.696007
vt 0.772305 0.091659
vt 0.772305 0.241453
vt 0.747567 0.241453
vt 0.747567 0.091659
vt 0.975169 0.275308
vt 0.950434 0.275308
vt 0.950434 0.125515
vt 0.975169 0.125515
vt 0.928485 0.113891
vt 0.928485 0.279344
vt 0.920272 0.279344
vt 0.920272 0.113891
vt 0.802466 0.245488
vt 0.794253 0.245488
vt 0.794253 0.080036
vt 0.802466 0.080036
vt 0.229065 0.605425
vt 0.234474 0.600016
vt 0.288719 0.600016
vt 0.294129 0.605425
vt 0.930034 0.692912
vt 0.930034 0.671631
vt 0.993879 0.671631
vt 0.993879 0.692912
vt 0.229065 0.635228
vt 0.229065 0.613541
vt 0.294129 0.613541
vt 0.294129 0.635228
vt 0.930034 0.700875
vt 0.993879 0.700875
vt 0.229065 0.659672
vt 0.294129 0.659672
vt 0.288719 0.665081
vt 0.234474 0.665081
vt 0.914796 0.279344
vt 0.914796 0.113891
vt 0.807940 0.080036
vt 0.807940 0.245488
vt 0.980643 0.125515
vt 0.980643 0.275308
vt 0.742093 0.241453
vt 0.742093 0.091659
vt 0.988571 0.706185
vt 0.935342 0.706185
vt 0.701844 0.396267
vt 0.701844 0.411406
vt 0.696571 0.411406
vt 0.696571 0.396267
vt 0.691298 0.411406
vt 0.691298 0.396267
vt 0.665901 0.548620
vt 0.665901 0.533480
vt 0.671173 0.533480
vt 0.671173 0.548620
vt 0.676446 0.533480
vt 0.676446 0.548620
vt 0.025886 0.420376
vt 0.025886 0.405237
vt 0.031158 0.405237
vt 0.031158 0.420376
vt 0.036431 0.405237
vt 0.036431 0.420376
vt 0.376756 0.654969
vt 0.376756 0.670109
vt 0.371483 0.670109
vt 0.371483 0.654969
vt 0.366211 0.670109
vt 0.366211 0.654969
vt 0.705632 0.169260
vt 0.698465 0.169260
vt 0.703533 0.164192
vt 0.703533 0.174328
vt 0.698465 0.176427
vt 0.693398 0.174328
vt 0.691298 0.169260
vt 0.693398 0.164192
vt 0.698465 0.162093
vt 0.287039 0.304763
vt 0.292106 0.309831
vt 0.284939 0.309831
vt 0.287039 0.314899
vt 0.292106 0.316998
vt 0.297174 0.314899
vt 0.299273 0.309831
vt 0.297174 0.304763
vt 0.292106 0.302663
vt 0.625265 0.536537
vt 0.625265 0.502160
vt 0.643963 0.502160
vt 0.643963 0.536537
vt 0.659202 0.678783
vt 0.640504 0.678783
vt 0.640504 0.660085
vt 0.659202 0.660085
vt 0.584629 0.536474
vt 0.584629 0.502097
vt 0.603327 0.502097
vt 0.603327 0.536474
vt 0.310337 0.724282
vt 0.310337 0.705584
vt 0.329035 0.705584
vt 0.329035 0.724282
vt 0.725235 0.381280
vt 0.725235 0.415657
vt 0.706537 0.415657
vt 0.706537 0.381280
vt 0.664281 0.502352
vt 0.664281 0.536729
vt 0.645583 0.536729
vt 0.645583 0.502352
vt 0.082146 0.405237
vt 0.082146 0.420376
vt 0.076873 0.420376
vt 0.076873 0.405237
vt 0.071601 0.420376
vt 0.071601 0.405237
vt 0.041124 0.420376
vt 0.041124 0.405237
vt 0.046397 0.405237
vt 0.046397 0.420376
vt 0.051669 0.405237
vt 0.051669 0.420376
vt 0.010647 0.420376
vt 0.010647 0.405237
vt 0.015920 0.405237
vt 0.015920 0.420376
vt 0.021192 0.405237
vt 0.021192 0.420376
vt 0.066908 0.405237
vt 0.066908 0.420376
vt 0.061635 0.420376
vt 0.061635 0.405237
vt 0.056363 0.420376
vt 0.056363 0.405237
vt 0.736109 0.234187
vt 0.728942 0.234187
vt 0.734010 0.229119
vt 0.734010 0.239255
vt 0.728942 0.241355
vt 0.723874 0.239255
vt 0.721775 0.234187
vt 0.723874 0.229119
vt 0.728942 0.227020
vt 0.271800 0.304761
vt 0.276868 0.309829
vt 0.269701 0.309829
vt 0.271800 0.314897
vt 0.276868 0.316996
vt 0.281935 0.314897
vt 0.284035 0.309829
vt 0.281935 0.304761
vt 0.276868 0.302662
vt 0.643800 0.727292
vt 0.625265 0.727292
vt 0.625265 0.708594
vt 0.643800 0.708594
vt 0.969050 0.725518
vt 0.950352 0.725518
vt 0.950352 0.706820
vt 0.969050 0.706820
vt 0.989205 0.725518
vt 0.970670 0.725518
vt 0.970670 0.706820
vt 0.989205 0.706820
vt 0.930034 0.725518
vt 0.930034 0.706820
vt 0.948732 0.706820
vt 0.948732 0.725518
vt 0.803047 0.709451
vt 0.821582 0.709451
vt 0.821582 0.728149
vt 0.803047 0.728149
vt 0.782729 0.709451
vt 0.801264 0.709451
vt 0.801264 0.728149
vt 0.782729 0.728149
vt 0.147781 0.104544
vt 0.097839 0.104543
vt 0.097840 0.079806
vt 0.147781 0.079807
vt 0.194333 0.104545
vt 0.194334 0.079808
vt 0.244274 0.104546
vt 0.244275 0.079809
vt 0.051286 0.104542
vt 0.051286 0.079805
vt 0.088328 0.104543
vt 0.060797 0.104543
vt 0.344831 0.195255
vt 0.317301 0.195258
vt 0.317299 0.184002
vt 0.344830 0.184000
vt 0.244274 0.115802
vt 0.194333 0.115801
vt 0.147780 0.115800
vt 0.097839 0.115799
vt 0.244273 0.189676
vt 0.194332 0.189675
vt 0.147779 0.189674
vt 0.097838 0.189672
vt 0.690607 0.368101
vt 0.690609 0.395632
vt 0.677944 0.395633
vt 0.677943 0.368102
vt 0.244272 0.202340
vt 0.194331 0.202339
vt 0.147779 0.202338
vt 0.097837 0.202337
vt 0.194331 0.220595
vt 0.244272 0.220596
vt 0.147778 0.220594
vt 0.097837 0.220593
vt 0.344833 0.207298
vt 0.317302 0.207300
vt 0.305258 0.195259
vt 0.305257 0.184004
vt 0.317298 0.171961
vt 0.344829 0.171958
vt 0.356872 0.183998
vt 0.356873 0.195254
vt 0.702650 0.368100
vt 0.702651 0.395631
vt 0.690610 0.407673
vt 0.677945 0.407674
vt 0.665903 0.395633
vt 0.665901 0.368102
vt 0.677942 0.356060
vt 0.690607 0.356060
vt 0.051285 0.115798
vt 0.060797 0.115798
vt 0.088328 0.115799
vt 0.088326 0.189672
vt 0.060795 0.189672
vt 0.051284 0.189672
vt 0.253786 0.104547
vt 0.253786 0.115803
vt 0.366383 0.183997
vt 0.366384 0.195253
vt 0.051284 0.202336
vt 0.060795 0.202336
vt 0.088326 0.202337
vt 0.051283 0.220592
vt 0.253784 0.189676
vt 0.253784 0.202340
vt 0.677941 0.346549
vt 0.690606 0.346548
vt 0.387367 0.698813
vt 0.340814 0.698810
vt 0.345218 0.693348
vt 0.382964 0.693350
vt 0.340817 0.648869
vt 0.345220 0.654332
vt 0.387369 0.648871
vt 0.382966 0.654334
vt 0.787810 0.528741
vt 0.787811 0.490995
vt 0.928596 0.490996
vt 0.928595 0.528742
vt 0.787809 0.644517
vt 0.787810 0.605502
vt 0.928595 0.605503
vt 0.928595 0.644518
vt 0.787810 0.567756
vt 0.928595 0.567757
vt 0.391614 0.698804
vt 0.391609 0.648863
vt 0.396013 0.654325
vt 0.396017 0.693341
vt 0.391609 0.648863
vt 0.438162 0.648858
vt 0.433759 0.654321
vt 0.396013 0.654325
vt 0.438167 0.698799
vt 0.433763 0.693337
vt 0.437329 0.375710
vt 0.477772 0.375715
vt 0.477767 0.413595
vt 0.437324 0.413590
vt 0.351359 0.699446
vt 0.351359 0.751887
vt 0.346086 0.751887
vt 0.346086 0.699446
vt 0.340814 0.751887
vt 0.340814 0.699446
vt 0.503357 0.756858
vt 0.503357 0.704417
vt 0.508630 0.704417
vt 0.508630 0.756858
vt 0.513902 0.704417
vt 0.513902 0.756858
vt 0.894478 0.755834
vt 0.894478 0.703391
vt 0.899750 0.703391
vt 0.899750 0.755834
vt 0.905023 0.703391
vt 0.905023 0.755834
vt 0.544379 0.704736
vt 0.544379 0.757178
vt 0.539107 0.757178
vt 0.539107 0.704736
vt 0.533834 0.757178
vt 0.533834 0.704736
vt 0.873255 0.367783
vt 0.866088 0.367783
vt 0.871156 0.362715
vt 0.871156 0.372851
vt 0.866088 0.374950
vt 0.861020 0.372851
vt 0.858921 0.367783
vt 0.861020 0.362715
vt 0.866088 0.360616
vt 0.708636 0.229120
vt 0.713704 0.234188
vt 0.706537 0.234188
vt 0.708636 0.239255
vt 0.713704 0.241355
vt 0.718771 0.239255
vt 0.720871 0.234188
vt 0.718771 0.229120
vt 0.713704 0.227020
vt 0.604947 0.539726
vt 0.604947 0.501932
vt 0.623645 0.501932
vt 0.623645 0.539726
vt 0.909716 0.747618
vt 0.909716 0.691544
vt 0.928415 0.691544
vt 0.928415 0.747618
vt 0.869080 0.419780
vt 0.869080 0.381986
vt 0.887779 0.381986
vt 0.887779 0.419780
vt 0.096999 0.753387
vt 0.096999 0.697312
vt 0.115696 0.697312
vt 0.115696 0.753387
vt 0.229065 0.665716
vt 0.266859 0.665716
vt 0.266859 0.721791
vt 0.229065 0.721791
vt 0.300178 0.648874
vt 0.337972 0.648874
vt 0.337972 0.704949
vt 0.300178 0.704949
vt 0.402154 0.699439
vt 0.402154 0.751880
vt 0.396881 0.751880
vt 0.396881 0.699439
vt 0.391609 0.751880
vt 0.391609 0.699439
vt 0.564311 0.756850
vt 0.564311 0.704408
vt 0.569584 0.704408
vt 0.569584 0.756850
vt 0.574856 0.704408
vt 0.574856 0.756850
vt 0.371291 0.751889
vt 0.371291 0.699448
vt 0.376563 0.699448
vt 0.376563 0.751889
vt 0.381836 0.699448
vt 0.381836 0.751889
vt 0.605333 0.704728
vt 0.605333 0.757170
vt 0.600061 0.757170
vt 0.600061 0.704728
vt 0.594788 0.757170
vt 0.594788 0.704728
vt 0.619281 0.277209
vt 0.612114 0.277209
vt 0.617181 0.272141
vt 0.617181 0.282277
vt 0.612114 0.284376
vt 0.607046 0.282277
vt 0.604947 0.277209
vt 0.607046 0.272141
vt 0.612114 0.270042
vt 0.662920 0.243402
vt 0.667988 0.248471
vt 0.660821 0.248471
vt 0.662920 0.253538
vt 0.667988 0.255637
vt 0.673056 0.253538
vt 0.675155 0.248471
vt 0.673056 0.243402
vt 0.667988 0.241303
vt 0.669197 0.728486
vt 0.650662 0.728486
vt 0.650662 0.709788
vt 0.669197 0.709788
vt 0.036045 0.752718
vt 0.036045 0.696642
vt 0.054743 0.696642
vt 0.054743 0.752718
vt 0.841900 0.728149
vt 0.823365 0.728149
vt 0.823365 0.709451
vt 0.841900 0.709451
vt 0.056363 0.753387
vt 0.056363 0.697312
vt 0.075061 0.697312
vt 0.075061 0.753387
vt 0.980829 0.181956
vt 0.999364 0.181956
vt 0.999364 0.238030
vt 0.980829 0.238030
vt 0.980829 0.125245
vt 0.999364 0.125245
vt 0.999364 0.181321
vt 0.980829 0.181321
vt 0.366597 0.699447
vt 0.366597 0.751888
vt 0.361324 0.751888
vt 0.361324 0.699447
vt 0.356052 0.751888
vt 0.356052 0.699447
vt 0.472880 0.756741
vt 0.472880 0.704299
vt 0.478153 0.704299
vt 0.478153 0.756741
vt 0.483425 0.704299
vt 0.483425 0.756741
vt 0.853842 0.754638
vt 0.853842 0.702197
vt 0.859114 0.702197
vt 0.859114 0.754638
vt 0.864387 0.702197
vt 0.864387 0.754638
vt 0.463107 0.704406
vt 0.463107 0.756847
vt 0.457835 0.756847
vt 0.457835 0.704406
vt 0.452563 0.756847
vt 0.452563 0.704406
vt 0.421181 0.309842
vt 0.414014 0.309842
vt 0.419082 0.304774
vt 0.419082 0.314910
vt 0.414014 0.317009
vt 0.408946 0.314910
vt 0.406847 0.309842
vt 0.408946 0.304774
vt 0.414014 0.302675
vt 0.246403 0.118531
vt 0.251470 0.123600
vt 0.244304 0.123600
vt 0.246403 0.128667
vt 0.251470 0.130766
vt 0.256538 0.128667
vt 0.258637 0.123600
vt 0.256538 0.118531
vt 0.251470 0.116432
vt 0.803047 0.686552
vt 0.803047 0.652175
vt 0.821746 0.652175
vt 0.821746 0.686552
vt 0.076681 0.753385
vt 0.076681 0.697312
vt 0.095379 0.697312
vt 0.095379 0.753385
vt 0.564311 0.536671
vt 0.564311 0.502294
vt 0.583010 0.502294
vt 0.583010 0.536671
vt 0.223986 0.422357
vt 0.223986 0.366283
vt 0.242684 0.366283
vt 0.242684 0.422357
vt 0.183350 0.690741
vt 0.217727 0.690741
vt 0.217727 0.746815
vt 0.183350 0.746815
vt 0.000488 0.696642
vt 0.034865 0.696642
vt 0.034865 0.752718
vt 0.000488 0.752718
vt 0.716779 0.556525
vt 0.748481 0.557345
vt 0.751268 0.592954
vt 0.719509 0.587660
vt 0.719364 0.655274
vt 0.714109 0.689066
vt 0.686835 0.684203
vt 0.687913 0.651412
vt 0.687706 0.620186
vt 0.720935 0.622040
vt 0.686985 0.589680
vt 0.686008 0.559606
vt 0.752529 0.627958
vt 0.751184 0.662646
vt 0.746792 0.696367
vt 0.684050 0.531598
vt 0.713003 0.531798
vt 0.685895 0.498198
vt 0.699833 0.496557
vt 0.708456 0.509655
vt 0.681139 0.502949
vt 0.730212 0.492926
vt 0.739363 0.506618
vt 0.744757 0.529369
vt 0.770035 0.488239
vt 0.774040 0.494543
vt 0.778202 0.521739
vt 0.781130 0.550551
vt 0.784580 0.598885
vt 0.786748 0.634220
vt 0.786071 0.671018
vt 0.778990 0.706448
vt 0.182309 0.270135
vt 0.206071 0.270138
vt 0.206069 0.286082
vt 0.182307 0.286080
vt 0.133804 0.270131
vt 0.161944 0.270133
vt 0.161942 0.286078
vt 0.133802 0.286075
vt 0.107019 0.270128
vt 0.107018 0.286073
vt 0.080847 0.270126
vt 0.080846 0.286070
vt 0.055039 0.270123
vt 0.055037 0.286068
vt 0.234795 0.270140
vt 0.234793 0.286085
vt 0.030958 0.270121
vt 0.030956 0.286065
vt 0.534060 0.270169
vt 0.546097 0.270171
vt 0.546096 0.286116
vt 0.534058 0.286114
vt 0.000492 0.270117
vt 0.006258 0.270118
vt 0.006256 0.286062
vt 0.000490 0.286062
vt 0.507818 0.270167
vt 0.507817 0.286111
vt 0.473426 0.270163
vt 0.473424 0.286108
vt 0.467019 0.270163
vt 0.467018 0.286108
vt 0.443421 0.270161
vt 0.443420 0.286105
vt 0.418582 0.270158
vt 0.418581 0.286103
vt 0.377019 0.270154
vt 0.377018 0.286098
vt 0.346655 0.270151
vt 0.346653 0.286096
vt 0.315087 0.270148
vt 0.315086 0.286092
vt 0.284098 0.270146
vt 0.284097 0.286090
vt 0.263732 0.270143
vt 0.263731 0.286087
vt 0.845068 0.251983
vt 0.847526 0.220825
vt 0.879239 0.215255
vt 0.876762 0.250886
vt 0.846789 0.153216
vt 0.815374 0.157351
vt 0.814009 0.124572
vt 0.841239 0.119470
vt 0.848651 0.186435
vt 0.815441 0.188579
vt 0.814985 0.219089
vt 0.814271 0.249170
vt 0.880193 0.180241
vt 0.878545 0.145566
vt 0.873857 0.111883
vt 0.812559 0.277194
vt 0.841508 0.276742
vt 0.814696 0.310579
vt 0.809897 0.305868
vt 0.837155 0.298924
vt 0.828647 0.312096
vt 0.868087 0.301691
vt 0.859056 0.315462
vt 0.873282 0.278894
vt 0.902869 0.313463
vt 0.898919 0.319801
vt 0.906793 0.286231
vt 0.909468 0.257395
vt 0.912496 0.209032
vt 0.914356 0.173679
vt 0.913356 0.136889
vt 0.905965 0.101522
vt 0.182306 0.302024
vt 0.206068 0.302026
vt 0.133800 0.302020
vt 0.161940 0.302022
vt 0.107017 0.302017
vt 0.080844 0.302014
vt 0.055035 0.302012
vt 0.234792 0.302029
vt 0.030954 0.302009
vt 0.534057 0.302058
vt 0.546095 0.302060
vt 0.000488 0.302006
vt 0.006255 0.302007
vt 0.507815 0.302056
vt 0.473422 0.302052
vt 0.467017 0.302052
vt 0.443419 0.302050
vt 0.418579 0.302047
vt 0.377017 0.302043
vt 0.346652 0.302040
vt 0.315085 0.302037
vt 0.284095 0.302034
vt 0.263730 0.302032
vt 0.708428 0.712121
vt 0.681154 0.707258
vt 0.741111 0.719422
vt 0.773308 0.729501
vt 0.808127 0.101568
vt 0.835357 0.096466
vt 0.867975 0.088879
vt 0.900083 0.078519
vt 0.018644 0.453061
vt 0.044285 0.445235
vt 0.043825 0.496826
vt 0.012709 0.495641
vt 0.000488 0.492094
vt 0.002007 0.454032
vt 0.009511 0.453872
vt 0.007998 0.491645
vt 0.003098 0.424042
vt 0.011776 0.422748
vt 0.021963 0.434464
vt 0.358421 0.501575
vt 0.367723 0.446452
vt 0.415567 0.449580
vt 0.406392 0.501578
vt 0.045531 0.423038
vt 0.113339 0.423046
vt 0.112048 0.447839
vt 0.360808 0.429020
vt 0.377827 0.429312
vt 0.391493 0.423199
vt 0.418932 0.421649
vt 0.316387 0.444994
vt 0.322646 0.426986
vt 0.251071 0.424254
vt 0.258103 0.444861
vt 0.111535 0.497584
vt 0.223700 0.499610
vt 0.306784 0.501066
vt 0.447273 0.451567
vt 0.451883 0.500233
vt 0.446932 0.420975
vt 0.492345 0.452819
vt 0.487849 0.424273
vt 0.487177 0.500838
vt 0.487821 0.411780
vt 0.520770 0.410942
vt 0.521867 0.426011
vt 0.546551 0.410156
vt 0.542089 0.424626
vt 0.519965 0.452813
vt 0.548478 0.455899
vt 0.518731 0.500579
vt 0.558167 0.501719
vt 0.615998 0.455902
vt 0.614356 0.501175
vt 0.637935 0.501439
vt 0.647866 0.455747
vt 0.681503 0.455582
vt 0.662822 0.501718
vt 0.612215 0.424097
vt 0.647009 0.425255
vt 0.683733 0.426478
vt 0.592141 0.409291
vt 0.621455 0.409054
vt 0.653409 0.410204
vt 0.504918 0.371185
vt 0.523738 0.384204
vt 0.487750 0.379547
vt 0.495428 0.369291
vt 0.500111 0.348596
vt 0.508681 0.353649
vt 0.501970 0.341126
vt 0.511015 0.346569
vt 0.507792 0.336344
vt 0.515920 0.343974
vt 0.525952 0.335791
vt 0.528692 0.344001
vt 0.540444 0.336328
vt 0.542127 0.344616
vt 0.554030 0.344916
vt 0.554274 0.336277
vt 0.569275 0.346330
vt 0.570975 0.336851
vt 0.576242 0.337710
vt 0.573361 0.348897
vt 0.584552 0.340349
vt 0.575318 0.352388
vt 0.574510 0.371485
vt 0.586013 0.367168
vt 0.583070 0.373679
vt 0.573975 0.378953
vt 0.617975 0.388334
vt 0.619214 0.376091
vt 0.644626 0.382920
vt 0.644690 0.399550
vt 0.520388 0.405700
vt 0.487812 0.407434
vt 0.548103 0.405122
vt 0.544771 0.386007
vt 0.585158 0.404140
vt 0.567604 0.383802
vt 0.612565 0.403418
vt 0.642860 0.404542
vt 0.645500 0.404029
vt 0.647522 0.403636
vt 0.652782 0.408453
vt 0.653054 0.409212
vt 0.659314 0.411328
vt 0.682828 0.414168
vt 0.623609 0.357982
vt 0.653503 0.371478
vt 0.632402 0.351385
vt 0.659392 0.364584
vt 0.641290 0.341490
vt 0.670431 0.353058
vt 0.647688 0.331107
vt 0.676865 0.344950
vt 0.654543 0.318102
vt 0.684734 0.334768
vt 0.663389 0.301548
vt 0.694081 0.319890
vt 0.671222 0.279803
vt 0.702714 0.295732
vt 0.673942 0.274133
vt 0.705477 0.287561
vt 0.597139 0.334140
vt 0.603217 0.326376
vt 0.609566 0.313020
vt 0.615098 0.296328
vt 0.623288 0.277584
vt 0.630077 0.258990
vt 0.632741 0.256588
vt 0.704063 0.278269
vt 0.705052 0.281783
vt 0.634227 0.251542
vt 0.630661 0.255503
vt 0.637201 0.251418
vt 0.677325 0.267144
vt 0.691922 0.272465
vt 0.688368 0.491151
vt 0.674632 0.500804
vt 0.718006 0.490534
vt 0.731201 0.458150
vt 0.724101 0.431273
vt 0.723745 0.418083
vt 0.733618 0.430273
vt 0.737480 0.453799
vt 0.735277 0.420063
vt 0.727238 0.487228
vt 0.749230 0.454589
vt 0.747222 0.487402
vt 0.751731 0.429221
vt 0.751851 0.422199
vt 0.838576 0.460574
vt 0.839140 0.488151
vt 0.838386 0.441387
vt 0.838389 0.423476
vt 0.888290 0.489200
vt 0.887966 0.459859
vt 0.888548 0.437971
vt 0.887753 0.424116
vt 0.919878 0.490362
vt 0.912938 0.461321
vt 0.910272 0.436071
vt 0.909438 0.424488
vt 0.921071 0.413430
vt 0.937139 0.435499
vt 0.941247 0.460980
vt 0.945501 0.489975
vt 0.931019 0.406088
vt 0.949836 0.424252
vt 0.942027 0.395619
vt 0.964670 0.396100
vt 0.962314 0.437170
vt 0.966742 0.396710
vt 0.974737 0.435524
vt 0.953734 0.383310
vt 0.957796 0.377628
vt 0.963654 0.377325
vt 0.979967 0.377515
vt 0.998515 0.386144
vt 0.997337 0.379074
vt 0.955283 0.461633
vt 0.982559 0.461275
vt 0.995567 0.425551
vt 0.964288 0.490710
vt 0.994679 0.489372
vt 0.999511 0.484703
vt 0.254197 0.405597
vt 0.319475 0.408604
vt 0.260350 0.383239
vt 0.322960 0.392704
vt 0.267079 0.359631
vt 0.327843 0.378299
vt 0.273124 0.341296
vt 0.326858 0.363447
vt 0.279671 0.322495
vt 0.332834 0.351290
vt 0.284903 0.317304
vt 0.331064 0.338456
vt 0.339801 0.343280
vt 0.339312 0.349268
vt 0.332880 0.364103
vt 0.330492 0.370873
vt 0.278731 0.320566
vt 0.280656 0.317305
vt 0.272995 0.338277
vt 0.277713 0.322775
vt 0.000488 0.502313
vt 0.035589 0.502308
vt 0.035593 0.526424
vt 0.000491 0.526429
vt 0.386831 0.551129
vt 0.414704 0.551125
vt 0.414707 0.575241
vt 0.386834 0.575245
vt 0.420209 0.551124
vt 0.420212 0.575240
vt 0.424729 0.551123
vt 0.424732 0.575239
vt 0.364872 0.551131
vt 0.364876 0.575247
vt 0.358452 0.551132
vt 0.358455 0.575248
vt 0.447513 0.551120
vt 0.447517 0.575236
vt 0.333752 0.551136
vt 0.333755 0.575252
vt 0.284136 0.551142
vt 0.284138 0.575258
vt 0.382136 0.221212
vt 0.394591 0.221210
vt 0.394594 0.245326
vt 0.382139 0.245328
vt 0.371180 0.221213
vt 0.371184 0.245329
vt 0.351072 0.221216
vt 0.351075 0.245332
vt 0.422555 0.221207
vt 0.422558 0.245323
vt 0.183350 0.551156
vt 0.183353 0.575272
vt 0.497062 0.551114
vt 0.579148 0.551103
vt 0.579151 0.575219
vt 0.497065 0.575230
vt 0.639952 0.551095
vt 0.639955 0.575211
vt 0.677738 0.551090
vt 0.677741 0.575206
vt 0.068891 0.502304
vt 0.068893 0.526419
vt 0.330577 0.221219
vt 0.330580 0.245335
vt 0.300540 0.221223
vt 0.300544 0.245339
vt 0.094719 0.502300
vt 0.094722 0.526416
vt 0.291399 0.221224
vt 0.291402 0.245340
vt 0.192311 0.350896
vt 0.176865 0.350895
vt 0.176865 0.326780
vt 0.192311 0.326780
vt 0.117808 0.502297
vt 0.117812 0.526413
vt 0.146676 0.502294
vt 0.146679 0.526409
vt 0.187793 0.502288
vt 0.187796 0.526404
vt 0.205047 0.502286
vt 0.223258 0.502283
vt 0.223261 0.526399
vt 0.205050 0.526401
vt 0.209096 0.350896
vt 0.209096 0.326780
vt 0.214954 0.350896
vt 0.214954 0.326780
vt 0.160119 0.350895
vt 0.160119 0.326780
vt 0.258439 0.221229
vt 0.267813 0.221227
vt 0.267816 0.245343
vt 0.258442 0.245344
vt 0.242912 0.221231
vt 0.242916 0.245346
vt 0.146995 0.350895
vt 0.146995 0.326779
vt 0.141541 0.350895
vt 0.141541 0.326779
vt 0.237280 0.221231
vt 0.237283 0.245347
vt 0.231768 0.221232
vt 0.231771 0.245348
vt 0.137480 0.350895
vt 0.137480 0.326779
vt 0.218473 0.221234
vt 0.218476 0.245350
vt 0.128134 0.350895
vt 0.128135 0.326779
vt 0.207861 0.221235
vt 0.207864 0.245351
vt 0.118294 0.350895
vt 0.118294 0.326779
vt 0.109581 0.350895
vt 0.109581 0.326779
vt 0.197742 0.221237
vt 0.197745 0.245352
vt 0.098378 0.350895
vt 0.098378 0.326779
vt 0.185514 0.221238
vt 0.185518 0.245354
vt 0.181609 0.221239
vt 0.181612 0.245354
vt 0.094847 0.350895
vt 0.094847 0.326779
vt 0.175230 0.221240
vt 0.175233 0.245356
vt 0.091919 0.350895
vt 0.091919 0.326779
vt 0.234420 0.350896
vt 0.220434 0.350896
vt 0.220434 0.326780
vt 0.234420 0.326780
vt 0.571673 0.599972
vt 0.583841 0.599970
vt 0.583844 0.624086
vt 0.571675 0.624087
vt 0.288219 0.221224
vt 0.288221 0.245340
vt 0.568035 0.599972
vt 0.568038 0.624088
vt 0.562816 0.599973
vt 0.562819 0.624089
vt 0.562226 0.599973
vt 0.562229 0.624089
vt 0.539726 0.599976
vt 0.557057 0.599973
vt 0.557060 0.624089
vt 0.539729 0.624092
vt 0.561455 0.599973
vt 0.561458 0.624089
vt 0.594438 0.599969
vt 0.594442 0.624084
vt 0.164959 0.221241
vt 0.164963 0.245356
vt 0.601072 0.599968
vt 0.601075 0.624084
vt 0.157744 0.221242
vt 0.157747 0.245358
vt 0.612751 0.599966
vt 0.612754 0.624082
vt 0.620324 0.599965
vt 0.620328 0.624081
vt 0.146924 0.221243
vt 0.146927 0.245359
vt 0.629740 0.599964
vt 0.629743 0.624080
vt 0.134056 0.221245
vt 0.134060 0.245361
vt 0.119088 0.221247
vt 0.119092 0.245363
vt 0.642597 0.599962
vt 0.642600 0.624079
vt 0.661368 0.599959
vt 0.661371 0.624076
vt 0.104604 0.221249
vt 0.104607 0.245364
vt 0.101980 0.221249
vt 0.101983 0.245365
vt 0.667680 0.599959
vt 0.667683 0.624075
vt 0.671919 0.599958
vt 0.674591 0.599958
vt 0.674594 0.624074
vt 0.671922 0.624074
vt 0.100263 0.221249
vt 0.100266 0.245365
vt 0.096364 0.221250
vt 0.096367 0.245366
vt 0.062652 0.221254
vt 0.094185 0.221250
vt 0.094188 0.245366
vt 0.062655 0.245370
vt 0.051283 0.221256
vt 0.051286 0.245372
vt 0.684437 0.599957
vt 0.684440 0.624073
vt 0.231926 0.502282
vt 0.244211 0.502281
vt 0.244214 0.526396
vt 0.231929 0.526397
vt 0.265901 0.502278
vt 0.265904 0.526393
vt 0.509650 0.599980
vt 0.509652 0.624096
vt 0.501087 0.599981
vt 0.501091 0.624097
vt 0.273077 0.502276
vt 0.273080 0.526392
vt 0.287700 0.502275
vt 0.287704 0.526390
vt 0.488858 0.599983
vt 0.488862 0.624098
vt 0.354961 0.502265
vt 0.354964 0.526381
vt 0.425530 0.599991
vt 0.425533 0.624107
vt 0.390933 0.502261
vt 0.390936 0.526376
vt 0.389406 0.599996
vt 0.389410 0.624111
vt 0.414061 0.502257
vt 0.414064 0.526373
vt 0.373537 0.599998
vt 0.373540 0.624114
vt 0.361793 0.600000
vt 0.361796 0.624116
vt 0.432812 0.502255
vt 0.432816 0.526371
vt 0.352746 0.600000
vt 0.352749 0.624117
vt 0.341630 0.600002
vt 0.341633 0.624118
vt 0.329200 0.600004
vt 0.329203 0.624119
vt 0.319797 0.600005
vt 0.324089 0.600005
vt 0.324092 0.624120
vt 0.319800 0.624121
vt 0.307859 0.600007
vt 0.307863 0.624122
vt 0.546040 0.502240
vt 0.551284 0.502239
vt 0.551287 0.526355
vt 0.546042 0.526356
vt 0.295098 0.600008
vt 0.295101 0.624125
vt 0.517124 0.502243
vt 0.517127 0.526359
vt 0.446570 0.502253
vt 0.446573 0.526369
vt 0.468829 0.502250
vt 0.468833 0.526366
vt 0.473745 0.502249
vt 0.473748 0.526365
vt 0.436203 0.221205
vt 0.436207 0.245320
vt 0.602973 0.221183
vt 0.616814 0.221181
vt 0.616817 0.245297
vt 0.602975 0.245299
vt 0.586004 0.221185
vt 0.586008 0.245301
vt 0.448114 0.221204
vt 0.448117 0.245319
vt 0.568042 0.221188
vt 0.568044 0.245304
vt 0.459243 0.221202
vt 0.459247 0.245318
vt 0.553915 0.221189
vt 0.553919 0.245305
vt 0.493796 0.221197
vt 0.530951 0.221193
vt 0.530953 0.245308
vt 0.493799 0.245313
vt 0.486493 0.221199
vt 0.486497 0.245314
vt 0.482097 0.221199
vt 0.482101 0.245315
vt 0.470265 0.221201
vt 0.470269 0.245316
vt 0.465014 0.221201
vt 0.465017 0.245317
vt 0.534057 0.221192
vt 0.536829 0.221192
vt 0.536832 0.245307
vt 0.534061 0.245308
vt 0.538400 0.221191
vt 0.538403 0.245307
vt 0.551704 0.221190
vt 0.551707 0.245306
vt 0.539847 0.221191
vt 0.539851 0.245307
vt 0.018645 0.049149
vt 0.012709 0.006568
vt 0.043825 0.005384
vt 0.044285 0.056975
vt 0.000488 0.010116
vt 0.007998 0.010564
vt 0.009512 0.048338
vt 0.002007 0.048178
vt 0.011777 0.079462
vt 0.003098 0.078168
vt 0.021963 0.067745
vt 0.358421 0.000633
vt 0.406392 0.000630
vt 0.415568 0.052628
vt 0.367723 0.055756
vt 0.045531 0.079171
vt 0.112048 0.054370
vt 0.113339 0.079163
vt 0.360808 0.073188
vt 0.391494 0.079009
vt 0.377827 0.072896
vt 0.418932 0.080559
vt 0.322646 0.075222
vt 0.316387 0.057214
vt 0.251071 0.077955
vt 0.258103 0.057348
vt 0.111535 0.004625
vt 0.223700 0.002598
vt 0.306784 0.001143
vt 0.447273 0.050641
vt 0.451883 0.001975
vt 0.446932 0.081233
vt 0.492345 0.049389
vt 0.487849 0.077934
vt 0.487177 0.001370
vt 0.521868 0.076197
vt 0.520770 0.091265
vt 0.487822 0.090427
vt 0.542089 0.077581
vt 0.546551 0.092052
vt 0.519965 0.049395
vt 0.548478 0.046309
vt 0.518730 0.001629
vt 0.558166 0.000488
vt 0.614356 0.001032
vt 0.615998 0.046305
vt 0.637935 0.000768
vt 0.662822 0.000489
vt 0.681503 0.046624
vt 0.647867 0.046460
vt 0.612215 0.078110
vt 0.683733 0.075729
vt 0.647009 0.076952
vt 0.592142 0.092916
vt 0.621455 0.093153
vt 0.653409 0.092003
vt 0.504918 0.131022
vt 0.495429 0.132916
vt 0.487750 0.122660
vt 0.523739 0.118004
vt 0.508681 0.148559
vt 0.500112 0.153611
vt 0.501971 0.161081
vt 0.511015 0.155638
vt 0.515921 0.158233
vt 0.507792 0.165863
vt 0.528693 0.158206
vt 0.525953 0.166416
vt 0.542127 0.157592
vt 0.540445 0.165880
vt 0.554031 0.157291
vt 0.554275 0.165930
vt 0.569276 0.155878
vt 0.570975 0.165356
vt 0.573362 0.153311
vt 0.576242 0.164497
vt 0.575318 0.149820
vt 0.584552 0.161858
vt 0.574511 0.130722
vt 0.586013 0.135039
vt 0.583071 0.128528
vt 0.573975 0.123254
vt 0.617975 0.113873
vt 0.644690 0.102657
vt 0.644627 0.119287
vt 0.619215 0.126116
vt 0.520388 0.096507
vt 0.487812 0.094774
vt 0.548103 0.097086
vt 0.544772 0.116200
vt 0.585158 0.098067
vt 0.567604 0.118405
vt 0.612566 0.098789
vt 0.642860 0.097665
vt 0.645501 0.098178
vt 0.647522 0.098571
vt 0.653054 0.092995
vt 0.652782 0.093754
vt 0.659314 0.090879
vt 0.682828 0.088038
vt 0.653504 0.130729
vt 0.623610 0.144225
vt 0.659393 0.137623
vt 0.632403 0.150822
vt 0.670432 0.149149
vt 0.641291 0.160717
vt 0.676866 0.157257
vt 0.647688 0.171100
vt 0.684734 0.167439
vt 0.654544 0.184105
vt 0.694082 0.182317
vt 0.663390 0.200659
vt 0.702715 0.206475
vt 0.671223 0.222404
vt 0.705478 0.214646
vt 0.673943 0.228074
vt 0.597139 0.168067
vt 0.603218 0.175831
vt 0.609567 0.189187
vt 0.615099 0.205879
vt 0.623289 0.224623
vt 0.630078 0.243217
vt 0.632742 0.245619
vt 0.705052 0.220423
vt 0.704063 0.223938
vt 0.634228 0.250665
vt 0.630662 0.246704
vt 0.637202 0.250789
vt 0.677326 0.235063
vt 0.691923 0.229741
vt 0.674632 0.001403
vt 0.688369 0.011055
vt 0.718006 0.011672
vt 0.731202 0.044056
vt 0.724101 0.070934
vt 0.723746 0.084124
vt 0.733618 0.071934
vt 0.737480 0.048408
vt 0.735278 0.082143
vt 0.727238 0.014979
vt 0.747223 0.014805
vt 0.749231 0.047618
vt 0.751732 0.072985
vt 0.751853 0.080007
vt 0.839141 0.014055
vt 0.838577 0.041632
vt 0.838387 0.060819
vt 0.838391 0.078730
vt 0.888291 0.013006
vt 0.887968 0.042347
vt 0.888549 0.064235
vt 0.887754 0.078090
vt 0.919879 0.011844
vt 0.912939 0.040885
vt 0.910274 0.066135
vt 0.909439 0.077718
vt 0.937140 0.066707
vt 0.921072 0.088776
vt 0.941248 0.041226
vt 0.945502 0.012231
vt 0.949837 0.077954
vt 0.931020 0.096117
vt 0.942029 0.106586
vt 0.964672 0.106106
vt 0.962315 0.065036
vt 0.966744 0.105496
vt 0.974738 0.066682
vt 0.953735 0.118896
vt 0.957797 0.124578
vt 0.963656 0.124880
vt 0.979969 0.124691
vt 0.998516 0.116062
vt 0.997339 0.123132
vt 0.955284 0.040572
vt 0.982560 0.040931
vt 0.995568 0.076654
vt 0.964289 0.011496
vt 0.994680 0.012834
vt 0.999512 0.017503
vt 0.254197 0.096611
vt 0.319476 0.093604
vt 0.322961 0.109504
vt 0.260350 0.118970
vt 0.327843 0.123909
vt 0.267079 0.142578
vt 0.326858 0.138762
vt 0.273125 0.160912
vt 0.332835 0.150918
vt 0.279672 0.179713
vt 0.284904 0.184905
vt 0.331065 0.163752
vt 0.339312 0.152940
vt 0.339801 0.158928
vt 0.332880 0.138105
vt 0.330493 0.131336
vt 0.278731 0.181642
vt 0.280657 0.184904
vt 0.277714 0.179433
vt 0.272996 0.163932
vt 0.000495 0.550545
vt 0.035596 0.550539
vt 0.386838 0.599361
vt 0.414710 0.599356
vt 0.420215 0.599355
vt 0.424735 0.599355
vt 0.364879 0.599364
vt 0.358459 0.599364
vt 0.447520 0.599353
vt 0.333759 0.599367
vt 0.284142 0.599374
vt 0.382142 0.269444
vt 0.394597 0.269442
vt 0.371187 0.269445
vt 0.351078 0.269448
vt 0.422561 0.269439
vt 0.183356 0.599388
vt 0.497068 0.599345
vt 0.579155 0.599334
vt 0.639958 0.599326
vt 0.677744 0.599321
vt 0.068897 0.550535
vt 0.330584 0.269450
vt 0.300547 0.269455
vt 0.094725 0.550531
vt 0.291405 0.269456
vt 0.192311 0.302664
vt 0.176865 0.302664
vt 0.117815 0.550528
vt 0.146683 0.550525
vt 0.187799 0.550519
vt 0.205053 0.550517
vt 0.223265 0.550515
vt 0.209096 0.302664
vt 0.214954 0.302664
vt 0.160120 0.302664
vt 0.258445 0.269460
vt 0.267820 0.269459
vt 0.242919 0.269462
vt 0.146996 0.302664
vt 0.141541 0.302664
vt 0.237286 0.269463
vt 0.231773 0.269464
vt 0.137480 0.302664
vt 0.218480 0.269465
vt 0.128135 0.302664
vt 0.207868 0.269467
vt 0.118294 0.302663
vt 0.109581 0.302663
vt 0.197748 0.269468
vt 0.098378 0.302663
vt 0.185521 0.269469
vt 0.181615 0.269470
vt 0.094847 0.302663
vt 0.175235 0.269471
vt 0.091920 0.302663
vt 0.234420 0.302664
vt 0.220434 0.302664
vt 0.571679 0.648203
vt 0.583848 0.648202
vt 0.288225 0.269456
vt 0.568041 0.648204
vt 0.562822 0.648205
vt 0.562233 0.648205
vt 0.539732 0.648208
vt 0.557063 0.648206
vt 0.561462 0.648205
vt 0.594444 0.648200
vt 0.164966 0.269472
vt 0.601078 0.648200
vt 0.157750 0.269473
vt 0.612757 0.648198
vt 0.620331 0.648197
vt 0.146930 0.269475
vt 0.629746 0.648196
vt 0.134063 0.269477
vt 0.119095 0.269478
vt 0.642603 0.648194
vt 0.661375 0.648192
vt 0.104611 0.269480
vt 0.101986 0.269480
vt 0.667686 0.648191
vt 0.671926 0.648190
vt 0.674597 0.648189
vt 0.100270 0.269481
vt 0.096370 0.269481
vt 0.062659 0.269486
vt 0.094192 0.269482
vt 0.051290 0.269488
vt 0.684443 0.648189
vt 0.231932 0.550513
vt 0.244218 0.550512
vt 0.265907 0.550509
vt 0.509655 0.648211
vt 0.501094 0.648213
vt 0.273083 0.550508
vt 0.287707 0.550506
vt 0.488865 0.648214
vt 0.354967 0.550497
vt 0.425537 0.648223
vt 0.390939 0.550492
vt 0.389413 0.648228
vt 0.414068 0.550489
vt 0.373543 0.648230
vt 0.361799 0.648231
vt 0.432819 0.550486
vt 0.352752 0.648233
vt 0.341636 0.648234
vt 0.329206 0.648236
vt 0.319803 0.648237
vt 0.324096 0.648236
vt 0.307866 0.648238
vt 0.546045 0.550471
vt 0.551290 0.550470
vt 0.295104 0.648240
vt 0.517130 0.550475
vt 0.446576 0.550485
vt 0.468835 0.550482
vt 0.473752 0.550481
vt 0.436210 0.269437
vt 0.602979 0.269415
vt 0.616820 0.269412
vt 0.586010 0.269417
vt 0.448120 0.269435
vt 0.568047 0.269419
vt 0.459250 0.269434
vt 0.553922 0.269421
vt 0.493803 0.269429
vt 0.530957 0.269424
vt 0.486500 0.269430
vt 0.482104 0.269431
vt 0.470272 0.269432
vt 0.465019 0.269433
vt 0.534064 0.269423
vt 0.536836 0.269423
vt 0.538406 0.269423
vt 0.551710 0.269421
vt 0.539853 0.269423
vn 0.566841 0.605340 0.558797
vn 0.620558 0.741375 0.255484
vn 0.090237 0.901495 0.423277
vn 0.218869 0.710407 0.668894
vn 0.218869 0.710407 0.668894
vn 0.090237 0.901495 0.423277
vn -0.353523 0.637349 0.684695
vn -0.072303 0.537085 0.840424
vn -0.072303 0.537085 0.840424
vn -0.353523 0.637349 0.684695
vn -0.450773 0.103674 0.886598
vn -0.136114 0.186918 0.972900
vn -0.136114 0.186918 0.972900
vn -0.450773 0.103674 0.886598
vn -0.144548 -0.386913 0.910716
vn 0.064814 -0.134976 0.988727
vn 0.064814 -0.134976 0.988727
vn -0.144548 -0.386913 0.910716
vn 0.385772 -0.547032 0.742924
vn 0.412785 -0.240042 0.878629
vn 0.412785 -0.240042 0.878629
vn 0.385772 -0.547032 0.742924
vn 0.829533 -0.282886 0.481508
vn 0.703957 -0.066720 0.707101
vn 0.703957 -0.066720 0.707101
vn 0.829533 -0.282886 0.481508
vn 0.926783 0.250789 0.279605
vn 0.767768 0.283446 0.574623
vn 0.767768 0.283446 0.574623
vn 0.926783 0.250789 0.279605
vn 0.620558 0.741375 0.255484
vn 0.566841 0.605340 0.558797
vn 0.620558 0.741375 0.255484
vn 0.601151 0.793590 -0.093984
vn -0.055757 0.991931 0.113863
vn 0.090237 0.901495 0.423277
vn 0.090237 0.901495 0.423277
vn -0.055757 0.991931 0.113863
vn -0.605445 0.664734 0.437681
vn -0.353523 0.637349 0.684695
vn -0.353523 0.637349 0.684695
vn -0.605445 0.664734 0.437681
vn -0.725910 0.003667 0.687780
vn -0.450773 0.103674 0.886598
vn -0.450773 0.103674 0.886598
vn -0.725910 0.003667 0.687780
vn -0.346586 -0.604027 0.717655
vn -0.144548 -0.386913 0.910716
vn -0.144548 -0.386913 0.910716
vn -0.346586 -0.604027 0.717655
vn 0.310323 -0.802367 0.509810
vn 0.385772 -0.547032 0.742924
vn 0.385772 -0.547032 0.742924
vn 0.310323 -0.802367 0.509810
vn 0.860011 -0.475171 0.185993
vn 0.829533 -0.282886 0.481508
vn 0.829533 -0.282886 0.481508
vn 0.860011 -0.475171 0.185993
vn 0.980476 0.185897 -0.064106
vn 0.926783 0.250789 0.279605
vn 0.926783 0.250789 0.279605
vn 0.980476 0.185897 -0.064106
vn 0.601151 0.793590 -0.093984
vn 0.620558 0.741375 0.255484
vn 0.601151 0.793590 -0.093984
vn 0.505844 0.745961 -0.433203
vn -0.195391 0.957685 -0.211332
vn -0.055757 0.991931 0.113863
vn -0.055757 0.991931 0.113863
vn -0.195391 0.957685 -0.211332
vn -0.782169 0.608412 0.134334
vn -0.605445 0.664734 0.437681
vn -0.605445 0.664734 0.437681
vn -0.782169 0.608412 0.134334
vn -0.910764 -0.097261 0.401309
vn -0.725910 0.003667 0.687780
vn -0.725910 0.003667 0.687780
vn -0.910764 -0.097261 0.401309
vn -0.505844 -0.745961 0.433203
vn -0.346586 -0.604027 0.717655
vn -0.346586 -0.604027 0.717655
vn -0.505844 -0.745961 0.433203
vn 0.195391 -0.957685 0.211332
vn 0.310323 -0.802367 0.509810
vn 0.310323 -0.802367 0.509810
vn 0.195391 -0.957685 0.211332
vn 0.782169 -0.608412 -0.134334
vn 0.860011 -0.475171 0.185993
vn 0.860011 -0.475171 0.185993
vn 0.782169 -0.608412 -0.134334
vn 0.910764 0.097260 -0.401309
vn 0.980476 0.185897 -0.064106
vn 0.980476 0.185897 -0.064106
vn 0.910764 0.097260 -0.401309
vn 0.505844 0.745961 -0.433203
vn 0.601151 0.793590 -0.093984
vn 0.505844 0.745961 -0.433203
vn 0.346587 0.604026 -0.717656
vn -0.310323 0.802369 -0.509808
vn -0.195391 0.957685 -0.211332
vn -0.195391 0.957685 -0.211332
vn -0.310323 0.802369 -0.509808
vn -0.860010 0.475172 -0.185995
vn -0.782169 0.608412 0.134334
vn -0.782169 0.608412 0.134334
vn -0.860010 0.475172 -0.185995
vn -0.980476 -0.185895 0.064105
vn -0.910764 -0.097261 0.401309
vn -0.910764 -0.097261 0.401309
vn -0.980476 -0.185895 0.064105
vn -0.601152 -0.793589 0.093984
vn -0.505844 -0.745961 0.433203
vn -0.505844 -0.745961 0.433203
vn -0.601152 -0.793589 0.093984
vn 0.055759 -0.991931 -0.113861
vn 0.195391 -0.957685 0.211332
vn 0.195391 -0.957685 0.211332
vn 0.055759 -0.991931 -0.113861
vn 0.605446 -0.664735 -0.437679
vn 0.782169 -0.608412 -0.134334
vn 0.782169 -0.608412 -0.134334
vn 0.605446 -0.664735 -0.437679
vn 0.725911 -0.003669 -0.687779
vn 0.910764 0.097260 -0.401309
vn 0.910764 0.097260 -0.401309
vn 0.725911 -0.003669 -0.687779
vn 0.346587 0.604026 -0.717656
vn 0.505844 0.745961 -0.433203
vn 0.346587 0.604026 -0.717656
vn 0.144548 0.386915 -0.910716
vn -0.385773 0.547036 -0.742920
vn -0.310323 0.802369 -0.509808
vn -0.310323 0.802369 -0.509808
vn -0.385773 0.547036 -0.742920
vn -0.829532 0.282891 -0.481508
vn -0.860010 0.475172 -0.185995
vn -0.860010 0.475172 -0.185995
vn -0.829532 0.282891 -0.481508
vn -0.926783 -0.250787 -0.279605
vn -0.980476 -0.185895 0.064105
vn -0.980476 -0.185895 0.064105
vn -0.926783 -0.250787 -0.279605
vn -0.620556 -0.741376 -0.255483
vn -0.601152 -0.793589 0.093984
vn -0.601152 -0.793589 0.093984
vn -0.620556 -0.741376 -0.255483
vn -0.090235 -0.901497 -0.423274
vn 0.055759 -0.991931 -0.113861
vn 0.055759 -0.991931 -0.113861
vn -0.090235 -0.901497 -0.423274
vn 0.353523 -0.637352 -0.684692
vn 0.605446 -0.664735 -0.437679
vn 0.605446 -0.664735 -0.437679
vn 0.353523 -0.637352 -0.684692
vn 0.450773 -0.103676 -0.886598
vn 0.725911 -0.003669 -0.687779
vn 0.725911 -0.003669 -0.687779
vn 0.450773 -0.103676 -0.886598
vn 0.144548 0.386915 -0.910716
vn 0.346587 0.604026 -0.717656
vn 0.144548 0.386915 -0.910716
vn -0.064813 0.134977 -0.988727
vn -0.412785 0.240040 -0.878629
vn -0.385773 0.547036 -0.742920
vn -0.385773 0.547036 -0.742920
vn -0.412785 0.240040 -0.878629
vn -0.703958 0.066724 -0.707101
vn -0.829532 0.282891 -0.481508
vn -0.829532 0.282891 -0.481508
vn -0.703958 0.066724 -0.707101
vn -0.767769 -0.283443 -0.574622
vn -0.926783 -0.250787 -0.279605
vn -0.926783 -0.250787 -0.279605
vn -0.767769 -0.283443 -0.574622
vn -0.566840 -0.605341 -0.558797
vn -0.620556 -0.741376 -0.255483
vn -0.620556 -0.741376 -0.255483
vn -0.566840 -0.605341 -0.558797
vn -0.218870 -0.710405 -0.668895
vn -0.090235 -0.901497 -0.423274
vn -0.090235 -0.901497 -0.423274
vn -0.218870 -0.710405 -0.668895
vn 0.072303 -0.537088 -0.840422
vn 0.353523 -0.637352 -0.684692
vn 0.353523 -0.637352 -0.684692
vn 0.072303 -0.537088 -0.840422
vn 0.136114 -0.186920 -0.972900
vn 0.450773 -0.103676 -0.886598
vn 0.450773 -0.103676 -0.886598
vn 0.136114 -0.186920 -0.972900
vn -0.064813 0.134977 -0.988727
vn 0.144548 0.386915 -0.910716
vn 0.218869 0.710407 0.668894
vn 0.363774 0.270886 0.891229
vn 0.566841 0.605340 0.558797
vn -0.072303 0.537085 0.840424
vn 0.363774 0.270886 0.891229
vn 0.218869 0.710407 0.668894
vn -0.136114 0.186918 0.972900
vn 0.363774 0.270886 0.891229
vn -0.072303 0.537085 0.840424
vn 0.064814 -0.134976 0.988727
vn 0.363774 0.270886 0.891229
vn -0.136114 0.186918 0.972900
vn 0.412785 -0.240042 0.878629
vn 0.363774 0.270886 0.891229
vn 0.064814 -0.134976 0.988727
vn 0.703957 -0.066720 0.707101
vn 0.363774 0.270886 0.891229
vn 0.412785 -0.240042 0.878629
vn 0.767768 0.283446 0.574623
vn 0.363774 0.270886 0.891229
vn 0.703957 -0.066720 0.707101
vn 0.566841 0.605340 0.558797
vn 0.363774 0.270886 0.891229
vn 0.767768 0.283446 0.574623
vn -0.064813 0.134977 -0.988727
vn -0.363774 -0.270886 -0.891229
vn -0.412785 0.240040 -0.878629
vn -0.412785 0.240040 -0.878629
vn -0.363774 -0.270886 -0.891229
vn -0.703958 0.066724 -0.707101
vn -0.703958 0.066724 -0.707101
vn -0.363774 -0.270886 -0.891229
vn -0.767769 -0.283443 -0.574622
vn -0.767769 -0.283443 -0.574622
vn -0.363774 -0.270886 -0.891229
vn -0.566840 -0.605341 -0.558797
vn -0.566840 -0.605341 -0.558797
vn -0.363774 -0.270886 -0.891229
vn -0.218870 -0.710405 -0.668895
vn -0.218870 -0.710405 -0.668895
vn -0.363774 -0.270886 -0.891229
vn 0.072303 -0.537088 -0.840422
vn 0.072303 -0.537088 -0.840422
vn -0.363774 -0.270886 -0.891229
vn 0.136114 -0.186920 -0.972900
vn 0.136114 -0.186920 -0.972900
vn -0.363774 -0.270886 -0.891229
vn -0.064813 0.134977 -0.988727
vn 0.195392 -0.957685 0.211332
vn 0.195392 -0.957685 0.211332
vn 0.195392 -0.957685 0.211332
vn 0.195392 -0.957685 0.211332
vn -0.363774 -0.270886 -0.891229
vn -0.363774 -0.270886 -0.891229
vn -0.363774 -0.270886 -0.891229
vn -0.363774 -0.270886 -0.891229
vn -0.195392 0.957685 -0.211332
vn -0.195392 0.957685 -0.211332
vn -0.195392 0.957685 -0.211332
vn -0.195392 0.957685 -0.211332
vn 0.363774 0.270886 0.891229
vn 0.363774 0.270886 0.891229
vn 0.363774 0.270886 0.891229
vn 0.363774 0.270886 0.891229
vn 0.910764 0.097262 -0.401310
vn 0.910764 0.097262 -0.401310
vn 0.910764 0.097262 -0.401310
vn 0.910764 0.097262 -0.401310
vn -0.910764 -0.097262 0.401310
vn -0.910764 -0.097262 0.401310
vn -0.910764 -0.097262 0.401310
vn -0.910764 -0.097262 0.401310
vn 0.966339 -0.257254 -0.003167
vn 0.966339 -0.257254 -0.003167
vn 0.966339 -0.257254 -0.003167
vn 0.966339 -0.257254 -0.003167
vn -0.215196 -0.814977 0.538055
vn -0.215196 -0.814977 0.538055
vn -0.215196 -0.814977 0.538055
vn -0.215196 -0.814977 0.538055
vn -0.966338 0.257255 0.003166
vn -0.966338 0.257255 0.003166
vn -0.966338 0.257255 0.003166
vn -0.966338 0.257255 0.003166
vn 0.215197 0.814977 -0.538055
vn 0.215197 0.814977 -0.538055
vn 0.215197 0.814977 -0.538055
vn 0.215197 0.814977 -0.538055
vn -0.140997 -0.519262 -0.842904
vn -0.140997 -0.519262 -0.842904
vn -0.140997 -0.519262 -0.842904
vn -0.140997 -0.519262 -0.842904
vn 0.140997 0.519262 0.842904
vn 0.140997 0.519262 0.842904
vn 0.140997 0.519262 0.842904
vn 0.140997 0.519262 0.842904
vn 0.981576 -0.184220 -0.050707
vn 0.981576 -0.184220 -0.050707
vn 0.981576 -0.184220 -0.050707
vn 0.981576 -0.184220 -0.050707
vn 0.785261 0.459834 -0.414631
vn 0.785261 0.459834 -0.414631
vn 0.785261 0.459834 -0.414631
vn 0.785261 0.459834 -0.414631
vn 0.128950 0.834524 -0.535670
vn 0.128950 0.834524 -0.535670
vn 0.128950 0.834524 -0.535670
vn 0.128950 0.834524 -0.535670
vn -0.602893 0.720364 -0.342923
vn -0.602893 0.720364 -0.342923
vn -0.602893 0.720364 -0.342923
vn -0.602893 0.720364 -0.342923
vn -0.981576 0.184220 0.050707
vn -0.981576 0.184220 0.050707
vn -0.981576 0.184220 0.050707
vn -0.981576 0.184220 0.050707
vn -0.785261 -0.459834 0.414631
vn -0.785261 -0.459834 0.414631
vn -0.785261 -0.459834 0.414631
vn -0.785261 -0.459834 0.414631
vn -0.128953 -0.834523 0.535670
vn -0.128953 -0.834523 0.535670
vn -0.128953 -0.834523 0.535670
vn -0.128953 -0.834523 0.535670
vn 0.602900 -0.720359 0.342919
vn 0.602900 -0.720359 0.342919
vn 0.602900 -0.720359 0.342919
vn 0.602900 -0.720359 0.342919
vn 0.140996 0.519262 0.842904
vn 0.140996 0.519262 0.842904
vn 0.140996 0.519262 0.842904
vn 0.140998 0.519262 0.842904
vn 0.140996 0.519262 0.842904
vn 0.140996 0.519262 0.842904
vn 0.140996 0.519262 0.842904
vn 0.140996 0.519262 0.842904
vn 0.140998 0.519262 0.842904
vn 0.140995 0.519263 0.842904
vn 0.140996 0.519262 0.842904
vn 0.140996 0.519262 0.842904
vn 0.140997 0.519262 0.842904
vn 0.140996 0.519262 0.842904
vn 0.140995 0.519263 0.842904
vn 0.140998 0.519262 0.842904
vn 0.140996 0.519262 0.842904
vn 0.140997 0.519262 0.842904
vn 0.140997 0.519262 0.842904
vn 0.140996 0.519262 0.842904
vn 0.140998 0.519262 0.842904
vn 0.140996 0.519262 0.842904
vn 0.140996 0.519262 0.842904
vn 0.140997 0.519262 0.842904
vn -0.140997 -0.519262 -0.842904
vn -0.140997 -0.519262 -0.842904
vn -0.140998 -0.519262 -0.842904
vn -0.140998 -0.519262 -0.842904
vn -0.140997 -0.519262 -0.842904
vn -0.140997 -0.519262 -0.842904
vn -0.140997 -0.519262 -0.842904
vn -0.140997 -0.519262 -0.842904
vn -0.140996 -0.519262 -0.842904
vn -0.140996 -0.519262 -0.842904
vn -0.140997 -0.519262 -0.842904
vn -0.140997 -0.519262 -0.842904
vn -0.140997 -0.519262 -0.842904
vn -0.140997 -0.519262 -0.842904
vn -0.140997 -0.519262 -0.842904
vn -0.140997 -0.519262 -0.842904
vn -0.140997 -0.519262 -0.842904
vn -0.140997 -0.519262 -0.842904
vn -0.140997 -0.519262 -0.842904
vn -0.140997 -0.519262 -0.842904
vn -0.140997 -0.519262 -0.842904
vn -0.140997 -0.519262 -0.842904
vn -0.140997 -0.519262 -0.842904
vn -0.140997 -0.519262 -0.842904
vn 0.171788 -0.851326 0.495714
vn 0.171788 -0.851326 0.495714
vn 0.171788 -0.851326 0.495714
vn 0.171788 -0.851326 0.495714
vn -0.974992 -0.074906 0.209238
vn -0.974992 -0.074906 0.209238
vn -0.974992 -0.074906 0.209238
vn -0.974992 -0.074906 0.209238
vn -0.171788 0.851326 -0.495714
vn -0.171788 0.851326 -0.495714
vn -0.171788 0.851326 -0.495714
vn -0.171788 0.851326 -0.495714
vn 0.974992 0.074906 -0.209238
vn 0.974992 0.074906 -0.209238
vn 0.974992 0.074906 -0.209238
vn 0.974992 0.074906 -0.209238
vn -0.140997 -0.519262 -0.842904
vn -0.140997 -0.519262 -0.842904
vn -0.140997 -0.519262 -0.842904
vn -0.140997 -0.519262 -0.842904
vn 0.140997 0.519262 0.842904
vn 0.140997 0.519262 0.842904
vn 0.140997 0.519262 0.842904
vn 0.140997 0.519262 0.842904
vn 0.787240 0.341476 -0.513467
vn 0.676923 0.419260 -0.604976
vn 0.697222 0.648493 -0.305512
vn 0.804177 0.532741 -0.263602
vn 0.804177 0.532741 -0.263602
vn 0.697222 0.648493 -0.305512
vn 0.713674 0.697105 0.068662
vn 0.817901 0.573303 0.048592
vn 0.817901 0.573303 0.048592
vn 0.713674 0.697105 0.068662
vn 0.721870 0.552069 0.417281
vn 0.824738 0.452292 0.339468
vn 0.824738 0.452292 0.339468
vn 0.721870 0.552069 0.417281
vn 0.719615 0.252251 0.646934
vn 0.822855 0.202135 0.531085
vn 0.822855 0.202135 0.531085
vn 0.719615 0.252251 0.646934
vn 0.707511 -0.122015 0.696089
vn 0.812756 -0.110142 0.572099
vn 0.812756 -0.110142 0.572099
vn 0.707511 -0.122015 0.696089
vn 0.688803 -0.470444 0.551573
vn 0.797146 -0.400861 0.451518
vn 0.797146 -0.400861 0.451518
vn 0.688803 -0.470444 0.551573
vn 0.668502 -0.699675 0.252110
vn 0.780210 -0.592122 0.201655
vn 0.780210 -0.592122 0.201655
vn 0.668502 -0.699675 0.252110
vn 0.652049 -0.748287 -0.122061
vn 0.766484 -0.632679 -0.110540
vn 0.766484 -0.632679 -0.110540
vn 0.652049 -0.748287 -0.122061
vn 0.643855 -0.603249 -0.470682
vn 0.759648 -0.511666 -0.401413
vn 0.759648 -0.511666 -0.401413
vn 0.643855 -0.603249 -0.470682
vn 0.646111 -0.303429 -0.700337
vn 0.761533 -0.261503 -0.593030
vn 0.761533 -0.261503 -0.593030
vn 0.646111 -0.303429 -0.700337
vn 0.658215 0.070834 -0.749490
vn 0.771628 0.050765 -0.634045
vn 0.771628 0.050765 -0.634045
vn 0.658215 0.070834 -0.749490
vn 0.676923 0.419260 -0.604976
vn 0.787240 0.341476 -0.513467
vn 0.676923 0.419260 -0.604976
vn 0.473988 0.516243 -0.713322
vn 0.498366 0.791551 -0.353663
vn 0.697222 0.648493 -0.305512
vn 0.697222 0.648493 -0.305512
vn 0.498366 0.791551 -0.353663
vn 0.518123 0.849934 0.095718
vn 0.713674 0.697105 0.068662
vn 0.713674 0.697105 0.068662
vn 0.518123 0.849934 0.095718
vn 0.527966 0.675745 0.514413
vn 0.721870 0.552069 0.417281
vn 0.721870 0.552069 0.417281
vn 0.527966 0.675745 0.514413
vn 0.525256 0.315659 0.790231
vn 0.719615 0.252251 0.646934
vn 0.719615 0.252251 0.646934
vn 0.525256 0.315659 0.790231
vn 0.510718 -0.133837 0.849267
vn 0.707511 -0.122015 0.696089
vn 0.707511 -0.122015 0.696089
vn 0.510718 -0.133837 0.849267
vn 0.488251 -0.552303 0.675701
vn 0.688803 -0.470444 0.551573
vn 0.688803 -0.470444 0.551573
vn 0.488251 -0.552303 0.675701
vn 0.463871 -0.827612 0.316042
vn 0.668502 -0.699675 0.252110
vn 0.668502 -0.699675 0.252110
vn 0.463871 -0.827612 0.316042
vn 0.444111 -0.885994 -0.133341
vn 0.652049 -0.748287 -0.122061
vn 0.652049 -0.748287 -0.122061
vn 0.444111 -0.885994 -0.133341
vn 0.434270 -0.711806 -0.552035
vn 0.643855 -0.603249 -0.470682
vn 0.643855 -0.603249 -0.470682
vn 0.434270 -0.711806 -0.552035
vn 0.436983 -0.351720 -0.827852
vn 0.646111 -0.303429 -0.700337
vn 0.646111 -0.303429 -0.700337
vn 0.436983 -0.351720 -0.827852
vn 0.451521 0.097776 -0.886887
vn 0.658215 0.070834 -0.749490
vn 0.658215 0.070834 -0.749490
vn 0.451521 0.097776 -0.886887
vn 0.473988 0.516243 -0.713322
vn 0.676923 0.419260 -0.604976
vn 0.473988 0.516243 -0.713322
vn 0.374612 0.548979 -0.747187
vn 0.400311 0.839248 -0.367987
vn 0.498366 0.791551 -0.353663
vn 0.498366 0.791551 -0.353663
vn 0.400311 0.839248 -0.367987
vn 0.421139 0.900803 0.105812
vn 0.518123 0.849934 0.095718
vn 0.518123 0.849934 0.095718
vn 0.421139 0.900803 0.105812
vn 0.431517 0.717151 0.547255
vn 0.527966 0.675745 0.514413
vn 0.527966 0.675745 0.514413
vn 0.431517 0.717151 0.547255
vn 0.428656 0.337502 0.838061
vn 0.525256 0.315659 0.790231
vn 0.525256 0.315659 0.790231
vn 0.428656 0.337502 0.838061
vn 0.413325 -0.136420 0.900307
vn 0.510718 -0.133837 0.849267
vn 0.510718 -0.133837 0.849267
vn 0.413325 -0.136420 0.900307
vn 0.389639 -0.577624 0.717309
vn 0.488251 -0.552303 0.675701
vn 0.488251 -0.552303 0.675701
vn 0.389639 -0.577624 0.717309
vn 0.363938 -0.867890 0.338106
vn 0.463871 -0.827612 0.316042
vn 0.463871 -0.827612 0.316042
vn 0.363938 -0.867890 0.338106
vn 0.343107 -0.929443 -0.135693
vn 0.444111 -0.885994 -0.133341
vn 0.444111 -0.885994 -0.133341
vn 0.343107 -0.929443 -0.135693
vn 0.332733 -0.745789 -0.577138
vn 0.434270 -0.711806 -0.552035
vn 0.434270 -0.711806 -0.552035
vn 0.332733 -0.745789 -0.577138
vn 0.335596 -0.366139 -0.867939
vn 0.436983 -0.351720 -0.827852
vn 0.436983 -0.351720 -0.827852
vn 0.335596 -0.366139 -0.867939
vn 0.350923 0.107778 -0.930181
vn 0.451521 0.097776 -0.886887
vn 0.451521 0.097776 -0.886887
vn 0.350923 0.107778 -0.930181
vn 0.374612 0.548979 -0.747187
vn 0.473988 0.516243 -0.713322
vn 0.122258 0.599612 -0.790898
vn -0.008140 0.609713 -0.792580
vn 0.019683 0.923897 -0.382134
vn 0.149843 0.911107 -0.383967
vn 0.149843 0.911107 -0.383967
vn 0.019683 0.923897 -0.382134
vn 0.042231 0.990522 0.130702
vn 0.172205 0.977163 0.124487
vn 0.172205 0.977163 0.124487
vn 0.042231 0.990522 0.130702
vn 0.053464 0.791738 0.608516
vn 0.183338 0.780081 0.598215
vn 0.183338 0.780081 0.598215
vn 0.053464 0.791738 0.608516
vn 0.050372 0.380809 0.923281
vn 0.180264 0.372663 0.910290
vn 0.180264 0.372663 0.910290
vn 0.050372 0.380809 0.923281
vn 0.033783 -0.132158 0.990653
vn 0.163811 -0.135912 0.977084
vn 0.163811 -0.135912 0.977084
vn 0.033783 -0.132158 0.990653
vn 0.008141 -0.609714 0.792580
vn 0.138394 -0.609380 0.780707
vn 0.138394 -0.609380 0.780707
vn 0.008141 -0.609714 0.792580
vn -0.019683 -0.923897 0.382134
vn 0.110819 -0.920878 0.373769
vn 0.110819 -0.920878 0.373769
vn -0.019683 -0.923897 0.382134
vn -0.042230 -0.990522 -0.130702
vn 0.088465 -0.986932 -0.134680
vn 0.088465 -0.986932 -0.134680
vn -0.042230 -0.990522 -0.130702
vn -0.053463 -0.791738 -0.608516
vn 0.077322 -0.789846 -0.608411
vn 0.077322 -0.789846 -0.608411
vn -0.053463 -0.791738 -0.608516
vn -0.050371 -0.380807 -0.923282
vn 0.080388 -0.382431 -0.920480
vn 0.080388 -0.382431 -0.920480
vn -0.050371 -0.380807 -0.923282
vn -0.033781 0.132159 -0.990653
vn 0.096841 0.126143 -0.987274
vn 0.096841 0.126143 -0.987274
vn -0.033781 0.132159 -0.990653
vn -0.008140 0.609713 -0.792580
vn 0.122258 0.599612 -0.790898
vn -0.008140 0.609713 -0.792580
vn -0.138398 0.609381 -0.780705
vn -0.110815 0.920876 -0.373775
vn 0.019683 0.923897 -0.382134
vn 0.019683 0.923897 -0.382134
vn -0.110815 0.920876 -0.373775
vn -0.088465 0.986932 0.134679
vn 0.042231 0.990522 0.130702
vn 0.042231 0.990522 0.130702
vn -0.088465 0.986932 0.134679
vn -0.077325 0.789850 0.608406
vn 0.053464 0.791738 0.608516
vn 0.053464 0.791738 0.608516
vn -0.077325 0.789850 0.608406
vn -0.080381 0.382434 0.920480
vn 0.050372 0.380809 0.923281
vn 0.050372 0.380809 0.923281
vn -0.080381 0.382434 0.920480
vn -0.096823 -0.126145 0.987276
vn 0.033783 -0.132158 0.990653
vn 0.033783 -0.132158 0.990653
vn -0.096823 -0.126145 0.987276
vn -0.122252 -0.599614 0.790897
vn 0.008141 -0.609714 0.792580
vn 0.008141 -0.609714 0.792580
vn -0.122252 -0.599614 0.790897
vn -0.149846 -0.911109 0.383962
vn -0.019683 -0.923897 0.382134
vn -0.019683 -0.923897 0.382134
vn -0.149846 -0.911109 0.383962
vn -0.172203 -0.977164 -0.124487
vn -0.042230 -0.990522 -0.130702
vn -0.042230 -0.990522 -0.130702
vn -0.172203 -0.977164 -0.124487
vn -0.183332 -0.780079 -0.598219
vn -0.053463 -0.791738 -0.608516
vn -0.053463 -0.791738 -0.608516
vn -0.183332 -0.780079 -0.598219
vn -0.180267 -0.372664 -0.910289
vn -0.050371 -0.380807 -0.923282
vn -0.050371 -0.380807 -0.923282
vn -0.180267 -0.372664 -0.910289
vn -0.163825 0.135913 -0.977082
vn -0.033781 0.132159 -0.990653
vn -0.033781 0.132159 -0.990653
vn -0.163825 0.135913 -0.977082
vn -0.138398 0.609381 -0.780705
vn -0.008140 0.609713 -0.792580
vn -0.389652 0.577620 -0.717305
vn -0.488254 0.552302 -0.675700
vn -0.463871 0.827612 -0.316042
vn -0.363943 0.867888 -0.338107
vn -0.363943 0.867888 -0.338107
vn -0.463871 0.827612 -0.316042
vn -0.444111 0.885994 0.133341
vn -0.343107 0.929443 0.135693
vn -0.343107 0.929443 0.135693
vn -0.444111 0.885994 0.133341
vn -0.434269 0.711805 0.552036
vn -0.332729 0.745791 0.577137
vn -0.332729 0.745791 0.577137
vn -0.434269 0.711805 0.552036
vn -0.436980 0.351719 0.827854
vn -0.335582 0.366142 0.867943
vn -0.335582 0.366142 0.867943
vn -0.436980 0.351719 0.827854
vn -0.451516 -0.097777 0.886890
vn -0.350906 -0.107779 0.930187
vn -0.350906 -0.107779 0.930187
vn -0.451516 -0.097777 0.886890
vn -0.473985 -0.516243 0.713324
vn -0.374599 -0.548983 0.747190
vn -0.374599 -0.548983 0.747190
vn -0.473985 -0.516243 0.713324
vn -0.498365 -0.791552 0.353664
vn -0.400306 -0.839250 0.367988
vn -0.400306 -0.839250 0.367988
vn -0.498365 -0.791552 0.353664
vn -0.518123 -0.849934 -0.095718
vn -0.421139 -0.900803 -0.105812
vn -0.421139 -0.900803 -0.105812
vn -0.518123 -0.849934 -0.095718
vn -0.527966 -0.675745 -0.514413
vn -0.431521 -0.717148 -0.547256
vn -0.431521 -0.717148 -0.547256
vn -0.527966 -0.675745 -0.514413
vn -0.525259 -0.315659 -0.790229
vn -0.428667 -0.337498 -0.838057
vn -0.428667 -0.337498 -0.838057
vn -0.525259 -0.315659 -0.790229
vn -0.510723 0.133837 -0.849264
vn -0.413342 0.136419 -0.900299
vn -0.413342 0.136419 -0.900299
vn -0.510723 0.133837 -0.849264
vn -0.488254 0.552302 -0.675700
vn -0.389652 0.577620 -0.717305
vn -0.488254 0.552302 -0.675700
vn -0.688801 0.470442 -0.551577
vn -0.668501 0.699675 -0.252113
vn -0.463871 0.827612 -0.316042
vn -0.463871 0.827612 -0.316042
vn -0.668501 0.699675 -0.252113
vn -0.652049 0.748287 0.122061
vn -0.444111 0.885994 0.133341
vn -0.444111 0.885994 0.133341
vn -0.652049 0.748287 0.122061
vn -0.643855 0.603251 0.470680
vn -0.434269 0.711805 0.552036
vn -0.434269 0.711805 0.552036
vn -0.643855 0.603251 0.470680
vn -0.646113 0.303432 0.700333
vn -0.436980 0.351719 0.827854
vn -0.436980 0.351719 0.827854
vn -0.646113 0.303432 0.700333
vn -0.658217 -0.070833 0.749488
vn -0.451516 -0.097777 0.886890
vn -0.451516 -0.097777 0.886890
vn -0.658217 -0.070833 0.749488
vn -0.676924 -0.419263 0.604973
vn -0.473985 -0.516243 0.713324
vn -0.473985 -0.516243 0.713324
vn -0.676924 -0.419263 0.604973
vn -0.697223 -0.648494 0.305509
vn -0.498365 -0.791552 0.353664
vn -0.498365 -0.791552 0.353664
vn -0.697223 -0.648494 0.305509
vn -0.713673 -0.697106 -0.068662
vn -0.518123 -0.849934 -0.095718
vn -0.518123 -0.849934 -0.095718
vn -0.713673 -0.697106 -0.068662
vn -0.721869 -0.552069 -0.417284
vn -0.527966 -0.675745 -0.514413
vn -0.527966 -0.675745 -0.514413
vn -0.721869 -0.552069 -0.417284
vn -0.719613 -0.252247 -0.646938
vn -0.525259 -0.315659 -0.790229
vn -0.525259 -0.315659 -0.790229
vn -0.719613 -0.252247 -0.646938
vn -0.707509 0.122015 -0.696091
vn -0.510723 0.133837 -0.849264
vn -0.510723 0.133837 -0.849264
vn -0.707509 0.122015 -0.696091
vn -0.688801 0.470442 -0.551577
vn -0.488254 0.552302 -0.675700
vn -0.688801 0.470442 -0.551577
vn -0.797152 0.400852 -0.451517
vn -0.780212 0.592120 -0.201653
vn -0.668501 0.699675 -0.252113
vn -0.668501 0.699675 -0.252113
vn -0.780212 0.592120 -0.201653
vn -0.766483 0.632681 0.110540
vn -0.652049 0.748287 0.122061
vn -0.652049 0.748287 0.122061
vn -0.766483 0.632681 0.110540
vn -0.759645 0.511668 0.401418
vn -0.643855 0.603251 0.470680
vn -0.643855 0.603251 0.470680
vn -0.759645 0.511668 0.401418
vn -0.761527 0.261511 0.593033
vn -0.646113 0.303432 0.700333
vn -0.646113 0.303432 0.700333
vn -0.761527 0.261511 0.593033
vn -0.771627 -0.050765 0.634046
vn -0.658217 -0.070833 0.749488
vn -0.658217 -0.070833 0.749488
vn -0.771627 -0.050765 0.634046
vn -0.787236 -0.341485 0.513467
vn -0.676924 -0.419263 0.604973
vn -0.676924 -0.419263 0.604973
vn -0.787236 -0.341485 0.513467
vn -0.804174 -0.532746 0.263604
vn -0.697223 -0.648494 0.305509
vn -0.697223 -0.648494 0.305509
vn -0.804174 -0.532746 0.263604
vn -0.817900 -0.573305 -0.048591
vn -0.713673 -0.697106 -0.068662
vn -0.713673 -0.697106 -0.068662
vn -0.817900 -0.573305 -0.048591
vn -0.824740 -0.452291 -0.339465
vn -0.721869 -0.552069 -0.417284
vn -0.721869 -0.552069 -0.417284
vn -0.824740 -0.452291 -0.339465
vn -0.822859 -0.202126 -0.531082
vn -0.719613 -0.252247 -0.646938
vn -0.719613 -0.252247 -0.646938
vn -0.822859 -0.202126 -0.531082
vn -0.812758 0.110141 -0.572096
vn -0.707509 0.122015 -0.696091
vn -0.707509 0.122015 -0.696091
vn -0.812758 0.110141 -0.572096
vn -0.797152 0.400852 -0.451517
vn -0.688801 0.470442 -0.551577
vn -0.998537 0.037421 0.039042
vn -0.998537 0.037421 0.039042
vn -0.998537 0.037421 0.039043
vn -0.998537 0.037421 0.039043
vn -0.998537 0.037421 0.039043
vn -0.998537 0.037421 0.039043
vn -0.998537 0.037421 0.039041
vn -0.998537 0.037421 0.039041
vn -0.998537 0.037421 0.039041
vn -0.998537 0.037421 0.039041
vn -0.998537 0.037421 0.039040
vn -0.998537 0.037421 0.039040
vn -0.998537 0.037421 0.039040
vn -0.998537 0.037421 0.039040
vn -0.998537 0.037421 0.039042
vn -0.998537 0.037421 0.039042
vn -0.998537 0.037421 0.039042
vn -0.998537 0.037421 0.039042
vn -0.998537 0.037421 0.039042
vn -0.998537 0.037421 0.039042
vn -0.998537 0.037421 0.039042
vn -0.998537 0.037421 0.039042
vn -0.998537 0.037421 0.039042
vn -0.998537 0.037421 0.039042
vn -0.998537 0.037421 0.039042
vn -0.998537 0.037421 0.039042
vn -0.998537 0.037421 0.039041
vn -0.998537 0.037421 0.039041
vn -0.998537 0.037421 0.039041
vn -0.998537 0.037421 0.039041
vn -0.998537 0.037421 0.039041
vn -0.998537 0.037421 0.039041
vn -0.998537 0.037421 0.039041
vn -0.998537 0.037421 0.039041
vn -0.998537 0.037421 0.039041
vn -0.998537 0.037421 0.039041
vn -0.998537 0.037421 0.039041
vn -0.998537 0.037421 0.039041
vn -0.998537 0.037421 0.039042
vn -0.998537 0.037421 0.039042
vn -0.998537 0.037421 0.039042
vn -0.998537 0.037421 0.039042
vn -0.998537 0.037421 0.039042
vn -0.998537 0.037421 0.039042
vn -0.998537 0.037421 0.039042
vn -0.998537 0.037421 0.039042
vn -0.998537 0.037421 0.039042
vn -0.998537 0.037421 0.039042
vn -0.998537 0.037421 0.039044
vn -0.998537 0.037421 0.039042
vn -0.998537 0.037421 0.039041
vn -0.998537 0.037421 0.039041
vn -0.998537 0.037421 0.039042
vn -0.998537 0.037421 0.039042
vn -0.998537 0.037421 0.039042
vn -0.998537 0.037421 0.039042
vn -0.998537 0.037421 0.039043
vn -0.998537 0.037421 0.039043
vn -0.998537 0.037421 0.039042
vn -0.998537 0.037421 0.039040
vn -0.998537 0.037421 0.039040
vn -0.998537 0.037421 0.039042
vn -0.998537 0.037421 0.039042
vn -0.998537 0.037421 0.039042
vn -0.998537 0.037421 0.039042
vn -0.998537 0.037421 0.039042
vn -0.998537 0.037421 0.039042
vn -0.998537 0.037421 0.039042
vn -0.998537 0.037421 0.039043
vn -0.998537 0.037421 0.039043
vn -0.998537 0.037421 0.039042
vn -0.998537 0.037421 0.039042
vn -0.998537 0.037421 0.039042
vn -0.998537 0.037421 0.039042
vn -0.998537 0.037421 0.039041
vn -0.998537 0.037421 0.039041
vn -0.998537 0.037421 0.039042
vn -0.998537 0.037421 0.039042
vn -0.998537 0.037421 0.039042
vn -0.998537 0.037421 0.039042
vn -0.998537 0.037421 0.039042
vn -0.998537 0.037421 0.039042
vn -0.998537 0.037421 0.039042
vn -0.998537 0.037421 0.039044
vn -0.991057 0.116683 -0.064744
vn -0.991057 0.116683 -0.064744
vn -0.987425 0.157694 -0.011171
vn -0.987425 0.157694 -0.011171
vn -0.987425 0.157694 -0.011171
vn -0.987425 0.157694 -0.011171
vn -0.984482 0.166391 0.055768
vn -0.984482 0.166391 0.055768
vn -0.984482 0.166391 0.055768
vn -0.984482 0.166391 0.055768
vn -0.983015 0.140444 0.118137
vn -0.983015 0.140445 0.118137
vn -0.983015 0.140445 0.118137
vn -0.983015 0.140444 0.118137
vn -0.983419 0.086807 0.159224
vn -0.983419 0.086808 0.159224
vn -0.983419 0.086808 0.159224
vn -0.983419 0.086807 0.159224
vn -0.985584 0.019850 0.168017
vn -0.985584 0.019850 0.168017
vn -0.985584 0.019850 0.168017
vn -0.985584 0.019850 0.168017
vn -0.988931 -0.042483 0.142162
vn -0.988931 -0.042484 0.142161
vn -0.988931 -0.042484 0.142161
vn -0.988931 -0.042483 0.142162
vn -0.992563 -0.083493 0.088588
vn -0.992563 -0.083493 0.088587
vn -0.992563 -0.083493 0.088587
vn -0.992563 -0.083493 0.088588
vn -0.995506 -0.092188 0.021649
vn -0.995506 -0.092188 0.021649
vn -0.995506 -0.092188 0.021649
vn -0.995506 -0.092188 0.021649
vn -0.996973 -0.066240 -0.040718
vn -0.996973 -0.066240 -0.040718
vn -0.996973 -0.066240 -0.040718
vn -0.996973 -0.066240 -0.040718
vn -0.996569 -0.012603 -0.081802
vn -0.996569 -0.012602 -0.081802
vn -0.996569 -0.012602 -0.081802
vn -0.996569 -0.012603 -0.081802
vn -0.994404 0.054351 -0.090595
vn -0.994404 0.054351 -0.090595
vn -0.994404 0.054351 -0.090595
vn -0.994404 0.054351 -0.090595
vn -0.991057 0.116683 -0.064744
vn -0.991057 0.116683 -0.064744
vn 0.992564 0.083488 -0.088582
vn 0.992564 0.083488 -0.088583
vn 0.988933 0.042479 -0.142154
vn 0.988932 0.042479 -0.142155
vn 0.995507 0.092185 -0.021648
vn 0.995507 0.092185 -0.021648
vn 0.992564 0.083488 -0.088583
vn 0.992564 0.083488 -0.088582
vn 0.996973 0.066240 0.040717
vn 0.996973 0.066240 0.040718
vn 0.995507 0.092185 -0.021648
vn 0.995507 0.092185 -0.021648
vn 0.996569 0.012605 0.081803
vn 0.996569 0.012605 0.081804
vn 0.996973 0.066240 0.040718
vn 0.996973 0.066240 0.040717
vn 0.994403 -0.054351 0.090600
vn 0.994403 -0.054351 0.090600
vn 0.996569 0.012605 0.081804
vn 0.996569 0.012605 0.081803
vn 0.991057 -0.116684 0.064744
vn 0.991057 -0.116684 0.064744
vn 0.994403 -0.054351 0.090600
vn 0.994403 -0.054351 0.090600
vn 0.987425 -0.157691 0.011169
vn 0.987425 -0.157691 0.011169
vn 0.991057 -0.116684 0.064744
vn 0.991057 -0.116684 0.064744
vn 0.984482 -0.166388 -0.055769
vn 0.984482 -0.166388 -0.055769
vn 0.987425 -0.157691 0.011169
vn 0.987425 -0.157691 0.011169
vn 0.983016 -0.140442 -0.118133
vn 0.983016 -0.140441 -0.118134
vn 0.984482 -0.166388 -0.055769
vn 0.984482 -0.166388 -0.055769
vn 0.983420 -0.086804 -0.159216
vn 0.983420 -0.086804 -0.159216
vn 0.983016 -0.140441 -0.118134
vn 0.983016 -0.140442 -0.118133
vn 0.985586 -0.019851 -0.168009
vn 0.985586 -0.019851 -0.168009
vn 0.983420 -0.086804 -0.159216
vn 0.983420 -0.086804 -0.159216
vn 0.988932 0.042479 -0.142155
vn 0.988933 0.042479 -0.142154
vn 0.985586 -0.019851 -0.168009
vn 0.985586 -0.019851 -0.168009
vn -0.008140 0.609711 -0.792582
vn -0.008140 0.609711 -0.792582
vn 0.019682 0.923896 -0.382138
vn 0.019682 0.923896 -0.382138
vn -0.019682 -0.923895 0.382140
vn -0.019682 -0.923895 0.382140
vn 0.008140 -0.609710 0.792583
vn 0.008140 -0.609710 0.792583
vn 0.019682 0.923896 -0.382138
vn 0.019682 0.923896 -0.382138
vn 0.042231 0.990522 0.130702
vn 0.042231 0.990522 0.130702
vn -0.042231 -0.990522 -0.130702
vn -0.042231 -0.990522 -0.130702
vn -0.019682 -0.923895 0.382140
vn -0.019682 -0.923895 0.382140
vn 0.042231 0.990522 0.130702
vn 0.042231 0.990522 0.130702
vn 0.053464 0.791737 0.608517
vn 0.053464 0.791737 0.608517
vn -0.053464 -0.791740 -0.608514
vn -0.053464 -0.791740 -0.608514
vn -0.042231 -0.990522 -0.130702
vn -0.042231 -0.990522 -0.130702
vn 0.053464 0.791737 0.608517
vn 0.053464 0.791737 0.608517
vn 0.050371 0.380811 0.923280
vn 0.050371 0.380811 0.923280
vn -0.050371 -0.380808 -0.923281
vn -0.050371 -0.380808 -0.923281
vn -0.053464 -0.791740 -0.608514
vn -0.053464 -0.791740 -0.608514
vn 0.050371 0.380811 0.923280
vn 0.050371 0.380811 0.923280
vn 0.033781 -0.132159 0.990653
vn 0.033781 -0.132159 0.990653
vn -0.033781 0.132159 -0.990653
vn -0.033781 0.132159 -0.990653
vn -0.050371 -0.380808 -0.923281
vn -0.050371 -0.380808 -0.923281
vn 0.033781 -0.132159 0.990653
vn 0.033781 -0.132159 0.990653
vn 0.008140 -0.609717 0.792578
vn 0.008140 -0.609717 0.792578
vn -0.008140 0.609714 -0.792580
vn -0.008140 0.609714 -0.792580
vn -0.033781 0.132159 -0.990653
vn -0.033781 0.132159 -0.990653
vn 0.008140 -0.609717 0.792578
vn 0.008140 -0.609717 0.792578
vn -0.019682 -0.923897 0.382136
vn -0.019682 -0.923897 0.382136
vn 0.019683 0.923897 -0.382134
vn 0.019683 0.923897 -0.382134
vn -0.008140 0.609714 -0.792580
vn -0.008140 0.609714 -0.792580
vn -0.019682 -0.923897 0.382136
vn -0.019682 -0.923897 0.382136
vn -0.042231 -0.990522 -0.130702
vn -0.042231 -0.990522 -0.130702
vn 0.042231 0.990522 0.130702
vn 0.042231 0.990522 0.130702
vn 0.019683 0.923897 -0.382134
vn 0.019683 0.923897 -0.382134
vn -0.042231 -0.990522 -0.130702
vn -0.042231 -0.990522 -0.130702
vn -0.053464 -0.791736 -0.608519
vn -0.053464 -0.791736 -0.608519
vn 0.053464 0.791734 0.608522
vn 0.053464 0.791734 0.608522
vn 0.042231 0.990522 0.130702
vn 0.042231 0.990522 0.130702
vn -0.053464 -0.791736 -0.608519
vn -0.053464 -0.791736 -0.608519
vn -0.050371 -0.380805 -0.923282
vn -0.050371 -0.380805 -0.923282
vn 0.050371 0.380801 0.923284
vn 0.050371 0.380801 0.923284
vn 0.053464 0.791734 0.608522
vn 0.053464 0.791734 0.608522
vn -0.050371 -0.380805 -0.923282
vn -0.050371 -0.380805 -0.923282
vn -0.033781 0.132159 -0.990653
vn -0.033781 0.132159 -0.990653
vn 0.033781 -0.132159 0.990653
vn 0.033781 -0.132159 0.990653
vn 0.050371 0.380801 0.923284
vn 0.050371 0.380801 0.923284
vn -0.033781 0.132159 -0.990653
vn -0.033781 0.132159 -0.990653
vn -0.008140 0.609711 -0.792582
vn -0.008140 0.609711 -0.792582
vn 0.008140 -0.609710 0.792583
vn 0.008140 -0.609710 0.792583
vn 0.033781 -0.132159 0.990653
vn 0.033781 -0.132159 0.990653
vn -0.046132 -0.966147 -0.253833
vn -0.046132 -0.966147 -0.253833
vn -0.046132 -0.966147 -0.253833
vn -0.046132 -0.966147 -0.253833
vn -0.033781 0.132159 -0.990653
vn -0.033781 0.132159 -0.990653
vn -0.033781 0.132159 -0.990653
vn -0.033781 0.132159 -0.990653
vn 0.037664 0.999275 0.005509
vn 0.037664 0.999275 0.005509
vn 0.037664 0.999275 0.005509
vn 0.037664 0.999275 0.005509
vn 0.033781 -0.132159 0.990653
vn 0.033781 -0.132159 0.990653
vn 0.033781 -0.132159 0.990653
vn 0.033781 -0.132159 0.990653
vn 0.998909 -0.044472 0.014271
vn 0.998909 -0.044472 0.014271
vn 0.998909 -0.044472 0.014271
vn 0.998909 -0.044472 0.014271
vn -0.995855 0.031185 0.085438
vn -0.995855 0.031185 0.085438
vn -0.995855 0.031185 0.085438
vn -0.995855 0.031185 0.085438
vn 0.998537 -0.037421 -0.039042
vn 0.998537 -0.037421 -0.039042
vn 0.998537 -0.037421 -0.039041
vn 0.998537 -0.037421 -0.039043
vn 0.998537 -0.037421 -0.039042
vn 0.998537 -0.037421 -0.039042
vn 0.998537 -0.037421 -0.039041
vn 0.998537 -0.037421 -0.039042
vn 0.998537 -0.037421 -0.039042
vn 0.998537 -0.037421 -0.039042
vn 0.998537 -0.037421 -0.039042
vn 0.998537 -0.037421 -0.039043
vn 0.998537 -0.037421 -0.039041
vn 0.998537 -0.037421 -0.039043
vn 0.998537 -0.037421 -0.039042
vn 0.998537 -0.037421 -0.039042
vn 0.998537 -0.037421 -0.039042
vn 0.998537 -0.037421 -0.039042
vn 0.998537 -0.037421 -0.039042
vn 0.998537 -0.037421 -0.039042
vn 0.998537 -0.037421 -0.039043
vn 0.998537 -0.037421 -0.039042
vn 0.998537 -0.037421 -0.039042
vn 0.998537 -0.037421 -0.039042
vn 0.998537 -0.037421 -0.039042
vn 0.998537 -0.037421 -0.039042
vn 0.998537 -0.037421 -0.039042
vn 0.998537 -0.037421 -0.039043
vn 0.998537 -0.037421 -0.039042
vn 0.998537 -0.037421 -0.039042
vn 0.998537 -0.037421 -0.039042
vn 0.998537 -0.037421 -0.039043
vn 0.998537 -0.037421 -0.039042
vn 0.998537 -0.037421 -0.039041
vn 0.998537 -0.037421 -0.039042
vn 0.998537 -0.037421 -0.039042
vn 0.406262 -0.806767 0.429043
vn 0.406262 -0.806767 0.429043
vn 0.406262 -0.806767 0.429043
vn 0.406262 -0.806767 0.429043
vn 0.925656 -0.371105 0.073775
vn 0.925656 -0.371105 0.073775
vn 0.925656 -0.371105 0.073775
vn 0.925656 -0.371105 0.073775
vn 0.902813 0.281945 -0.324708
vn 0.902813 0.281945 -0.324708
vn 0.902813 0.281945 -0.324708
vn 0.902813 0.281945 -0.324708
vn 0.351116 0.769836 -0.532983
vn 0.351116 0.769836 -0.532983
vn 0.351116 0.769836 -0.532983
vn 0.351116 0.769836 -0.532983
vn -0.406262 0.806767 -0.429043
vn -0.406262 0.806767 -0.429043
vn -0.406262 0.806767 -0.429043
vn -0.406262 0.806767 -0.429043
vn -0.925656 0.371105 -0.073776
vn -0.925656 0.371105 -0.073776
vn -0.925656 0.371105 -0.073776
vn -0.925656 0.371105 -0.073776
vn -0.902813 -0.281945 0.324708
vn -0.902813 -0.281945 0.324708
vn -0.902813 -0.281945 0.324708
vn -0.902813 -0.281945 0.324708
vn -0.351116 -0.769836 0.532983
vn -0.351116 -0.769836 0.532983
vn -0.351116 -0.769836 0.532983
vn -0.351116 -0.769836 0.532983
vn 0.140997 0.519263 0.842903
vn 0.140997 0.519262 0.842904
vn 0.140997 0.519262 0.842904
vn 0.140997 0.519263 0.842903
vn 0.140997 0.519262 0.842904
vn 0.140997 0.519263 0.842903
vn 0.140998 0.519261 0.842904
vn 0.140997 0.519262 0.842904
vn 0.140997 0.519263 0.842903
vn 0.140997 0.519262 0.842904
vn 0.140997 0.519262 0.842904
vn 0.140998 0.519261 0.842904
vn 0.140997 0.519263 0.842903
vn 0.140997 0.519262 0.842904
vn 0.140997 0.519262 0.842904
vn 0.140997 0.519262 0.842904
vn 0.140997 0.519262 0.842904
vn 0.140997 0.519263 0.842903
vn 0.140998 0.519261 0.842904
vn 0.140997 0.519262 0.842904
vn 0.140997 0.519262 0.842904
vn 0.140997 0.519262 0.842904
vn 0.140997 0.519262 0.842904
vn 0.140998 0.519261 0.842904
vn -0.140997 -0.519262 -0.842904
vn -0.140997 -0.519262 -0.842904
vn -0.140997 -0.519262 -0.842904
vn -0.140997 -0.519262 -0.842904
vn -0.140997 -0.519262 -0.842904
vn -0.140997 -0.519263 -0.842903
vn -0.140997 -0.519263 -0.842903
vn -0.140997 -0.519262 -0.842904
vn -0.140997 -0.519263 -0.842903
vn -0.140997 -0.519263 -0.842903
vn -0.140997 -0.519262 -0.842904
vn -0.140997 -0.519262 -0.842904
vn -0.140997 -0.519262 -0.842904
vn -0.140997 -0.519262 -0.842904
vn -0.140997 -0.519262 -0.842904
vn -0.140997 -0.519262 -0.842904
vn -0.140997 -0.519262 -0.842904
vn -0.140997 -0.519262 -0.842904
vn -0.140997 -0.519262 -0.842904
vn -0.140997 -0.519262 -0.842904
vn -0.140997 -0.519262 -0.842904
vn -0.140997 -0.519262 -0.842904
vn -0.140997 -0.519262 -0.842904
vn -0.140997 -0.519262 -0.842904
vn -0.783472 -0.461965 0.415645
vn -0.783472 -0.461965 0.415645
vn -0.783472 -0.461965 0.415645
vn -0.783472 -0.461965 0.415645
vn -0.605220 0.718996 -0.341691
vn -0.605220 0.718996 -0.341691
vn -0.605220 0.718996 -0.341691
vn -0.605220 0.718996 -0.341691
vn 0.783472 0.461965 -0.415645
vn 0.783472 0.461965 -0.415645
vn 0.783472 0.461965 -0.415645
vn 0.783472 0.461965 -0.415645
vn 0.605221 -0.718996 0.341691
vn 0.605221 -0.718996 0.341691
vn 0.605221 -0.718996 0.341691
vn 0.605221 -0.718996 0.341691
vn -0.140997 -0.519262 -0.842904
vn -0.140997 -0.519262 -0.842904
vn -0.140997 -0.519262 -0.842904
vn -0.140997 -0.519262 -0.842904
vn 0.140997 0.519263 0.842903
vn 0.140997 0.519263 0.842903
vn 0.140997 0.519263 0.842903
vn 0.140997 0.519263 0.842903
vn 0.053969 0.643380 0.763643
vn 0.053969 0.643380 0.763643
vn 0.048467 0.939498 0.339110
vn 0.048467 0.939498 0.339110
vn 0.048467 0.939498 0.339110
vn 0.048467 0.939498 0.339110
vn 0.029979 0.983881 -0.176292
vn 0.029979 0.983881 -0.176292
vn 0.029979 0.983881 -0.176292
vn 0.029979 0.983881 -0.176292
vn 0.003458 0.764635 -0.644454
vn 0.003458 0.764635 -0.644454
vn 0.003458 0.764635 -0.644454
vn 0.003458 0.764635 -0.644454
vn -0.023990 0.340504 -0.939937
vn -0.023990 0.340504 -0.939937
vn -0.023990 0.340504 -0.939937
vn -0.023990 0.340504 -0.939937
vn -0.045010 -0.174863 -0.983563
vn -0.045010 -0.174863 -0.983563
vn -0.045010 -0.174863 -0.983563
vn -0.045010 -0.174863 -0.983563
vn -0.053969 -0.643378 -0.763644
vn -0.053969 -0.643378 -0.763644
vn -0.053969 -0.643378 -0.763644
vn -0.053969 -0.643378 -0.763644
vn -0.048467 -0.939498 -0.339108
vn -0.048467 -0.939498 -0.339108
vn -0.048467 -0.939498 -0.339108
vn -0.048467 -0.939498 -0.339108
vn -0.029979 -0.983881 0.176292
vn -0.029979 -0.983881 0.176292
vn -0.029979 -0.983881 0.176292
vn -0.029979 -0.983881 0.176292
vn -0.003457 -0.764634 0.644456
vn -0.003457 -0.764634 0.644456
vn -0.003457 -0.764634 0.644456
vn -0.003457 -0.764634 0.644456
vn 0.023990 -0.340506 0.939936
vn 0.023990 -0.340506 0.939936
vn 0.023990 -0.340506 0.939936
vn 0.023990 -0.340506 0.939936
vn 0.045010 0.174863 0.983563
vn 0.045010 0.174863 0.983563
vn 0.045010 0.174863 0.983563
vn 0.045010 0.174863 0.983563
vn 0.053969 0.643380 0.763643
vn 0.053969 0.643380 0.763643
vn -0.998537 0.037420 0.039045
vn -0.998537 0.037421 0.039042
vn -0.998537 0.037421 0.039042
vn -0.998537 0.037420 0.039045
vn -0.998537 0.037421 0.039042
vn -0.998537 0.037420 0.039045
vn -0.998537 0.037421 0.039040
vn -0.998537 0.037421 0.039042
vn -0.998537 0.037420 0.039045
vn -0.998537 0.037419 0.039043
vn -0.998537 0.037421 0.039042
vn -0.998537 0.037421 0.039040
vn -0.998537 0.037419 0.039044
vn -0.998537 0.037421 0.039042
vn -0.998537 0.037419 0.039043
vn -0.998537 0.037421 0.039041
vn -0.998537 0.037421 0.039042
vn -0.998537 0.037419 0.039044
vn -0.998537 0.037421 0.039042
vn -0.998537 0.037421 0.039042
vn -0.998537 0.037421 0.039041
vn -0.998537 0.037421 0.039042
vn -0.998537 0.037421 0.039042
vn -0.998537 0.037421 0.039042
vn -0.998537 0.037420 0.039039
vn -0.998537 0.037421 0.039042
vn -0.998537 0.037421 0.039042
vn -0.998537 0.037423 0.039041
vn -0.998537 0.037421 0.039042
vn -0.998537 0.037420 0.039039
vn -0.998537 0.037422 0.039042
vn -0.998537 0.037421 0.039042
vn -0.998537 0.037423 0.039041
vn -0.998537 0.037421 0.039042
vn -0.998537 0.037421 0.039042
vn -0.998537 0.037422 0.039042
vn 0.998537 -0.037420 -0.039043
vn 0.998537 -0.037421 -0.039041
vn 0.998537 -0.037421 -0.039042
vn 0.998537 -0.037421 -0.039042
vn 0.998537 -0.037421 -0.039041
vn 0.998537 -0.037421 -0.039039
vn 0.998537 -0.037421 -0.039039
vn 0.998537 -0.037421 -0.039041
vn 0.998537 -0.037422 -0.039041
vn 0.998537 -0.037422 -0.039041
vn 0.998537 -0.037421 -0.039041
vn 0.998537 -0.037422 -0.039040
vn 0.998537 -0.037422 -0.039040
vn 0.998537 -0.037421 -0.039041
vn 0.998537 -0.037420 -0.039039
vn 0.998537 -0.037420 -0.039039
vn 0.998537 -0.037421 -0.039041
vn 0.998537 -0.037420 -0.039041
vn 0.998537 -0.037420 -0.039041
vn 0.998537 -0.037421 -0.039041
vn 0.998537 -0.037420 -0.039042
vn 0.998537 -0.037420 -0.039042
vn 0.998537 -0.037421 -0.039041
vn 0.998537 -0.037420 -0.039042
vn 0.998537 -0.037420 -0.039042
vn 0.998537 -0.037421 -0.039041
vn 0.998537 -0.037420 -0.039042
vn 0.998537 -0.037420 -0.039042
vn 0.998537 -0.037421 -0.039041
vn 0.998537 -0.037420 -0.039043
vn 0.998537 -0.037420 -0.039043
vn 0.998537 -0.037421 -0.039041
vn 0.998537 -0.037420 -0.039043
vn 0.998537 -0.037420 -0.039043
vn 0.998537 -0.037421 -0.039041
vn 0.998537 -0.037420 -0.039043
vn -0.998537 0.037421 0.039042
vn -0.998537 0.037421 0.039042
vn -0.998537 0.037421 0.039042
vn -0.998537 0.037421 0.039042
vn -0.998537 0.037421 0.039042
vn -0.998537 0.037421 0.039042
vn -0.998537 0.037421 0.039042
vn -0.998537 0.037421 0.039042
vn -0.998537 0.037421 0.039042
vn -0.998537 0.037421 0.039042
vn -0.998537 0.037421 0.039042
vn -0.998537 0.037421 0.039042
vn -0.998537 0.037421 0.039042
vn -0.998537 0.037421 0.039042
vn -0.998537 0.037421 0.039042
vn -0.998537 0.037421 0.039042
vn -0.998537 0.037421 0.039042
vn -0.998537 0.037421 0.039042
vn -0.998537 0.037421 0.039042
vn -0.998537 0.037421 0.039042
vn -0.998537 0.037421 0.039042
vn -0.998537 0.037421 0.039042
vn -0.998537 0.037421 0.039042
vn -0.998537 0.037421 0.039042
vn -0.998537 0.037421 0.039042
vn -0.998537 0.037421 0.039042
vn -0.998537 0.037421 0.039042
vn -0.998537 0.037421 0.039042
vn -0.998537 0.037421 0.039042
vn -0.998537 0.037421 0.039042
vn -0.998537 0.037421 0.039042
vn -0.998537 0.037421 0.039042
vn -0.998537 0.037421 0.039042
vn -0.998537 0.037421 0.039042
vn -0.998537 0.037421 0.039042
vn -0.998537 0.037421 0.039042
vn -0.998537 0.037421 0.039042
vn -0.998537 0.037421 0.039042
vn -0.998537 0.037421 0.039042
vn -0.998537 0.037421 0.039042
vn -0.998537 0.037421 0.039042
vn -0.998537 0.037421 0.039042
vn -0.998537 0.037421 0.039042
vn -0.998537 0.037421 0.039042
vn -0.998537 0.037421 0.039042
vn -0.998537 0.037421 0.039042
vn -0.998537 0.037421 0.039042
vn -0.998537 0.037421 0.039042
vn 0.998537 -0.037421 -0.039042
vn 0.998537 -0.037421 -0.039042
vn 0.998537 -0.037421 -0.039042
vn 0.998537 -0.037421 -0.039042
vn 0.998537 -0.037421 -0.039042
vn 0.998537 -0.037421 -0.039042
vn 0.998537 -0.037421 -0.039042
vn 0.998537 -0.037421 -0.039042
vn 0.998537 -0.037421 -0.039042
vn 0.998537 -0.037421 -0.039042
vn 0.998537 -0.037421 -0.039042
vn 0.998537 -0.037421 -0.039042
vn 0.998537 -0.037421 -0.039042
vn 0.998537 -0.037421 -0.039042
vn 0.998537 -0.037421 -0.039042
vn 0.998537 -0.037421 -0.039042
vn 0.998537 -0.037421 -0.039042
vn 0.998537 -0.037421 -0.039042
vn 0.998537 -0.037421 -0.039042
vn 0.998537 -0.037421 -0.039042
vn 0.998537 -0.037421 -0.039042
vn 0.998537 -0.037421 -0.039042
vn 0.998537 -0.037421 -0.039042
vn 0.998537 -0.037421 -0.039042
vn 0.998537 -0.037421 -0.039042
vn 0.998537 -0.037421 -0.039042
vn 0.998537 -0.037421 -0.039042
vn 0.998537 -0.037421 -0.039042
vn 0.998537 -0.037421 -0.039042
vn 0.998537 -0.037421 -0.039042
vn 0.998537 -0.037421 -0.039042
vn 0.998537 -0.037421 -0.039042
vn 0.998537 -0.037421 -0.039042
vn 0.998537 -0.037421 -0.039042
vn 0.998537 -0.037421 -0.039042
vn 0.998537 -0.037421 -0.039042
vn 0.998537 -0.037421 -0.039042
vn 0.998537 -0.037421 -0.039042
vn 0.998537 -0.037421 -0.039042
vn 0.998537 -0.037421 -0.039042
vn 0.998537 -0.037421 -0.039042
vn 0.998537 -0.037421 -0.039042
vn 0.998537 -0.037421 -0.039042
vn 0.998537 -0.037421 -0.039042
vn 0.998537 -0.037421 -0.039042
vn 0.998537 -0.037421 -0.039042
vn 0.998537 -0.037421 -0.039042
vn 0.998537 -0.037421 -0.039042
vn -0.048467 -0.939498 -0.339110
vn -0.048467 -0.939498 -0.339110
vn -0.053969 -0.643378 -0.763644
vn -0.053969 -0.643378 -0.763644
vn -0.029979 -0.983881 0.176292
vn -0.029979 -0.983881 0.176292
vn -0.048467 -0.939498 -0.339110
vn -0.048467 -0.939498 -0.339110
vn -0.003458 -0.764635 0.644454
vn -0.003458 -0.764635 0.644454
vn -0.029979 -0.983881 0.176292
vn -0.029979 -0.983881 0.176292
vn 0.023990 -0.340506 0.939936
vn 0.023990 -0.340506 0.939936
vn -0.003458 -0.764635 0.644454
vn -0.003458 -0.764635 0.644454
vn 0.045010 0.174863 0.983563
vn 0.045010 0.174863 0.983563
vn 0.023990 -0.340506 0.939936
vn 0.023990 -0.340506 0.939936
vn 0.053969 0.643378 0.763644
vn 0.053969 0.643378 0.763644
vn 0.045010 0.174863 0.983563
vn 0.045010 0.174863 0.983563
vn 0.048467 0.939498 0.339108
vn 0.048467 0.939498 0.339108
vn 0.053969 0.643378 0.763644
vn 0.053969 0.643378 0.763644
vn 0.029979 0.983881 -0.176292
vn 0.029979 0.983881 -0.176292
vn 0.048467 0.939498 0.339108
vn 0.048467 0.939498 0.339108
vn 0.003457 0.764634 -0.644456
vn 0.003457 0.764634 -0.644456
vn 0.029979 0.983881 -0.176292
vn 0.029979 0.983881 -0.176292
vn -0.023990 0.340506 -0.939936
vn -0.023990 0.340506 -0.939936
vn 0.003457 0.764634 -0.644456
vn 0.003457 0.764634 -0.644456
vn -0.045010 -0.174863 -0.983563
vn -0.045010 -0.174863 -0.983563
vn -0.023990 0.340506 -0.939936
vn -0.023990 0.340506 -0.939936
vn -0.053969 -0.643378 -0.763644
vn -0.053969 -0.643378 -0.763644
vn -0.045010 -0.174863 -0.983563
vn -0.045010 -0.174863 -0.983563
vn -0.053969 -0.643378 -0.763644
vn -0.053969 -0.643378 -0.763644
vn -0.048467 -0.939498 -0.339109
vn -0.048467 -0.939498 -0.339109
vn -0.048467 -0.939498 -0.339109
vn -0.048467 -0.939498 -0.339109
vn -0.029979 -0.983881 0.176292
vn -0.029979 -0.983881 0.176292
vn -0.029979 -0.983881 0.176292
vn -0.029979 -0.983881 0.176292
vn -0.003458 -0.764635 0.644454
vn -0.003458 -0.764635 0.644454
vn -0.003458 -0.764635 0.644454
vn -0.003458 -0.764635 0.644454
vn 0.023990 -0.340506 0.939936
vn 0.023990 -0.340506 0.939936
vn 0.023990 -0.340506 0.939936
vn 0.023990 -0.340506 0.939936
vn 0.045010 0.174863 0.983563
vn 0.045010 0.174863 0.983563
vn 0.045010 0.174863 0.983563
vn 0.045010 0.174863 0.983563
vn 0.053969 0.643378 0.763644
vn 0.053969 0.643378 0.763644
vn 0.053969 0.643378 0.763644
vn 0.053969 0.643378 0.763644
vn 0.048467 0.939498 0.339108
vn 0.048467 0.939498 0.339108
vn 0.048467 0.939498 0.339108
vn 0.048467 0.939498 0.339108
vn 0.029979 0.983881 -0.176292
vn 0.029979 0.983881 -0.176292
vn 0.029979 0.983881 -0.176292
vn 0.029979 0.983881 -0.176292
vn 0.003457 0.764634 -0.644456
vn 0.003457 0.764634 -0.644456
vn 0.003457 0.764634 -0.644456
vn 0.003457 0.764634 -0.644456
vn -0.023990 0.340506 -0.939936
vn -0.023990 0.340506 -0.939936
vn -0.023990 0.340506 -0.939936
vn -0.023990 0.340506 -0.939936
vn -0.045010 -0.174863 -0.983563
vn -0.045010 -0.174863 -0.983563
vn -0.045010 -0.174863 -0.983563
vn -0.045010 -0.174863 -0.983563
vn -0.053969 -0.643378 -0.763644
vn -0.053969 -0.643378 -0.763644
vn -0.998537 0.037421 0.039043
vn -0.998537 0.037421 0.039043
vn -0.998537 0.037421 0.039042
vn -0.998537 0.037421 0.039042
vn -0.998537 0.037422 0.039042
vn -0.998537 0.037422 0.039042
vn -0.998537 0.037421 0.039043
vn -0.998537 0.037421 0.039043
vn -0.998537 0.037422 0.039041
vn -0.998537 0.037422 0.039041
vn -0.998537 0.037422 0.039042
vn -0.998537 0.037422 0.039042
vn -0.998537 0.037421 0.039041
vn -0.998537 0.037421 0.039041
vn -0.998537 0.037422 0.039041
vn -0.998537 0.037422 0.039041
vn -0.998537 0.037421 0.039042
vn -0.998537 0.037421 0.039042
vn -0.998537 0.037421 0.039041
vn -0.998537 0.037421 0.039041
vn -0.998537 0.037421 0.039044
vn -0.998537 0.037421 0.039044
vn -0.998537 0.037421 0.039042
vn -0.998537 0.037421 0.039042
vn -0.998537 0.037421 0.039042
vn -0.998537 0.037421 0.039042
vn -0.998537 0.037421 0.039044
vn -0.998537 0.037421 0.039044
vn -0.998537 0.037421 0.039041
vn -0.998537 0.037421 0.039041
vn -0.998537 0.037421 0.039042
vn -0.998537 0.037421 0.039042
vn -0.998537 0.037420 0.039042
vn -0.998537 0.037420 0.039042
vn -0.998537 0.037421 0.039041
vn -0.998537 0.037421 0.039041
vn -0.998537 0.037421 0.039043
vn -0.998537 0.037421 0.039043
vn -0.998537 0.037420 0.039042
vn -0.998537 0.037420 0.039042
vn -0.998537 0.037421 0.039043
vn -0.998537 0.037421 0.039043
vn -0.998537 0.037421 0.039043
vn -0.998537 0.037421 0.039043
vn -0.998537 0.037421 0.039042
vn -0.998537 0.037421 0.039042
vn -0.998537 0.037421 0.039043
vn -0.998537 0.037421 0.039043
vn 0.998537 -0.037421 -0.039043
vn 0.998537 -0.037421 -0.039043
vn 0.998537 -0.037422 -0.039043
vn 0.998537 -0.037422 -0.039043
vn 0.998537 -0.037422 -0.039043
vn 0.998537 -0.037422 -0.039043
vn 0.998537 -0.037422 -0.039041
vn 0.998537 -0.037422 -0.039041
vn 0.998537 -0.037422 -0.039041
vn 0.998537 -0.037422 -0.039041
vn 0.998537 -0.037421 -0.039041
vn 0.998537 -0.037421 -0.039041
vn 0.998537 -0.037421 -0.039041
vn 0.998537 -0.037421 -0.039041
vn 0.998537 -0.037421 -0.039042
vn 0.998537 -0.037421 -0.039042
vn 0.998537 -0.037421 -0.039042
vn 0.998537 -0.037421 -0.039042
vn 0.998537 -0.037421 -0.039041
vn 0.998537 -0.037421 -0.039041
vn 0.998537 -0.037421 -0.039041
vn 0.998537 -0.037421 -0.039041
vn 0.998537 -0.037421 -0.039041
vn 0.998537 -0.037421 -0.039041
vn 0.998537 -0.037421 -0.039041
vn 0.998537 -0.037421 -0.039041
vn 0.998537 -0.037421 -0.039041
vn 0.998537 -0.037421 -0.039041
vn 0.998537 -0.037421 -0.039041
vn 0.998537 -0.037421 -0.039041
vn 0.998537 -0.037421 -0.039042
vn 0.998537 -0.037421 -0.039042
vn 0.998537 -0.037421 -0.039042
vn 0.998537 -0.037421 -0.039042
vn 0.998537 -0.037421 -0.039043
vn 0.998537 -0.037421 -0.039043
vn 0.998537 -0.037421 -0.039043
vn 0.998537 -0.037421 -0.039043
vn 0.998537 -0.037421 -0.039042
vn 0.998537 -0.037421 -0.039042
vn 0.998537 -0.037421 -0.039042
vn 0.998537 -0.037421 -0.039042
vn 0.998537 -0.037421 -0.039044
vn 0.998537 -0.037421 -0.039044
vn 0.998537 -0.037421 -0.039044
vn 0.998537 -0.037421 -0.039044
vn 0.998537 -0.037421 -0.039043
vn 0.998537 -0.037421 -0.039043
vn 0.048467 0.939498 0.339108
vn 0.048467 0.939499 0.339107
vn 0.053969 0.643379 0.763644
vn 0.053969 0.643379 0.763644
vn 0.029979 0.983881 -0.176292
vn 0.029979 0.983881 -0.176292
vn 0.048467 0.939499 0.339107
vn 0.048467 0.939498 0.339108
vn 0.003458 0.764635 -0.644454
vn 0.003458 0.764635 -0.644454
vn 0.029979 0.983881 -0.176292
vn 0.029979 0.983881 -0.176292
vn -0.023990 0.340515 -0.939933
vn -0.023990 0.340515 -0.939933
vn 0.003458 0.764635 -0.644454
vn 0.003458 0.764635 -0.644454
vn -0.045010 -0.174860 -0.983564
vn -0.045010 -0.174859 -0.983564
vn -0.023990 0.340515 -0.939933
vn -0.023990 0.340515 -0.939933
vn -0.053969 -0.643383 -0.763640
vn -0.053969 -0.643383 -0.763640
vn -0.045010 -0.174859 -0.983564
vn -0.045010 -0.174860 -0.983564
vn -0.048467 -0.939498 -0.339109
vn -0.048467 -0.939498 -0.339109
vn -0.053969 -0.643383 -0.763640
vn -0.053969 -0.643383 -0.763640
vn -0.029979 -0.983881 0.176292
vn -0.029979 -0.983881 0.176292
vn -0.048467 -0.939498 -0.339109
vn -0.048467 -0.939498 -0.339109
vn -0.003457 -0.764635 0.644455
vn -0.003457 -0.764634 0.644455
vn -0.029979 -0.983881 0.176292
vn -0.029979 -0.983881 0.176292
vn 0.023990 -0.340504 0.939937
vn 0.023990 -0.340504 0.939937
vn -0.003457 -0.764634 0.644455
vn -0.003457 -0.764635 0.644455
vn 0.045010 0.174864 0.983563
vn 0.045010 0.174864 0.983563
vn 0.023990 -0.340504 0.939937
vn 0.023990 -0.340504 0.939937
vn 0.053969 0.643379 0.763644
vn 0.053969 0.643379 0.763644
vn 0.045010 0.174864 0.983563
vn 0.045010 0.174864 0.983563
vn 0.053969 0.643379 0.763643
vn 0.053969 0.643379 0.763643
vn 0.048467 0.939498 0.339108
vn 0.048467 0.939498 0.339108
vn 0.048467 0.939498 0.339108
vn 0.048467 0.939498 0.339108
vn 0.029979 0.983881 -0.176292
vn 0.029979 0.983882 -0.176291
vn 0.029979 0.983882 -0.176291
vn 0.029979 0.983881 -0.176292
vn 0.003458 0.764636 -0.644453
vn 0.003458 0.764636 -0.644453
vn 0.003458 0.764636 -0.644453
vn 0.003458 0.764636 -0.644453
vn -0.023990 0.340513 -0.939934
vn -0.023990 0.340513 -0.939934
vn -0.023990 0.340513 -0.939934
vn -0.023990 0.340513 -0.939934
vn -0.045010 -0.174863 -0.983563
vn -0.045010 -0.174863 -0.983563
vn -0.045010 -0.174863 -0.983563
vn -0.045010 -0.174863 -0.983563
vn -0.053969 -0.643384 -0.763639
vn -0.053969 -0.643384 -0.763639
vn -0.053969 -0.643384 -0.763639
vn -0.053969 -0.643384 -0.763639
vn -0.048466 -0.939498 -0.339108
vn -0.048466 -0.939499 -0.339106
vn -0.048466 -0.939499 -0.339106
vn -0.048466 -0.939498 -0.339108
vn -0.029978 -0.983881 0.176293
vn -0.029978 -0.983881 0.176293
vn -0.029978 -0.983881 0.176293
vn -0.029978 -0.983881 0.176293
vn -0.003457 -0.764636 0.644454
vn -0.003457 -0.764636 0.644454
vn -0.003457 -0.764636 0.644454
vn -0.003457 -0.764636 0.644454
vn 0.023990 -0.340506 0.939936
vn 0.023990 -0.340506 0.939936
vn 0.023990 -0.340506 0.939936
vn 0.023990 -0.340506 0.939936
vn 0.045010 0.174864 0.983563
vn 0.045010 0.174864 0.983563
vn 0.045010 0.174864 0.983563
vn 0.045010 0.174864 0.983563
vn 0.053969 0.643379 0.763643
vn 0.053969 0.643379 0.763643
vn 0.053969 0.643376 0.763646
vn 0.053969 0.643376 0.763646
vn 0.048467 0.939498 0.339108
vn 0.048467 0.939498 0.339108
vn 0.048467 0.939498 0.339108
vn 0.048467 0.939498 0.339108
vn 0.053969 0.643378 0.763644
vn 0.053969 0.643378 0.763644
vn 0.048467 0.939498 0.339108
vn 0.048467 0.939498 0.339108
vn 0.029979 0.983881 -0.176292
vn 0.029979 0.983881 -0.176292
vn 0.029979 0.983881 -0.176292
vn 0.029979 0.983881 -0.176292
vn 0.048467 0.939498 0.339108
vn 0.048467 0.939498 0.339108
vn 0.029979 0.983881 -0.176292
vn 0.029979 0.983881 -0.176292
vn 0.003457 0.764635 -0.644455
vn 0.003457 0.764635 -0.644455
vn 0.003457 0.764634 -0.644455
vn 0.003457 0.764634 -0.644455
vn 0.029979 0.983881 -0.176292
vn 0.029979 0.983881 -0.176292
vn 0.003457 0.764635 -0.644455
vn 0.003457 0.764635 -0.644455
vn -0.023990 0.340504 -0.939937
vn -0.023990 0.340504 -0.939937
vn -0.023990 0.340504 -0.939937
vn -0.023990 0.340504 -0.939937
vn 0.003457 0.764634 -0.644455
vn 0.003457 0.764634 -0.644455
vn -0.023990 0.340504 -0.939937
vn -0.023990 0.340504 -0.939937
vn -0.045010 -0.174863 -0.983563
vn -0.045010 -0.174863 -0.983563
vn -0.045010 -0.174863 -0.983563
vn -0.045010 -0.174863 -0.983563
vn -0.023990 0.340504 -0.939937
vn -0.023990 0.340504 -0.939937
vn -0.045010 -0.174863 -0.983563
vn -0.045010 -0.174863 -0.983563
vn -0.053969 -0.643376 -0.763646
vn -0.053969 -0.643376 -0.763646
vn -0.053969 -0.643376 -0.763646
vn -0.053969 -0.643376 -0.763646
vn -0.045010 -0.174863 -0.983563
vn -0.045010 -0.174863 -0.983563
vn -0.053969 -0.643376 -0.763646
vn -0.053969 -0.643376 -0.763646
vn -0.048467 -0.939498 -0.339108
vn -0.048467 -0.939498 -0.339108
vn -0.048467 -0.939498 -0.339109
vn -0.048467 -0.939498 -0.339109
vn -0.053969 -0.643376 -0.763646
vn -0.053969 -0.643376 -0.763646
vn -0.048467 -0.939498 -0.339108
vn -0.048467 -0.939498 -0.339108
vn -0.029979 -0.983881 0.176292
vn -0.029979 -0.983881 0.176292
vn -0.029979 -0.983881 0.176292
vn -0.029979 -0.983881 0.176292
vn -0.048467 -0.939498 -0.339109
vn -0.048467 -0.939498 -0.339109
vn -0.029979 -0.983881 0.176292
vn -0.029979 -0.983881 0.176292
vn -0.003457 -0.764635 0.644455
vn -0.003457 -0.764635 0.644455
vn -0.003458 -0.764635 0.644454
vn -0.003458 -0.764635 0.644454
vn -0.029979 -0.983881 0.176292
vn -0.029979 -0.983881 0.176292
vn -0.003457 -0.764635 0.644455
vn -0.003457 -0.764635 0.644455
vn 0.023990 -0.340504 0.939937
vn 0.023990 -0.340504 0.939937
vn 0.023990 -0.340506 0.939936
vn 0.023990 -0.340506 0.939936
vn -0.003458 -0.764635 0.644454
vn -0.003458 -0.764635 0.644454
vn 0.023990 -0.340504 0.939937
vn 0.023990 -0.340504 0.939937
vn 0.045010 0.174863 0.983563
vn 0.045010 0.174863 0.983563
vn 0.045010 0.174863 0.983563
vn 0.045010 0.174863 0.983563
vn 0.023990 -0.340506 0.939936
vn 0.023990 -0.340506 0.939936
vn 0.045010 0.174863 0.983563
vn 0.045010 0.174863 0.983563
vn 0.053969 0.643376 0.763646
vn 0.053969 0.643376 0.763646
vn 0.053969 0.643378 0.763644
vn 0.053969 0.643378 0.763644
vn 0.045010 0.174863 0.983563
vn 0.045010 0.174863 0.983563
vn -0.998537 0.037421 0.039043
vn -0.998537 0.037421 0.039043
vn -0.998537 0.037421 0.039042
vn -0.998537 0.037421 0.039042
vn 0.998537 -0.037421 -0.039042
vn 0.998537 -0.037421 -0.039042
vn 0.998537 -0.037421 -0.039042
vn 0.998537 -0.037421 -0.039042
vn -0.998537 0.037421 0.039042
vn -0.998537 0.037421 0.039042
vn -0.998537 0.037421 0.039042
vn -0.998537 0.037421 0.039042
vn 0.998537 -0.037421 -0.039042
vn 0.998537 -0.037421 -0.039042
vn 0.998537 -0.037421 -0.039042
vn 0.998537 -0.037421 -0.039042
vn -0.998537 0.037421 0.039042
vn -0.998537 0.037421 0.039042
vn -0.998537 0.037421 0.039043
vn -0.998537 0.037421 0.039043
vn 0.998537 -0.037421 -0.039042
vn 0.998537 -0.037421 -0.039042
vn 0.998537 -0.037421 -0.039042
vn 0.998537 -0.037421 -0.039042
vn -0.998537 0.037421 0.039043
vn -0.998537 0.037421 0.039043
vn -0.998537 0.037421 0.039043
vn -0.998537 0.037421 0.039043
vn 0.998537 -0.037421 -0.039042
vn 0.998537 -0.037421 -0.039042
vn 0.998537 -0.037421 -0.039042
vn 0.998537 -0.037421 -0.039042
vn -0.998537 0.037421 0.039043
vn -0.998537 0.037421 0.039043
vn -0.998537 0.037421 0.039042
vn -0.998537 0.037421 0.039042
vn 0.998537 -0.037421 -0.039042
vn 0.998537 -0.037421 -0.039042
vn 0.998537 -0.037421 -0.039042
vn 0.998537 -0.037421 -0.039042
vn -0.998537 0.037421 0.039042
vn -0.998537 0.037421 0.039042
vn -0.998537 0.037421 0.039041
vn -0.998537 0.037421 0.039041
vn 0.998537 -0.037421 -0.039043
vn 0.998537 -0.037421 -0.039043
vn 0.998537 -0.037421 -0.039042
vn 0.998537 -0.037421 -0.039042
vn -0.998537 0.037421 0.039041
vn -0.998537 0.037421 0.039041
vn -0.998537 0.037421 0.039041
vn -0.998537 0.037421 0.039041
vn 0.998537 -0.037421 -0.039043
vn 0.998537 -0.037421 -0.039043
vn 0.998537 -0.037421 -0.039043
vn 0.998537 -0.037421 -0.039043
vn -0.998537 0.037421 0.039041
vn -0.998537 0.037421 0.039041
vn -0.998537 0.037421 0.039042
vn -0.998537 0.037421 0.039042
vn 0.998537 -0.037421 -0.039042
vn 0.998537 -0.037421 -0.039042
vn 0.998537 -0.037421 -0.039043
vn 0.998537 -0.037421 -0.039043
vn -0.998537 0.037421 0.039042
vn -0.998537 0.037421 0.039042
vn -0.998537 0.037421 0.039043
vn -0.998537 0.037421 0.039043
vn 0.998537 -0.037421 -0.039040
vn 0.998537 -0.037421 -0.039040
vn 0.998537 -0.037421 -0.039042
vn 0.998537 -0.037421 -0.039042
vn -0.998537 0.037421 0.039043
vn -0.998537 0.037421 0.039043
vn -0.998537 0.037421 0.039043
vn -0.998537 0.037421 0.039043
vn 0.998537 -0.037421 -0.039041
vn 0.998537 -0.037421 -0.039041
vn 0.998537 -0.037421 -0.039040
vn 0.998537 -0.037421 -0.039040
vn -0.998537 0.037421 0.039043
vn -0.998537 0.037421 0.039043
vn -0.998537 0.037421 0.039043
vn -0.998537 0.037421 0.039043
vn 0.998537 -0.037421 -0.039042
vn 0.998537 -0.037421 -0.039042
vn 0.998537 -0.037421 -0.039041
vn 0.998537 -0.037421 -0.039041
vn -0.998537 0.037421 0.039043
vn -0.998537 0.037421 0.039043
vn -0.998537 0.037421 0.039043
vn -0.998537 0.037421 0.039043
vn 0.998537 -0.037421 -0.039042
vn 0.998537 -0.037421 -0.039042
vn 0.998537 -0.037421 -0.039042
vn 0.998537 -0.037421 -0.039042
vn 0.048823 0.170734 0.984107
vn 0.049620 0.206464 0.977195
vn 0.049620 0.206464 0.977195
vn 0.048910 0.174476 0.983446
vn -0.036192 0.074027 -0.996599
vn -0.045010 -0.174860 -0.983564
vn -0.045010 -0.174860 -0.983564
vn -0.036286 0.071702 -0.996766
vn -0.998525 0.040996 0.035587
vn -0.998517 0.041133 0.035659
vn -0.998417 0.042881 0.036405
vn -0.998427 0.042690 0.036343
vn 0.047071 0.169991 0.984321
vn 0.048823 0.170734 0.984107
vn 0.048910 0.174476 0.983446
vn 0.047012 0.170131 0.984299
vn 0.998416 -0.042895 -0.036404
vn 0.998517 -0.041132 -0.035660
vn 0.998525 -0.040995 -0.035588
vn 0.998427 -0.042701 -0.036343
vn -0.030994 0.195623 -0.980189
vn -0.036192 0.074027 -0.996599
vn -0.036286 0.071702 -0.996766
vn -0.030875 0.198234 -0.979668
vn 0.045010 0.174863 0.983563
vn 0.045010 0.174863 0.983563
vn 0.045010 0.174865 0.983563
vn 0.045010 0.174863 0.983563
vn 0.045010 0.174863 0.983563
vn 0.045010 0.174863 0.983563
vn 0.045010 0.174863 0.983563
vn 0.045010 0.174863 0.983563
vn 0.998091 -0.051410 0.034241
vn 0.998107 -0.051340 0.033873
vn 0.994165 -0.056260 0.092038
vn 0.993838 -0.061643 0.092116
vn -0.998537 0.037421 0.039042
vn -0.998537 0.037421 0.039042
vn -0.998537 0.037421 0.039042
vn -0.998537 0.037421 0.039042
vn -0.045010 -0.174871 -0.983562
vn -0.030994 0.195623 -0.980189
vn -0.030875 0.198234 -0.979668
vn -0.045010 -0.174871 -0.983562
vn 0.045010 0.174863 0.983563
vn 0.047071 0.169991 0.984321
vn 0.047012 0.170131 0.984299
vn 0.045010 0.174863 0.983563
vn 0.045010 0.174863 0.983563
vn 0.045010 0.174863 0.983563
vn 0.045010 0.174863 0.983563
vn 0.045010 0.174863 0.983563
vn -0.729753 -0.666703 0.151554
vn -0.729753 -0.666703 0.151554
vn -0.729753 -0.666703 0.151554
vn -0.729753 -0.666703 0.151554
vn 0.045010 0.174867 0.983563
vn 0.045010 0.174865 0.983563
vn 0.045010 0.174864 0.983563
vn 0.045010 0.174865 0.983563
vn 0.682261 -0.724517 0.097953
vn 0.682261 -0.724517 0.097953
vn 0.682261 -0.724517 0.097953
vn 0.682261 -0.724517 0.097953
vn -0.683806 0.722766 -0.100093
vn -0.683806 0.722766 -0.100093
vn -0.683806 0.722766 -0.100093
vn -0.683806 0.722766 -0.100093
vn 0.045010 0.174866 0.983563
vn 0.045010 0.174864 0.983563
vn 0.045010 0.174864 0.983563
vn 0.045010 0.174865 0.983563
vn 0.728512 0.668565 -0.149302
vn 0.728512 0.668565 -0.149302
vn 0.728512 0.668565 -0.149302
vn 0.728512 0.668565 -0.149302
vn 0.045010 0.174863 0.983563
vn 0.045010 0.174863 0.983563
vn 0.045010 0.174863 0.983563
vn 0.045010 0.174863 0.983563
vn 0.737907 -0.635232 0.227977
vn 0.737907 -0.635232 0.227977
vn 0.737907 -0.635232 0.227977
vn 0.737907 -0.635232 0.227977
vn -0.727287 -0.669231 0.152262
vn -0.727287 -0.669231 0.152262
vn -0.727287 -0.669231 0.152262
vn -0.727287 -0.669231 0.152262
vn -0.684873 0.722170 -0.097050
vn -0.684873 0.722170 -0.097050
vn -0.684873 0.722170 -0.097050
vn -0.684873 0.722170 -0.097050
vn 0.727270 0.669249 -0.152264
vn 0.727270 0.669249 -0.152264
vn 0.727270 0.669249 -0.152264
vn 0.727270 0.669249 -0.152264
vn -0.029979 -0.983881 0.176292
vn -0.029979 -0.983881 0.176292
vn -0.029979 -0.983881 0.176292
vn -0.029979 -0.983881 0.176292
vn 0.029979 0.983881 -0.176292
vn 0.029979 0.983881 -0.176292
vn 0.029979 0.983881 -0.176292
vn 0.029979 0.983881 -0.176292
vn 0.998334 -0.044377 -0.036869
vn 0.998334 -0.044377 -0.036869
vn 0.998416 -0.042895 -0.036404
vn 0.998427 -0.042701 -0.036343
vn -0.998427 0.042690 0.036343
vn -0.998417 0.042881 0.036405
vn -0.998336 0.044344 0.036873
vn -0.998336 0.044344 0.036873
vn -0.998582 0.040038 0.035084
vn -0.998582 0.040038 0.035084
vn -0.998517 0.041133 0.035659
vn -0.998525 0.040996 0.035587
vn 0.998517 -0.041132 -0.035660
vn 0.998582 -0.040036 -0.035085
vn 0.998582 -0.040036 -0.035085
vn 0.998525 -0.040995 -0.035588
vn 0.045010 0.174863 0.983563
vn 0.045010 0.174865 0.983563
vn 0.045010 0.174867 0.983563
vn 0.045010 0.174865 0.983563
vn 0.045010 0.174864 0.983563
vn 0.045010 0.174863 0.983563
vn 0.045010 0.174863 0.983563
vn 0.045010 0.174863 0.983563
vn 0.045010 0.174863 0.983563
vn 0.045010 0.174863 0.983563
vn 0.045010 0.174865 0.983563
vn 0.045010 0.174864 0.983563
vn 0.045010 0.174863 0.983563
vn 0.045010 0.174863 0.983563
vn 0.045010 0.174863 0.983563
vn 0.045010 0.174863 0.983563
vn 0.045010 0.174863 0.983563
vn 0.045010 0.174863 0.983563
vn 0.045010 0.174863 0.983563
vn 0.045010 0.174863 0.983563
vn 0.045010 0.174864 0.983563
vn 0.045010 0.174866 0.983563
vn -0.029979 -0.983881 0.176292
vn -0.029979 -0.983881 0.176292
vn -0.029979 -0.983881 0.176292
vn -0.029979 -0.983881 0.176292
vn 0.029979 0.983881 -0.176292
vn 0.029979 0.983881 -0.176292
vn 0.029979 0.983881 -0.176292
vn 0.029979 0.983881 -0.176292
vn 0.998537 -0.037421 -0.039042
vn 0.998537 -0.037421 -0.039042
vn 0.998107 -0.051340 0.033873
vn 0.998091 -0.051410 0.034241
vn -0.998537 0.037421 0.039042
vn -0.998537 0.037421 0.039042
vn -0.998537 0.037421 0.039042
vn -0.998537 0.037421 0.039042
vn -0.045010 -0.174860 -0.983564
vn -0.045010 -0.174863 -0.983563
vn -0.045010 -0.174863 -0.983563
vn -0.045010 -0.174860 -0.983564
vn -0.045010 -0.174871 -0.983562
vn -0.045010 -0.174871 -0.983562
vn -0.045010 -0.174862 -0.983564
vn -0.045010 -0.174862 -0.983564
vn 0.045010 0.174863 0.983563
vn 0.045010 0.174863 0.983563
vn 0.045010 0.174862 0.983564
vn 0.045010 0.174862 0.983564
vn 0.954003 0.298828 -0.024093
vn 0.861149 0.508203 -0.012338
vn 0.868483 0.425248 0.254758
vn 0.958543 0.247476 0.141249
vn 0.958543 0.247476 0.141249
vn 0.868483 0.425248 0.254758
vn 0.868218 0.219912 0.444787
vn 0.958379 0.120362 0.258887
vn 0.958379 0.120362 0.258887
vn 0.868218 0.219912 0.444787
vn 0.860424 -0.052785 0.506838
vn 0.953555 -0.048452 0.297297
vn 0.953555 -0.048452 0.297297
vn 0.860424 -0.052785 0.506838
vn 0.847189 -0.319775 0.424281
vn 0.945363 -0.213728 0.246189
vn 0.945363 -0.213728 0.246189
vn 0.847189 -0.319775 0.424281
vn 0.832061 -0.509520 0.219233
vn 0.935998 -0.331189 0.119257
vn 0.935998 -0.331189 0.119257
vn 0.832061 -0.509520 0.219233
vn 0.819092 -0.571175 -0.053361
vn 0.927970 -0.369354 -0.049490
vn 0.927970 -0.369354 -0.049490
vn 0.819092 -0.571175 -0.053361
vn 0.811759 -0.488218 -0.320454
vn 0.923429 -0.318003 -0.214831
vn 0.923429 -0.318003 -0.214831
vn 0.811759 -0.488218 -0.320454
vn 0.812025 -0.282880 -0.510484
vn 0.923593 -0.190890 -0.332471
vn 0.923593 -0.190890 -0.332471
vn 0.812025 -0.282880 -0.510484
vn 0.819819 -0.010185 -0.572533
vn 0.928417 -0.022076 -0.370883
vn 0.928417 -0.022076 -0.370883
vn 0.819819 -0.010185 -0.572533
vn 0.833052 0.256807 -0.489974
vn 0.936609 0.143201 -0.319776
vn 0.936609 0.143201 -0.319776
vn 0.833052 0.256807 -0.489974
vn 0.848180 0.446550 -0.284928
vn 0.945974 0.260662 -0.192842
vn 0.945974 0.260662 -0.192842
vn 0.848180 0.446550 -0.284928
vn 0.861149 0.508203 -0.012338
vn 0.954003 0.298828 -0.024093
vn 0.861149 0.508203 -0.012338
vn 0.711248 0.702941 0.000984
vn 0.721147 0.590961 0.361541
vn 0.868483 0.425248 0.254758
vn 0.868483 0.425248 0.254758
vn 0.721147 0.590961 0.361541
vn 0.720788 0.313774 0.618070
vn 0.868218 0.219912 0.444787
vn 0.868218 0.219912 0.444787
vn 0.720788 0.313774 0.618070
vn 0.710270 -0.054347 0.701828
vn 0.860424 -0.052785 0.506838
vn 0.860424 -0.052785 0.506838
vn 0.710270 -0.054347 0.701828
vn 0.692406 -0.414759 0.590380
vn 0.847189 -0.319775 0.424281
vn 0.847189 -0.319775 0.424281
vn 0.692406 -0.414759 0.590380
vn 0.671985 -0.670895 0.313586
vn 0.832061 -0.509520 0.219233
vn 0.832061 -0.509520 0.219233
vn 0.671985 -0.670895 0.313586
vn 0.654478 -0.754122 -0.054387
vn 0.819092 -0.571175 -0.053361
vn 0.819092 -0.571175 -0.053361
vn 0.654478 -0.754122 -0.054387
vn 0.644577 -0.642141 -0.414940
vn 0.811759 -0.488218 -0.320454
vn 0.811759 -0.488218 -0.320454
vn 0.644577 -0.642141 -0.414940
vn 0.644932 -0.364955 -0.671469
vn 0.812025 -0.282880 -0.510484
vn 0.812025 -0.282880 -0.510484
vn 0.644932 -0.364955 -0.671469
vn 0.655454 0.003167 -0.755229
vn 0.819819 -0.010185 -0.572533
vn 0.819819 -0.010185 -0.572533
vn 0.655454 0.003167 -0.755229
vn 0.673320 0.363580 -0.643777
vn 0.833052 0.256807 -0.489974
vn 0.833052 0.256807 -0.489974
vn 0.673320 0.363580 -0.643777
vn 0.693742 0.619712 -0.366985
vn 0.848180 0.446550 -0.284928
vn 0.848180 0.446550 -0.284928
vn 0.693742 0.619712 -0.366985
vn 0.711248 0.702941 0.000984
vn 0.861149 0.508203 -0.012338
vn 0.711248 0.702941 0.000984
vn 0.515210 0.856942 0.014441
vn 0.527099 0.722450 0.447473
vn 0.721147 0.590961 0.361541
vn 0.721147 0.590961 0.361541
vn 0.527099 0.722450 0.447473
vn 0.526669 0.389549 0.755561
vn 0.720788 0.313774 0.618070
vn 0.720788 0.313774 0.618070
vn 0.526669 0.389549 0.755561
vn 0.514033 -0.052566 0.856158
vn 0.710270 -0.054347 0.701828
vn 0.710270 -0.054347 0.701828
vn 0.514033 -0.052566 0.856158
vn 0.492577 -0.485426 0.722308
vn 0.692406 -0.414759 0.590380
vn 0.692406 -0.414759 0.590380
vn 0.492577 -0.485426 0.722308
vn 0.468050 -0.793048 0.389876
vn 0.671985 -0.670895 0.313586
vn 0.671985 -0.670895 0.313586
vn 0.468050 -0.793048 0.389876
vn 0.447026 -0.893005 -0.052063
vn 0.654478 -0.754122 -0.054387
vn 0.654478 -0.754122 -0.054387
vn 0.447026 -0.893005 -0.052063
vn 0.435135 -0.758513 -0.485093
vn 0.644577 -0.642141 -0.414940
vn 0.644577 -0.642141 -0.414940
vn 0.435135 -0.758513 -0.485093
vn 0.435565 -0.425609 -0.793183
vn 0.644932 -0.364955 -0.671469
vn 0.644932 -0.364955 -0.671469
vn 0.435565 -0.425609 -0.793183
vn 0.448200 0.016502 -0.893781
vn 0.655454 0.003167 -0.755229
vn 0.655454 0.003167 -0.755229
vn 0.448200 0.016502 -0.893781
vn 0.469657 0.449363 -0.759931
vn 0.673320 0.363580 -0.643777
vn 0.673320 0.363580 -0.643777
vn 0.469657 0.449363 -0.759931
vn 0.494185 0.756985 -0.427498
vn 0.693742 0.619712 -0.366985
vn 0.693742 0.619712 -0.366985
vn 0.494185 0.756985 -0.427498
vn 0.515210 0.856942 0.014441
vn 0.711248 0.702941 0.000984
vn 0.515210 0.856942 0.014441
vn 0.418072 0.908191 0.020121
vn 0.430608 0.766394 0.476674
vn 0.527099 0.722450 0.447473
vn 0.527099 0.722450 0.447473
vn 0.430608 0.766394 0.476674
vn 0.430153 0.415403 0.801504
vn 0.526669 0.389549 0.755561
vn 0.526669 0.389549 0.755561
vn 0.430153 0.415403 0.801504
vn 0.416825 -0.050730 0.907570
vn 0.514033 -0.052566 0.856158
vn 0.514033 -0.052566 0.856158
vn 0.416825 -0.050730 0.907570
vn 0.394200 -0.507109 0.766451
vn 0.492577 -0.485426 0.722308
vn 0.492577 -0.485426 0.722308
vn 0.394200 -0.507109 0.766451
vn 0.368339 -0.831450 0.415954
vn 0.468050 -0.793048 0.389876
vn 0.468050 -0.793048 0.389876
vn 0.368339 -0.831450 0.415954
vn 0.346173 -0.936837 -0.050003
vn 0.447026 -0.893005 -0.052063
vn 0.447026 -0.893005 -0.052063
vn 0.346173 -0.936837 -0.050003
vn 0.333639 -0.795036 -0.506560
vn 0.435135 -0.758513 -0.485093
vn 0.435135 -0.758513 -0.485093
vn 0.333639 -0.795036 -0.506560
vn 0.334098 -0.444044 -0.831386
vn 0.435565 -0.425609 -0.793183
vn 0.435565 -0.425609 -0.793183
vn 0.334098 -0.444044 -0.831386
vn 0.347422 0.022092 -0.937449
vn 0.448200 0.016502 -0.893781
vn 0.448200 0.016502 -0.893781
vn 0.347422 0.022092 -0.937449
vn 0.370044 0.478466 -0.796328
vn 0.469657 0.449363 -0.759931
vn 0.469657 0.449363 -0.759931
vn 0.370044 0.478466 -0.796328
vn 0.395902 0.802805 -0.445833
vn 0.494185 0.756985 -0.427498
vn 0.494185 0.756985 -0.427498
vn 0.395902 0.802805 -0.445833
vn 0.418072 0.908191 0.020121
vn 0.515210 0.856942 0.014441
vn 0.168899 0.985097 0.032523
vn 0.038904 0.998522 0.037946
vn 0.052474 0.845039 0.532124
vn 0.182354 0.832929 0.522471
vn 0.182354 0.832929 0.522471
vn 0.052474 0.845039 0.532124
vn 0.051984 0.465130 0.883715
vn 0.181874 0.456266 0.871059
vn 0.181874 0.456266 0.871059
vn 0.051984 0.465130 0.883715
vn 0.037564 -0.039410 0.998517
vn 0.167577 -0.043957 0.984879
vn 0.167577 -0.043957 0.984879
vn 0.037564 -0.039410 0.998517
vn 0.013082 -0.533390 0.845768
vn 0.143297 -0.533714 0.833436
vn 0.143297 -0.533714 0.833436
vn 0.013082 -0.533390 0.845768
vn -0.014907 -0.884452 0.466394
vn 0.115544 -0.881770 0.457308
vn 0.115544 -0.881770 0.457308
vn -0.014907 -0.884452 0.466394
vn -0.038903 -0.998522 -0.037950
vn 0.091758 -0.994865 -0.042719
vn 0.091758 -0.994865 -0.042719
vn -0.038903 -0.998522 -0.037950
vn -0.052473 -0.845039 -0.532123
vn 0.078310 -0.842694 -0.532667
vn 0.078310 -0.842694 -0.532667
vn -0.052473 -0.845039 -0.532123
vn -0.051983 -0.465130 -0.883715
vn 0.078797 -0.466035 -0.881251
vn 0.078797 -0.466035 -0.881251
vn -0.051983 -0.465130 -0.883715
vn -0.037563 0.039410 -0.998517
vn 0.093086 0.034194 -0.995071
vn 0.093086 0.034194 -0.995071
vn -0.037563 0.039410 -0.998517
vn -0.013080 0.533393 -0.845766
vn 0.117359 0.523948 -0.843626
vn 0.117359 0.523948 -0.843626
vn -0.013080 0.533393 -0.845766
vn 0.014910 0.884451 -0.466395
vn 0.145113 0.872000 -0.467502
vn 0.145113 0.872000 -0.467502
vn 0.014910 0.884451 -0.466395
vn 0.038904 0.998522 0.037946
vn 0.168899 0.985097 0.032523
vn 0.038904 0.998522 0.037946
vn -0.091756 0.994865 0.042717
vn -0.078305 0.842698 0.532662
vn 0.052474 0.845039 0.532124
vn 0.052474 0.845039 0.532124
vn -0.078305 0.842698 0.532662
vn -0.078796 0.466035 0.881251
vn 0.051984 0.465130 0.883715
vn 0.051984 0.465130 0.883715
vn -0.078796 0.466035 0.881251
vn -0.093090 -0.034188 0.995071
vn 0.037564 -0.039410 0.998517
vn 0.037564 -0.039410 0.998517
vn -0.093090 -0.034188 0.995071
vn -0.117357 -0.523945 0.843629
vn 0.013082 -0.533390 0.845768
vn 0.013082 -0.533390 0.845768
vn -0.117357 -0.523945 0.843629
vn -0.145102 -0.872003 0.467501
vn -0.014907 -0.884452 0.466394
vn -0.014907 -0.884452 0.466394
vn -0.145102 -0.872003 0.467501
vn -0.168897 -0.985097 -0.032529
vn -0.038903 -0.998522 -0.037950
vn -0.038903 -0.998522 -0.037950
vn -0.168897 -0.985097 -0.032529
vn -0.182359 -0.832925 -0.522475
vn -0.052473 -0.845039 -0.532123
vn -0.052473 -0.845039 -0.532123
vn -0.182359 -0.832925 -0.522475
vn -0.181873 -0.456266 -0.871059
vn -0.051983 -0.465130 -0.883715
vn -0.051983 -0.465130 -0.883715
vn -0.181873 -0.456266 -0.871059
vn -0.167570 0.043962 -0.984880
vn -0.037563 0.039410 -0.998517
vn -0.037563 0.039410 -0.998517
vn -0.167570 0.043962 -0.984880
vn -0.143294 0.533717 -0.833435
vn -0.013080 0.533393 -0.845766
vn -0.013080 0.533393 -0.845766
vn -0.143294 0.533717 -0.833435
vn -0.115549 0.881769 -0.457309
vn 0.014910 0.884451 -0.466395
vn 0.014910 0.884451 -0.466395
vn -0.115549 0.881769 -0.457309
vn -0.091756 0.994865 0.042717
vn 0.038904 0.998522 0.037946
vn -0.346186 0.936832 0.050003
vn -0.447029 0.893003 0.052065
vn -0.435136 0.758511 0.485096
vn -0.333647 0.795035 0.506556
vn -0.333647 0.795035 0.506556
vn -0.435136 0.758511 0.485096
vn -0.435565 0.425609 0.793183
vn -0.334099 0.444044 0.831386
vn -0.334099 0.444044 0.831386
vn -0.435565 0.425609 0.793183
vn -0.448200 -0.016505 0.893781
vn -0.347415 -0.022089 0.937451
vn -0.347415 -0.022089 0.937451
vn -0.448200 -0.016505 0.893781
vn -0.469655 -0.449366 0.759931
vn -0.370032 -0.478469 0.796332
vn -0.370032 -0.478469 0.796332
vn -0.469655 -0.449366 0.759931
vn -0.494181 -0.756988 0.427499
vn -0.395889 -0.802810 0.445835
vn -0.395889 -0.802810 0.445835
vn -0.494181 -0.756988 0.427499
vn -0.515206 -0.856945 -0.014440
vn -0.418059 -0.908197 -0.020122
vn -0.418059 -0.908197 -0.020122
vn -0.515206 -0.856945 -0.014440
vn -0.527098 -0.722452 -0.447472
vn -0.430599 -0.766395 -0.476679
vn -0.430599 -0.766395 -0.476679
vn -0.527098 -0.722452 -0.447472
vn -0.526669 -0.389549 -0.755561
vn -0.430152 -0.415403 -0.801505
vn -0.430152 -0.415403 -0.801505
vn -0.526669 -0.389549 -0.755561
vn -0.514034 0.052562 -0.856158
vn -0.416832 0.050733 -0.907567
vn -0.416832 0.050733 -0.907567
vn -0.514034 0.052562 -0.856158
vn -0.492580 0.485424 -0.722308
vn -0.394213 0.507107 -0.766445
vn -0.394213 0.507107 -0.766445
vn -0.492580 0.485424 -0.722308
vn -0.468056 0.793046 -0.389875
vn -0.368353 0.831445 -0.415951
vn -0.368353 0.831445 -0.415951
vn -0.468056 0.793046 -0.389875
vn -0.447029 0.893003 0.052065
vn -0.346186 0.936832 0.050003
vn -0.447029 0.893003 0.052065
vn -0.654478 0.754122 0.054384
vn -0.644574 0.642143 0.414941
vn -0.435136 0.758511 0.485096
vn -0.435136 0.758511 0.485096
vn -0.644574 0.642143 0.414941
vn -0.644932 0.364955 0.671469
vn -0.435565 0.425609 0.793183
vn -0.435565 0.425609 0.793183
vn -0.644932 0.364955 0.671469
vn -0.655455 -0.003165 0.755228
vn -0.448200 -0.016505 0.893781
vn -0.448200 -0.016505 0.893781
vn -0.655455 -0.003165 0.755228
vn -0.673320 -0.363576 0.643780
vn -0.469655 -0.449366 0.759931
vn -0.469655 -0.449366 0.759931
vn -0.673320 -0.363576 0.643780
vn -0.693742 -0.619713 0.366985
vn -0.494181 -0.756988 0.427499
vn -0.494181 -0.756988 0.427499
vn -0.693742 -0.619713 0.366985
vn -0.711248 -0.702941 -0.000989
vn -0.515206 -0.856945 -0.014440
vn -0.515206 -0.856945 -0.014440
vn -0.711248 -0.702941 -0.000989
vn -0.721149 -0.590959 -0.361541
vn -0.527098 -0.722452 -0.447472
vn -0.527098 -0.722452 -0.447472
vn -0.721149 -0.590959 -0.361541
vn -0.720788 -0.313774 -0.618070
vn -0.526669 -0.389549 -0.755561
vn -0.526669 -0.389549 -0.755561
vn -0.720788 -0.313774 -0.618070
vn -0.710268 0.054348 -0.701831
vn -0.514034 0.052562 -0.856158
vn -0.514034 0.052562 -0.856158
vn -0.710268 0.054348 -0.701831
vn -0.692406 0.414763 -0.590378
vn -0.492580 0.485424 -0.722308
vn -0.492580 0.485424 -0.722308
vn -0.692406 0.414763 -0.590378
vn -0.671985 0.670895 -0.313586
vn -0.468056 0.793046 -0.389875
vn -0.468056 0.793046 -0.389875
vn -0.671985 0.670895 -0.313586
vn -0.654478 0.754122 0.054384
vn -0.447029 0.893003 0.052065
vn -0.654478 0.754122 0.054384
vn -0.768513 0.637546 0.054074
vn -0.760250 0.544112 0.354912
vn -0.644574 0.642143 0.414941
vn -0.644574 0.642143 0.414941
vn -0.760250 0.544112 0.354912
vn -0.760548 0.312840 0.568944
vn -0.644932 0.364955 0.671469
vn -0.644932 0.364955 0.671469
vn -0.760548 0.312840 0.568944
vn -0.769324 0.005696 0.638833
vn -0.655455 -0.003165 0.755228
vn -0.655455 -0.003165 0.755228
vn -0.769324 0.005696 0.638833
vn -0.784226 -0.295019 0.545851
vn -0.673320 -0.363576 0.643780
vn -0.673320 -0.363576 0.643780
vn -0.784226 -0.295019 0.545851
vn -0.801267 -0.508734 0.314898
vn -0.693742 -0.619713 0.366985
vn -0.693742 -0.619713 0.366985
vn -0.801267 -0.508734 0.314898
vn -0.815873 -0.578178 0.007868
vn -0.711248 -0.702941 -0.000989
vn -0.711248 -0.702941 -0.000989
vn -0.815873 -0.578178 0.007868
vn -0.824136 -0.484740 -0.292962
vn -0.721149 -0.590959 -0.361541
vn -0.721149 -0.590959 -0.361541
vn -0.824136 -0.484740 -0.292962
vn -0.823840 -0.253464 -0.506995
vn -0.720788 -0.313774 -0.618070
vn -0.720788 -0.313774 -0.618070
vn -0.823840 -0.253464 -0.506995
vn -0.815062 0.053677 -0.576882
vn -0.710268 0.054348 -0.701831
vn -0.710268 0.054348 -0.701831
vn -0.815062 0.053677 -0.576882
vn -0.800158 0.354396 -0.483891
vn -0.692406 0.414763 -0.590378
vn -0.692406 0.414763 -0.590378
vn -0.800158 0.354396 -0.483891
vn -0.783117 0.568106 -0.252948
vn -0.671985 0.670895 -0.313586
vn -0.671985 0.670895 -0.313586
vn -0.783117 0.568106 -0.252948
vn -0.768513 0.637546 0.054074
vn -0.654478 0.754122 0.054384
vn -0.998537 0.037421 0.039042
vn -0.998537 0.037421 0.039042
vn -0.998537 0.037421 0.039042
vn -0.998537 0.037421 0.039042
vn -0.998537 0.037421 0.039042
vn -0.998537 0.037421 0.039042
vn -0.998537 0.037422 0.039042
vn -0.998537 0.037422 0.039042
vn -0.998537 0.037422 0.039042
vn -0.998537 0.037422 0.039042
vn -0.998537 0.037421 0.039042
vn -0.998537 0.037421 0.039042
vn -0.998537 0.037421 0.039042
vn -0.998537 0.037421 0.039042
vn -0.998537 0.037421 0.039042
vn -0.998537 0.037421 0.039042
vn -0.998537 0.037421 0.039042
vn -0.998537 0.037421 0.039042
vn -0.998537 0.037421 0.039042
vn -0.998537 0.037421 0.039042
vn -0.998537 0.037421 0.039042
vn -0.998537 0.037421 0.039042
vn -0.998537 0.037421 0.039042
vn -0.998537 0.037421 0.039042
vn -0.998537 0.037421 0.039042
vn -0.998537 0.037421 0.039042
vn -0.998537 0.037421 0.039042
vn -0.998537 0.037421 0.039042
vn -0.998537 0.037421 0.039042
vn -0.998537 0.037421 0.039042
vn -0.998537 0.037422 0.039042
vn -0.998537 0.037422 0.039042
vn -0.998537 0.037422 0.039042
vn -0.998537 0.037422 0.039042
vn -0.998537 0.037422 0.039042
vn -0.998537 0.037422 0.039042
vn -0.998537 0.037422 0.039042
vn -0.998537 0.037422 0.039042
vn -0.998537 0.037421 0.039042
vn -0.998537 0.037421 0.039042
vn -0.998537 0.037421 0.039042
vn -0.998537 0.037421 0.039042
vn -0.998537 0.037421 0.039042
vn -0.998537 0.037421 0.039042
vn -0.998537 0.037421 0.039042
vn -0.998537 0.037421 0.039042
vn -0.998537 0.037421 0.039042
vn -0.998537 0.037421 0.039042
vn 0.958543 0.247476 0.141249
vn 0.998537 -0.037421 -0.039042
vn 0.954003 0.298828 -0.024093
vn 0.958379 0.120362 0.258887
vn 0.998537 -0.037421 -0.039042
vn 0.958543 0.247476 0.141249
vn 0.953555 -0.048452 0.297297
vn 0.998537 -0.037421 -0.039042
vn 0.958379 0.120362 0.258887
vn 0.945363 -0.213728 0.246189
vn 0.998537 -0.037421 -0.039042
vn 0.953555 -0.048452 0.297297
vn 0.935998 -0.331189 0.119257
vn 0.998537 -0.037421 -0.039042
vn 0.945363 -0.213728 0.246189
vn 0.927970 -0.369354 -0.049490
vn 0.998537 -0.037421 -0.039042
vn 0.935998 -0.331189 0.119257
vn 0.923429 -0.318003 -0.214831
vn 0.998537 -0.037421 -0.039042
vn 0.927970 -0.369354 -0.049490
vn 0.923593 -0.190890 -0.332471
vn 0.998537 -0.037421 -0.039042
vn 0.923429 -0.318003 -0.214831
vn 0.928417 -0.022076 -0.370883
vn 0.998537 -0.037421 -0.039042
vn 0.923593 -0.190890 -0.332471
vn 0.936609 0.143201 -0.319776
vn 0.998537 -0.037421 -0.039042
vn 0.928417 -0.022076 -0.370883
vn 0.945974 0.260662 -0.192842
vn 0.998537 -0.037421 -0.039042
vn 0.936609 0.143201 -0.319776
vn 0.954003 0.298828 -0.024093
vn 0.998537 -0.037421 -0.039042
vn 0.945974 0.260662 -0.192842
vn -0.998537 0.037422 0.039042
vn -0.998537 0.037421 0.039042
vn -0.998537 0.037421 0.039042
vn -0.998537 0.037421 0.039042
vn -0.998537 0.037421 0.039042
vn -0.998537 0.037421 0.039042
vn -0.998537 0.037421 0.039042
vn -0.998537 0.037421 0.039042
vn -0.998537 0.037421 0.039042
vn -0.998537 0.037421 0.039042
vn -0.998537 0.037421 0.039042
vn -0.998537 0.037420 0.039043
vn -0.998537 0.037420 0.039043
vn -0.998537 0.037421 0.039042
vn -0.998537 0.037421 0.039042
vn -0.998537 0.037421 0.039042
vn -0.998537 0.037421 0.039042
vn -0.998537 0.037419 0.039043
vn -0.998537 0.037419 0.039043
vn -0.998537 0.037421 0.039042
vn -0.998537 0.037421 0.039042
vn -0.998537 0.037421 0.039042
vn -0.998537 0.037421 0.039042
vn -0.998537 0.037421 0.039042
vn -0.998537 0.037421 0.039042
vn -0.998537 0.037421 0.039042
vn -0.998537 0.037421 0.039042
vn -0.998537 0.037421 0.039042
vn -0.998537 0.037421 0.039042
vn -0.998537 0.037423 0.039041
vn -0.998537 0.037423 0.039041
vn -0.998537 0.037421 0.039042
vn -0.998537 0.037421 0.039042
vn -0.998537 0.037421 0.039042
vn -0.998537 0.037421 0.039042
vn -0.998537 0.037422 0.039042
vn -0.984916 0.167432 0.043661
vn -0.984916 0.167432 0.043661
vn -0.983145 0.147401 0.108164
vn -0.983145 0.147400 0.108165
vn -0.983145 0.147400 0.108165
vn -0.983145 0.147401 0.108164
vn -0.983209 0.097813 0.154057
vn -0.983209 0.097813 0.154057
vn -0.983209 0.097813 0.154057
vn -0.983209 0.097813 0.154057
vn -0.985091 0.031955 0.169042
vn -0.985091 0.031956 0.169042
vn -0.985091 0.031956 0.169042
vn -0.985091 0.031955 0.169042
vn -0.988286 -0.032523 0.149105
vn -0.988286 -0.032523 0.149106
vn -0.988286 -0.032523 0.149106
vn -0.988286 -0.032523 0.149105
vn -0.991940 -0.078346 0.099586
vn -0.991940 -0.078346 0.099586
vn -0.991940 -0.078346 0.099586
vn -0.991940 -0.078346 0.099586
vn -0.995072 -0.093235 0.033755
vn -0.995072 -0.093235 0.033755
vn -0.995072 -0.093235 0.033755
vn -0.995072 -0.093235 0.033755
vn -0.996843 -0.073199 -0.030749
vn -0.996843 -0.073199 -0.030749
vn -0.996843 -0.073199 -0.030749
vn -0.996843 -0.073199 -0.030749
vn -0.996779 -0.023610 -0.076640
vn -0.996779 -0.023610 -0.076640
vn -0.996779 -0.023610 -0.076640
vn -0.996779 -0.023610 -0.076640
vn -0.994897 0.042245 -0.091622
vn -0.994897 0.042245 -0.091622
vn -0.994897 0.042245 -0.091622
vn -0.994897 0.042245 -0.091622
vn -0.991702 0.106721 -0.071683
vn -0.991702 0.106721 -0.071683
vn -0.991702 0.106721 -0.071683
vn -0.991702 0.106721 -0.071683
vn -0.988049 0.152541 -0.022167
vn -0.988049 0.152541 -0.022167
vn -0.988049 0.152541 -0.022167
vn -0.988049 0.152541 -0.022167
vn -0.984916 0.167432 0.043661
vn -0.984916 0.167432 0.043661
vn 0.996844 0.073196 0.030747
vn 0.996844 0.073197 0.030746
vn 0.995072 0.093230 -0.033756
vn 0.995072 0.093229 -0.033757
vn 0.996780 0.023609 0.076637
vn 0.996780 0.023609 0.076637
vn 0.996844 0.073197 0.030746
vn 0.996844 0.073196 0.030747
vn 0.994897 -0.042245 0.091623
vn 0.994897 -0.042245 0.091623
vn 0.996780 0.023609 0.076637
vn 0.996780 0.023609 0.076637
vn 0.991701 -0.106722 0.071687
vn 0.991701 -0.106723 0.071686
vn 0.994897 -0.042245 0.091623
vn 0.994897 -0.042245 0.091623
vn 0.988048 -0.152546 0.022169
vn 0.988048 -0.152546 0.022169
vn 0.991701 -0.106723 0.071686
vn 0.991701 -0.106722 0.071687
vn 0.984916 -0.167434 -0.043662
vn 0.984916 -0.167434 -0.043661
vn 0.988048 -0.152546 0.022169
vn 0.988048 -0.152546 0.022169
vn 0.983145 -0.147399 -0.108164
vn 0.983145 -0.147399 -0.108164
vn 0.984916 -0.167434 -0.043661
vn 0.984916 -0.167434 -0.043662
vn 0.983209 -0.097811 -0.154054
vn 0.983209 -0.097811 -0.154054
vn 0.983145 -0.147399 -0.108164
vn 0.983145 -0.147399 -0.108164
vn 0.985091 -0.031956 -0.169039
vn 0.985091 -0.031956 -0.169039
vn 0.983209 -0.097811 -0.154054
vn 0.983209 -0.097811 -0.154054
vn 0.988287 0.032520 -0.149100
vn 0.988287 0.032519 -0.149100
vn 0.985091 -0.031956 -0.169039
vn 0.985091 -0.031956 -0.169039
vn 0.991941 0.078340 -0.099583
vn 0.991941 0.078340 -0.099583
vn 0.988287 0.032519 -0.149100
vn 0.988287 0.032520 -0.149100
vn 0.995072 0.093229 -0.033757
vn 0.995072 0.093230 -0.033756
vn 0.991941 0.078340 -0.099583
vn 0.991941 0.078340 -0.099583
vn 0.038904 0.998522 0.037950
vn 0.038904 0.998522 0.037950
vn 0.052474 0.845041 0.532121
vn 0.052474 0.845041 0.532121
vn -0.052474 -0.845043 -0.532118
vn -0.052474 -0.845043 -0.532118
vn -0.038904 -0.998522 -0.037945
vn -0.038904 -0.998522 -0.037945
vn 0.052474 0.845041 0.532121
vn 0.052474 0.845041 0.532121
vn 0.051984 0.465130 0.883715
vn 0.051984 0.465130 0.883715
vn -0.051984 -0.465130 -0.883715
vn -0.051984 -0.465130 -0.883715
vn -0.052474 -0.845043 -0.532118
vn -0.052474 -0.845043 -0.532118
vn 0.051984 0.465130 0.883715
vn 0.051984 0.465130 0.883715
vn 0.037565 -0.039409 0.998517
vn 0.037565 -0.039409 0.998517
vn -0.037564 0.039412 -0.998517
vn -0.037564 0.039412 -0.998517
vn -0.051984 -0.465130 -0.883715
vn -0.051984 -0.465130 -0.883715
vn 0.037565 -0.039409 0.998517
vn 0.037565 -0.039409 0.998517
vn 0.013080 -0.533386 0.845771
vn 0.013080 -0.533386 0.845771
vn -0.013080 0.533388 -0.845769
vn -0.013080 0.533388 -0.845769
vn -0.037564 0.039412 -0.998517
vn -0.037564 0.039412 -0.998517
vn 0.013080 -0.533386 0.845771
vn 0.013080 -0.533386 0.845771
vn -0.014910 -0.884451 0.466394
vn -0.014910 -0.884451 0.466394
vn 0.014910 0.884451 -0.466394
vn 0.014910 0.884451 -0.466394
vn -0.013080 0.533388 -0.845769
vn -0.013080 0.533388 -0.845769
vn -0.014910 -0.884451 0.466394
vn -0.014910 -0.884451 0.466394
vn -0.038904 -0.998522 -0.037954
vn -0.038904 -0.998522 -0.037954
vn 0.038904 0.998522 0.037952
vn 0.038904 0.998522 0.037952
vn 0.014910 0.884451 -0.466394
vn 0.014910 0.884451 -0.466394
vn -0.038904 -0.998522 -0.037954
vn -0.038904 -0.998522 -0.037954
vn -0.052474 -0.845039 -0.532124
vn -0.052474 -0.845039 -0.532124
vn 0.052474 0.845041 0.532121
vn 0.052474 0.845041 0.532121
vn 0.038904 0.998522 0.037952
vn 0.038904 0.998522 0.037952
vn -0.052474 -0.845039 -0.532124
vn -0.052474 -0.845039 -0.532124
vn -0.051984 -0.465130 -0.883715
vn -0.051984 -0.465130 -0.883715
vn 0.051984 0.465130 0.883715
vn 0.051984 0.465130 0.883715
vn 0.052474 0.845041 0.532121
vn 0.052474 0.845041 0.532121
vn -0.051984 -0.465130 -0.883715
vn -0.051984 -0.465130 -0.883715
vn -0.037564 0.039414 -0.998517
vn -0.037564 0.039414 -0.998517
vn 0.037564 -0.039417 0.998517
vn 0.037564 -0.039417 0.998517
vn 0.051984 0.465130 0.883715
vn 0.051984 0.465130 0.883715
vn -0.037564 0.039414 -0.998517
vn -0.037564 0.039414 -0.998517
vn -0.013080 0.533391 -0.845768
vn -0.013080 0.533391 -0.845768
vn 0.013080 -0.533395 0.845765
vn 0.013080 -0.533395 0.845765
vn 0.037564 -0.039417 0.998517
vn 0.037564 -0.039417 0.998517
vn -0.013080 0.533391 -0.845768
vn -0.013080 0.533391 -0.845768
vn 0.014910 0.884451 -0.466394
vn 0.014910 0.884451 -0.466394
vn -0.014910 -0.884451 0.466394
vn -0.014910 -0.884451 0.466394
vn 0.013080 -0.533395 0.845765
vn 0.013080 -0.533395 0.845765
vn 0.014910 0.884451 -0.466394
vn 0.014910 0.884451 -0.466394
vn 0.038904 0.998522 0.037950
vn 0.038904 0.998522 0.037950
vn -0.038904 -0.998522 -0.037945
vn -0.038904 -0.998522 -0.037945
vn -0.014910 -0.884451 0.466394
vn -0.014910 -0.884451 0.466394
vn -0.051984 -0.465130 -0.883715
vn -0.051984 -0.465130 -0.883715
vn -0.051984 -0.465130 -0.883715
vn -0.051984 -0.465130 -0.883715
vn 0.014910 0.884451 -0.466394
vn 0.014910 0.884451 -0.466394
vn 0.014910 0.884451 -0.466394
vn 0.014910 0.884451 -0.466394
vn 0.051984 0.465130 0.883715
vn 0.051984 0.465130 0.883715
vn 0.051984 0.465130 0.883715
vn 0.051984 0.465130 0.883715
vn 0.998537 -0.037421 -0.039042
vn 0.998537 -0.037421 -0.039042
vn 0.998537 -0.037421 -0.039042
vn 0.998537 -0.037421 -0.039042
vn -0.998537 0.037421 0.039042
vn -0.998537 0.037421 0.039042
vn -0.998537 0.037421 0.039042
vn -0.998537 0.037421 0.039042
vn -0.998537 0.037421 0.039042
vn -0.998537 0.037421 0.039042
vn -0.998537 0.037421 0.039042
vn -0.998537 0.037421 0.039042
vn 0.998537 -0.037421 -0.039042
vn 0.998537 -0.037421 -0.039042
vn 0.998537 -0.037421 -0.039042
vn 0.998537 -0.037421 -0.039042
vn -0.014910 -0.884451 0.466394
vn -0.014910 -0.884451 0.466394
vn -0.014910 -0.884451 0.466394
vn -0.014910 -0.884451 0.466394
vn -0.998537 0.037421 0.039042
vn -0.998537 0.037421 0.039042
vn -0.998537 0.037421 0.039042
vn -0.998537 0.037421 0.039042
vn 0.021670 0.938309 -0.345117
vn 0.019330 0.921214 -0.388577
vn 0.019330 0.921214 -0.388577
vn 0.021670 0.938309 -0.345117
vn 0.998537 -0.037421 -0.039042
vn 0.998537 -0.037421 -0.039042
vn 0.998537 -0.037421 -0.039042
vn 0.998537 -0.037421 -0.039042
vn -0.001909 -0.745876 0.666082
vn 0.004780 -0.658044 0.752965
vn 0.004780 -0.658044 0.752965
vn -0.001909 -0.745876 0.666082
vn 0.014910 0.884452 -0.466394
vn 0.021670 0.938309 -0.345117
vn 0.021670 0.938309 -0.345117
vn 0.014910 0.884452 -0.466394
vn -0.014910 -0.884449 0.466398
vn -0.014910 -0.884449 0.466398
vn -0.014910 -0.884450 0.466397
vn -0.014910 -0.884450 0.466397
vn -0.742830 -0.302436 -0.597274
vn -0.742830 -0.302436 -0.597274
vn -0.742830 -0.302436 -0.597274
vn -0.742830 -0.302436 -0.597274
vn 0.669313 -0.355358 -0.652489
vn 0.669313 -0.355358 -0.652489
vn 0.669313 -0.355358 -0.652489
vn 0.669313 -0.355358 -0.652489
vn -0.669314 0.355357 0.652488
vn -0.669314 0.355357 0.652488
vn -0.669314 0.355357 0.652488
vn -0.669314 0.355357 0.652488
vn 0.742829 0.302436 0.597275
vn 0.742829 0.302436 0.597275
vn 0.742829 0.302436 0.597275
vn 0.742829 0.302436 0.597275
vn 0.014910 0.884452 -0.466394
vn 0.014910 0.884452 -0.466394
vn 0.014910 0.884454 -0.466390
vn 0.014910 0.884454 -0.466390
vn 0.019330 0.921214 -0.388577
vn 0.014910 0.884451 -0.466394
vn 0.014910 0.884451 -0.466394
vn 0.019330 0.921214 -0.388577
vn -0.014910 -0.884449 0.466398
vn -0.001909 -0.745876 0.666082
vn -0.001909 -0.745876 0.666082
vn -0.014910 -0.884449 0.466398
vn 0.004780 -0.658044 0.752965
vn -0.014910 -0.884451 0.466394
vn -0.014910 -0.884451 0.466394
vn 0.004780 -0.658044 0.752965
vn 0.948788 0.304394 -0.084528
vn 0.948788 0.304394 -0.084528
vn 0.948788 0.304394 -0.084528
vn 0.948788 0.304394 -0.084528
vn 0.709503 0.289851 0.642334
vn 0.709503 0.289851 0.642334
vn 0.709503 0.289851 0.642334
vn 0.709503 0.289851 0.642334
vn 0.054604 0.105519 0.992917
vn 0.054604 0.105519 0.992917
vn 0.054604 0.105519 0.992917
vn 0.054604 0.105519 0.992917
vn -0.632286 -0.140627 0.761865
vn -0.632286 -0.140627 0.761865
vn -0.632286 -0.140627 0.761865
vn -0.632286 -0.140627 0.761865
vn -0.948788 -0.304394 0.084528
vn -0.948788 -0.304394 0.084528
vn -0.948788 -0.304394 0.084528
vn -0.948788 -0.304394 0.084528
vn -0.709503 -0.289851 -0.642334
vn -0.709503 -0.289851 -0.642334
vn -0.709503 -0.289851 -0.642334
vn -0.709503 -0.289851 -0.642334
vn -0.054602 -0.105518 -0.992917
vn -0.054602 -0.105518 -0.992917
vn -0.054602 -0.105518 -0.992917
vn -0.054602 -0.105518 -0.992917
vn 0.632284 0.140626 -0.761867
vn 0.632284 0.140626 -0.761867
vn 0.632284 0.140626 -0.761867
vn 0.632284 0.140626 -0.761867
vn 0.311157 -0.946684 0.083494
vn 0.311157 -0.946684 0.083494
vn 0.311157 -0.946684 0.083494
vn 0.311157 -0.946684 0.083494
vn 0.311157 -0.946684 0.083494
vn 0.311157 -0.946684 0.083494
vn 0.311157 -0.946684 0.083494
vn 0.311157 -0.946684 0.083494
vn 0.311157 -0.946684 0.083494
vn 0.311157 -0.946684 0.083494
vn 0.311157 -0.946684 0.083494
vn 0.311157 -0.946684 0.083494
vn 0.311157 -0.946684 0.083494
vn 0.311157 -0.946684 0.083494
vn 0.311157 -0.946684 0.083494
vn 0.311157 -0.946684 0.083494
vn 0.311157 -0.946684 0.083494
vn 0.311157 -0.946684 0.083494
vn 0.311157 -0.946684 0.083494
vn 0.311157 -0.946684 0.083494
vn 0.311157 -0.946684 0.083494
vn 0.311157 -0.946684 0.083494
vn 0.311157 -0.946684 0.083494
vn 0.311157 -0.946684 0.083494
vn -0.311157 0.946684 -0.083494
vn -0.311157 0.946684 -0.083494
vn -0.311157 0.946684 -0.083494
vn -0.311157 0.946684 -0.083494
vn -0.311157 0.946684 -0.083494
vn -0.311157 0.946684 -0.083494
vn -0.311157 0.946684 -0.083494
vn -0.311157 0.946684 -0.083494
vn -0.311157 0.946684 -0.083494
vn -0.311157 0.946684 -0.083494
vn -0.311157 0.946684 -0.083494
vn -0.311157 0.946684 -0.083494
vn -0.311157 0.946684 -0.083494
vn -0.311157 0.946684 -0.083494
vn -0.311157 0.946684 -0.083494
vn -0.311157 0.946684 -0.083494
vn -0.311157 0.946684 -0.083494
vn -0.311157 0.946684 -0.083494
vn -0.311157 0.946684 -0.083494
vn -0.311157 0.946684 -0.083494
vn -0.311157 0.946684 -0.083494
vn -0.311157 0.946684 -0.083494
vn -0.311157 0.946684 -0.083494
vn -0.311157 0.946684 -0.083494
vn 0.311157 -0.946684 0.083494
vn 0.311157 -0.946684 0.083494
vn 0.311157 -0.946684 0.083494
vn 0.311157 -0.946684 0.083494
vn -0.897462 -0.321603 -0.301883
vn -0.897462 -0.321603 -0.301883
vn -0.897462 -0.321603 -0.301883
vn -0.897462 -0.321603 -0.301883
vn -0.311157 0.946684 -0.083494
vn -0.311157 0.946684 -0.083494
vn -0.311157 0.946684 -0.083494
vn -0.311157 0.946684 -0.083494
vn 0.897462 0.321603 0.301883
vn 0.897462 0.321603 0.301883
vn 0.897462 0.321603 0.301883
vn 0.897462 0.321603 0.301883
vn 0.312639 0.019000 -0.949682
vn 0.312639 0.019000 -0.949682
vn 0.312639 0.019000 -0.949682
vn 0.312639 0.019000 -0.949682
vn -0.312639 -0.019000 0.949682
vn -0.312639 -0.019000 0.949682
vn -0.312639 -0.019000 0.949682
vn -0.312639 -0.019000 0.949682
vn 0.948788 0.304394 -0.084528
vn 0.948788 0.304394 -0.084528
vn 0.948788 0.304394 -0.084528
vn 0.948788 0.304394 -0.084528
vn 0.709503 0.289851 0.642334
vn 0.709503 0.289851 0.642334
vn 0.709503 0.289851 0.642334
vn 0.709503 0.289851 0.642334
vn 0.054604 0.105519 0.992917
vn 0.054604 0.105519 0.992917
vn 0.054604 0.105519 0.992917
vn 0.054604 0.105519 0.992917
vn -0.632286 -0.140627 0.761865
vn -0.632286 -0.140627 0.761865
vn -0.632286 -0.140627 0.761865
vn -0.632286 -0.140627 0.761865
vn -0.948788 -0.304394 0.084528
vn -0.948788 -0.304394 0.084528
vn -0.948788 -0.304394 0.084528
vn -0.948788 -0.304394 0.084528
vn -0.709503 -0.289851 -0.642334
vn -0.709503 -0.289851 -0.642334
vn -0.709503 -0.289851 -0.642334
vn -0.709503 -0.289851 -0.642334
vn -0.054602 -0.105518 -0.992917
vn -0.054602 -0.105518 -0.992917
vn -0.054602 -0.105518 -0.992917
vn -0.054602 -0.105518 -0.992917
vn 0.632284 0.140626 -0.761867
vn 0.632284 0.140626 -0.761867
vn 0.632284 0.140626 -0.761867
vn 0.632284 0.140626 -0.761867
vn 0.311157 -0.946684 0.083494
vn 0.311157 -0.946684 0.083494
vn 0.311157 -0.946684 0.083494
vn 0.311157 -0.946684 0.083494
vn 0.311157 -0.946684 0.083494
vn 0.311157 -0.946684 0.083494
vn 0.311157 -0.946684 0.083494
vn 0.311157 -0.946684 0.083494
vn 0.311157 -0.946684 0.083494
vn 0.311157 -0.946684 0.083494
vn 0.311157 -0.946684 0.083494
vn 0.311157 -0.946684 0.083494
vn 0.311157 -0.946684 0.083494
vn 0.311157 -0.946684 0.083494
vn 0.311157 -0.946684 0.083494
vn 0.311157 -0.946684 0.083494
vn 0.311157 -0.946684 0.083494
vn 0.311157 -0.946684 0.083494
vn 0.311157 -0.946684 0.083494
vn 0.311157 -0.946684 0.083494
vn 0.311157 -0.946684 0.083494
vn 0.311157 -0.946684 0.083494
vn 0.311157 -0.946684 0.083494
vn 0.311157 -0.946684 0.083494
vn -0.311157 0.946684 -0.083494
vn -0.311157 0.946684 -0.083494
vn -0.311157 0.946684 -0.083494
vn -0.311157 0.946684 -0.083494
vn -0.311157 0.946684 -0.083494
vn -0.311157 0.946684 -0.083494
vn -0.311157 0.946684 -0.083494
vn -0.311157 0.946684 -0.083494
vn -0.311157 0.946684 -0.083494
vn -0.311157 0.946684 -0.083494
vn -0.311157 0.946684 -0.083494
vn -0.311157 0.946684 -0.083494
vn -0.311157 0.946684 -0.083494
vn -0.311157 0.946684 -0.083494
vn -0.311157 0.946684 -0.083494
vn -0.311157 0.946684 -0.083494
vn -0.311157 0.946684 -0.083494
vn -0.311157 0.946684 -0.083494
vn -0.311157 0.946684 -0.083494
vn -0.311157 0.946684 -0.083494
vn -0.311157 0.946684 -0.083494
vn -0.311157 0.946684 -0.083494
vn -0.311157 0.946684 -0.083494
vn -0.311157 0.946684 -0.083494
vn 0.311157 -0.946684 0.083494
vn 0.311157 -0.946684 0.083494
vn 0.311157 -0.946684 0.083494
vn 0.311157 -0.946684 0.083494
vn -0.897462 -0.321603 -0.301883
vn -0.897462 -0.321603 -0.301883
vn -0.897462 -0.321603 -0.301883
vn -0.897462 -0.321603 -0.301883
vn -0.311157 0.946684 -0.083494
vn -0.311157 0.946684 -0.083494
vn -0.311157 0.946684 -0.083494
vn -0.311157 0.946684 -0.083494
vn 0.897462 0.321603 0.301883
vn 0.897462 0.321603 0.301883
vn 0.897462 0.321603 0.301883
vn 0.897462 0.321603 0.301883
vn 0.312639 0.019000 -0.949682
vn 0.312639 0.019000 -0.949682
vn 0.312639 0.019000 -0.949682
vn 0.312639 0.019000 -0.949682
vn -0.312639 -0.019000 0.949682
vn -0.312639 -0.019000 0.949682
vn -0.312639 -0.019000 0.949682
vn -0.312639 -0.019000 0.949682
vn 0.998537 0.000000 -0.054080
vn 0.998537 0.000000 -0.054080
vn 0.998537 0.000000 -0.054080
vn 0.998537 0.000000 -0.054080
vn 0.000000 1.000000 0.000000
vn 0.000000 1.000000 0.000000
vn 0.000000 1.000000 0.000000
vn 0.000000 1.000000 0.000000
vn -0.998537 0.000000 0.054080
vn -0.998537 0.000000 0.054080
vn -0.998537 0.000000 0.054080
vn -0.998537 0.000000 0.054080
vn 0.000000 -1.000000 0.000000
vn 0.000000 -1.000000 0.000000
vn 0.000000 -1.000000 0.000000
vn 0.000000 -1.000000 0.000000
vn 0.000000 -1.000000 0.000000
vn 0.000000 -1.000000 0.000000
vn 0.000000 -1.000000 0.000000
vn 0.000000 -1.000000 0.000000
vn 0.000000 -1.000000 0.000000
vn 0.000000 -1.000000 0.000000
vn -0.998537 0.000000 0.054080
vn -0.998537 0.000000 0.054080
vn -0.998537 0.000000 0.054080
vn -0.998537 0.000000 0.054080
vn 0.000000 1.000000 0.000000
vn 0.000000 1.000000 0.000000
vn 0.000000 1.000000 0.000000
vn 0.000000 1.000000 0.000000
vn 0.998537 0.000000 -0.054080
vn 0.998537 0.000000 -0.054080
vn 0.998537 0.000000 -0.054080
vn 0.998537 0.000000 -0.054080
vn -0.998537 0.000000 0.054080
vn -0.998537 0.000000 0.054080
vn -0.998537 0.000000 0.054080
vn -0.998537 0.000000 0.054080
vn 0.000000 1.000000 0.000000
vn 0.000000 1.000000 0.000000
vn 0.000000 1.000000 0.000000
vn 0.000000 1.000000 0.000000
vn 0.998537 0.000000 -0.054080
vn 0.998537 0.000000 -0.054080
vn 0.998537 0.000000 -0.054080
vn 0.998537 0.000000 -0.054080
vn 0.000000 -1.000000 0.000000
vn 0.000000 -1.000000 0.000000
vn 0.000000 -1.000000 0.000000
vn 0.000000 -1.000000 0.000000
vn -0.998537 0.000000 0.054080
vn -0.998537 0.000000 0.054080
vn -0.998537 0.000000 0.054080
vn -0.998537 0.000000 0.054080
vn 0.000000 1.000000 0.000000
vn 0.000000 1.000000 0.000000
vn 0.000000 1.000000 0.000000
vn 0.000000 1.000000 0.000000
vn 0.998537 0.000000 -0.054080
vn 0.998537 0.000000 -0.054080
vn 0.998537 0.000000 -0.054080
vn 0.998537 0.000000 -0.054080
vn -0.998537 0.000000 0.054080
vn -0.998537 0.000000 0.054080
vn -0.998537 0.000000 0.054080
vn -0.998537 0.000000 0.054080
vn 0.000000 1.000000 0.000000
vn 0.000000 1.000000 0.000000
vn 0.000000 1.000000 0.000000
vn 0.000000 1.000000 0.000000
vn 0.998537 0.000000 -0.054080
vn 0.998537 0.000000 -0.054080
vn 0.998537 0.000000 -0.054080
vn 0.998537 0.000000 -0.054080
vn 0.054080 -0.000001 0.998537
vn 0.054080 -0.000001 0.998537
vn 0.054080 -0.000001 0.998537
vn 0.054080 -0.000001 0.998537
vn -0.998537 0.000000 0.054080
vn -0.998537 0.000000 0.054080
vn -0.998537 0.000000 0.054080
vn -0.998537 0.000000 0.054080
vn -0.054080 -0.000001 -0.998537
vn -0.054080 -0.000001 -0.998537
vn -0.054080 -0.000001 -0.998537
vn -0.054080 -0.000001 -0.998537
vn 0.998537 0.000000 -0.054080
vn 0.998537 0.000000 -0.054080
vn 0.998537 0.000000 -0.054080
vn 0.998537 0.000000 -0.054080
vn 0.054080 0.000000 0.998537
vn 0.054080 0.000000 0.998537
vn 0.054080 0.000000 0.998537
vn 0.054080 0.000000 0.998537
vn -0.998537 0.000000 0.054080
vn -0.998537 0.000000 0.054080
vn -0.998537 0.000000 0.054080
vn -0.998537 0.000000 0.054080
vn -0.054080 0.000000 -0.998537
vn -0.054080 0.000000 -0.998537
vn -0.054080 0.000000 -0.998537
vn -0.054080 0.000000 -0.998537
vn 0.998537 0.000000 -0.054080
vn 0.998537 0.000000 -0.054080
vn 0.998537 0.000000 -0.054080
vn 0.998537 0.000000 -0.054080
vn 0.000000 -1.000000 0.000000
vn 0.000000 -1.000000 0.000000
vn 0.000000 -1.000000 0.000000
vn 0.000000 -1.000000 0.000000
vn 0.000000 -1.000000 0.000000
vn 0.000000 -1.000000 0.000000
vn 0.000000 -1.000000 0.000000
vn 0.000000 -1.000000 0.000000
vn -0.000001 -1.000000 0.000000
vn -0.000001 -1.000000 0.000000
vn -0.000001 -1.000000 0.000000
vn -0.000001 -1.000000 0.000000
vn 0.000002 -1.000000 0.000000
vn 0.000002 -1.000000 0.000000
vn 0.000002 -1.000000 0.000000
vn 0.000002 -1.000000 0.000000
vn 0.000000 -1.000000 0.000000
vn 0.000000 -1.000000 0.000000
vn 0.000000 -1.000000 0.000000
vn 0.000000 -1.000000 0.000000
vn 0.000000 -1.000000 0.000000
vn 0.000000 -1.000000 0.000000
vn 0.000000 -1.000000 0.000000
vn 0.000000 -1.000000 0.000000
vn 0.000000 -1.000000 0.000000
vn 0.000000 -1.000000 0.000000
vn 0.000000 -1.000000 0.000000
vn 0.000000 -1.000000 0.000000
vn 0.000000 -1.000000 0.000000
vn 0.000000 -1.000000 0.000000
vn 0.054080 0.000001 0.998537
vn 0.054080 0.000001 0.998537
vn 0.054080 0.000001 0.998537
vn 0.054080 0.000001 0.998537
vn 0.054080 0.000000 0.998537
vn 0.054080 0.000000 0.998537
vn 0.054080 0.000000 0.998537
vn 0.054080 0.000000 0.998537
vn 0.054080 -0.000001 0.998537
vn 0.054080 -0.000001 0.998537
vn 0.054080 -0.000001 0.998537
vn 0.054080 -0.000001 0.998537
vn 0.054080 0.000000 0.998537
vn 0.054080 0.000000 0.998537
vn 0.054080 0.000000 0.998537
vn 0.054080 0.000000 0.998537
vn 0.000000 1.000000 0.000000
vn 0.000000 1.000000 0.000000
vn 0.000000 1.000000 0.000000
vn 0.000000 1.000000 0.000000
vn -0.998537 0.000000 0.054080
vn -0.998537 0.000000 0.054080
vn -0.998537 0.000000 0.054080
vn -0.998537 0.000000 0.054080
vn 0.000000 -1.000000 0.000000
vn 0.000000 -1.000000 0.000000
vn 0.000000 -1.000000 0.000000
vn 0.000000 -1.000000 0.000000
vn 0.998537 0.000000 -0.054080
vn 0.998537 0.000000 -0.054080
vn 0.998537 0.000000 -0.054080
vn 0.998537 0.000000 -0.054080
vn -0.054085 0.000000 -0.998536
vn -0.054085 0.000000 -0.998536
vn -0.054085 0.000000 -0.998536
vn -0.054085 0.000000 -0.998536
vn -0.054080 0.000004 -0.998537
vn -0.054080 0.000004 -0.998537
vn -0.054080 0.000004 -0.998537
vn -0.054080 0.000004 -0.998537
vn -0.054074 0.000000 -0.998537
vn -0.054074 0.000000 -0.998537
vn -0.054074 0.000000 -0.998537
vn -0.054074 0.000000 -0.998537
vn -0.054080 -0.000004 -0.998537
vn -0.054080 -0.000004 -0.998537
vn -0.054080 -0.000004 -0.998537
vn -0.054080 -0.000004 -0.998537
vn -0.054080 0.000000 -0.998537
vn -0.054080 0.000000 -0.998537
vn -0.054080 0.000000 -0.998537
vn -0.054080 0.000000 -0.998537
vn 0.994295 0.050259 -0.094088
vn 0.994295 0.050259 -0.094088
vn 0.994295 0.050259 -0.094088
vn 0.994295 0.050259 -0.094088
vn 0.773180 -0.042413 0.632767
vn 0.773180 -0.042413 0.632767
vn 0.773180 -0.042413 0.632767
vn 0.773180 -0.042413 0.632767
vn 0.099150 -0.110239 0.988947
vn 0.099150 -0.110239 0.988947
vn 0.099150 -0.110239 0.988947
vn 0.099150 -0.110239 0.988947
vn -0.632963 -0.113489 0.765819
vn -0.632963 -0.113489 0.765819
vn -0.632963 -0.113489 0.765819
vn -0.632963 -0.113489 0.765819
vn -0.994295 -0.050259 0.094088
vn -0.994295 -0.050259 0.094088
vn -0.994295 -0.050259 0.094088
vn -0.994295 -0.050259 0.094088
vn -0.773180 0.042413 -0.632767
vn -0.773180 0.042413 -0.632767
vn -0.773180 0.042413 -0.632767
vn -0.773180 0.042413 -0.632767
vn -0.099152 0.110239 -0.988947
vn -0.099152 0.110239 -0.988947
vn -0.099152 0.110239 -0.988947
vn -0.099152 0.110239 -0.988947
vn 0.632964 0.113489 -0.765818
vn 0.632964 0.113489 -0.765818
vn 0.632964 0.113489 -0.765818
vn 0.632964 0.113489 -0.765818
vn 0.039331 -0.992634 -0.114594
vn 0.039331 -0.992634 -0.114594
vn 0.039331 -0.992634 -0.114594
vn 0.039331 -0.992634 -0.114594
vn 0.039331 -0.992634 -0.114594
vn 0.039331 -0.992634 -0.114594
vn 0.039331 -0.992634 -0.114594
vn 0.039331 -0.992634 -0.114594
vn 0.039331 -0.992634 -0.114594
vn 0.039331 -0.992634 -0.114594
vn 0.039331 -0.992634 -0.114594
vn 0.039331 -0.992634 -0.114594
vn 0.039331 -0.992634 -0.114594
vn 0.039331 -0.992634 -0.114594
vn 0.039331 -0.992634 -0.114594
vn 0.039331 -0.992634 -0.114594
vn 0.039331 -0.992634 -0.114594
vn 0.039331 -0.992634 -0.114594
vn 0.039331 -0.992634 -0.114594
vn 0.039331 -0.992634 -0.114594
vn 0.039331 -0.992634 -0.114594
vn 0.039331 -0.992634 -0.114594
vn 0.039331 -0.992634 -0.114594
vn 0.039331 -0.992634 -0.114594
vn -0.039331 0.992634 0.114594
vn -0.039331 0.992634 0.114594
vn -0.039331 0.992634 0.114594
vn -0.039331 0.992634 0.114594
vn -0.039331 0.992634 0.114594
vn -0.039331 0.992634 0.114594
vn -0.039331 0.992634 0.114594
vn -0.039331 0.992634 0.114594
vn -0.039331 0.992634 0.114594
vn -0.039331 0.992634 0.114594
vn -0.039331 0.992634 0.114594
vn -0.039331 0.992634 0.114594
vn -0.039331 0.992634 0.114594
vn -0.039331 0.992634 0.114594
vn -0.039331 0.992634 0.114594
vn -0.039331 0.992634 0.114594
vn -0.039331 0.992634 0.114594
vn -0.039331 0.992634 0.114594
vn -0.039331 0.992634 0.114594
vn -0.039331 0.992634 0.114594
vn -0.039331 0.992634 0.114594
vn -0.039331 0.992634 0.114594
vn -0.039331 0.992634 0.114594
vn -0.039331 0.992634 0.114594
vn 0.039331 -0.992634 -0.114594
vn 0.039331 -0.992634 -0.114594
vn 0.039331 -0.992634 -0.114594
vn 0.039331 -0.992634 -0.114594
vn -0.956552 -0.004246 -0.291532
vn -0.956552 -0.004246 -0.291532
vn -0.956552 -0.004246 -0.291532
vn -0.956552 -0.004246 -0.291532
vn -0.039331 0.992634 0.114594
vn -0.039331 0.992634 0.114594
vn -0.039331 0.992634 0.114594
vn -0.039331 0.992634 0.114594
vn 0.956552 0.004246 0.291532
vn 0.956552 0.004246 0.291532
vn 0.956552 0.004246 0.291532
vn 0.956552 0.004246 0.291532
vn 0.288897 0.121081 -0.949673
vn 0.288897 0.121081 -0.949673
vn 0.288897 0.121081 -0.949673
vn 0.288897 0.121081 -0.949673
vn -0.288897 -0.121081 0.949673
vn -0.288897 -0.121081 0.949673
vn -0.288897 -0.121081 0.949673
vn -0.288897 -0.121081 0.949673
vn -0.162541 0.104451 -0.981158
vn -0.162541 0.104451 -0.981158
vn -0.162541 0.104451 -0.981158
vn -0.162541 0.104451 -0.981158
vn 0.576513 0.179922 -0.797033
vn 0.576513 0.179922 -0.797033
vn 0.576513 0.179922 -0.797033
vn 0.576513 0.179922 -0.797033
vn 0.977844 0.149997 -0.146019
vn 0.977844 0.149997 -0.146019
vn 0.977844 0.149997 -0.146019
vn 0.977844 0.149997 -0.146019
vn 0.806372 0.032206 0.590532
vn 0.806372 0.032206 0.590532
vn 0.806372 0.032206 0.590532
vn 0.806372 0.032206 0.590532
vn 0.162541 -0.104451 0.981158
vn 0.162541 -0.104451 0.981158
vn 0.162541 -0.104451 0.981158
vn 0.162541 -0.104451 0.981158
vn -0.576513 -0.179922 0.797033
vn -0.576513 -0.179922 0.797033
vn -0.576513 -0.179922 0.797033
vn -0.576513 -0.179922 0.797033
vn -0.977844 -0.149997 0.146021
vn -0.977844 -0.149997 0.146021
vn -0.977844 -0.149997 0.146021
vn -0.977844 -0.149997 0.146021
vn -0.806370 -0.032205 -0.590534
vn -0.806370 -0.032205 -0.590534
vn -0.806370 -0.032205 -0.590534
vn -0.806370 -0.032205 -0.590534
vn 0.131919 -0.983154 -0.126517
vn 0.131919 -0.983154 -0.126517
vn 0.131919 -0.983154 -0.126517
vn 0.131919 -0.983154 -0.126517
vn 0.131919 -0.983154 -0.126517
vn 0.131919 -0.983154 -0.126517
vn 0.131919 -0.983154 -0.126517
vn 0.131919 -0.983154 -0.126517
vn 0.131919 -0.983154 -0.126517
vn 0.131919 -0.983154 -0.126517
vn 0.131919 -0.983154 -0.126517
vn 0.131919 -0.983154 -0.126517
vn 0.131919 -0.983154 -0.126517
vn 0.131919 -0.983154 -0.126517
vn 0.131919 -0.983154 -0.126517
vn 0.131919 -0.983154 -0.126517
vn 0.131919 -0.983154 -0.126517
vn 0.131919 -0.983154 -0.126517
vn 0.131919 -0.983154 -0.126517
vn 0.131919 -0.983154 -0.126517
vn 0.131919 -0.983154 -0.126517
vn 0.131919 -0.983154 -0.126517
vn 0.131919 -0.983154 -0.126517
vn 0.131919 -0.983154 -0.126517
vn -0.131919 0.983154 0.126517
vn -0.131919 0.983154 0.126517
vn -0.131919 0.983154 0.126517
vn -0.131919 0.983154 0.126517
vn -0.131919 0.983154 0.126517
vn -0.131919 0.983154 0.126517
vn -0.131919 0.983154 0.126517
vn -0.131919 0.983154 0.126517
vn -0.131919 0.983154 0.126517
vn -0.131919 0.983154 0.126517
vn -0.131919 0.983154 0.126517
vn -0.131919 0.983154 0.126517
vn -0.131919 0.983154 0.126517
vn -0.131919 0.983154 0.126517
vn -0.131919 0.983154 0.126517
vn -0.131919 0.983154 0.126517
vn -0.131919 0.983154 0.126517
vn -0.131919 0.983154 0.126517
vn -0.131919 0.983154 0.126517
vn -0.131919 0.983154 0.126517
vn -0.131919 0.983154 0.126517
vn -0.131919 0.983154 0.126517
vn -0.131919 0.983154 0.126517
vn -0.131919 0.983154 0.126517
vn 0.131919 -0.983154 -0.126517
vn 0.131919 -0.983154 -0.126517
vn 0.131919 -0.983154 -0.126517
vn 0.131919 -0.983154 -0.126517
vn -0.224040 -0.153902 0.962352
vn -0.224040 -0.153902 0.962352
vn -0.224040 -0.153902 0.962352
vn -0.224040 -0.153902 0.962352
vn -0.131919 0.983154 0.126517
vn -0.131919 0.983154 0.126517
vn -0.131919 0.983154 0.126517
vn -0.131919 0.983154 0.126517
vn 0.224040 0.153902 -0.962352
vn 0.224040 0.153902 -0.962352
vn 0.224040 0.153902 -0.962352
vn 0.224040 0.153902 -0.962352
vn -0.965610 -0.098607 -0.240569
vn -0.965610 -0.098607 -0.240569
vn -0.965610 -0.098607 -0.240569
vn -0.965610 -0.098607 -0.240569
vn 0.965610 0.098607 0.240569
vn 0.965610 0.098607 0.240569
vn 0.965610 0.098607 0.240569
vn 0.965610 0.098607 0.240569
vn 0.512630 0.176904 -0.840188
vn 0.512630 0.176904 -0.840188
vn 0.512630 0.176904 -0.840188
vn 0.512630 0.176904 -0.840188
vn 0.962406 0.157602 -0.221216
vn 0.962406 0.157602 -0.221216
vn 0.962406 0.157602 -0.221216
vn 0.962406 0.157602 -0.221216
vn 0.848413 0.045979 0.527335
vn 0.848413 0.045979 0.527335
vn 0.848413 0.045979 0.527335
vn 0.848413 0.045979 0.527335
vn 0.237433 -0.092578 0.966982
vn 0.237433 -0.092578 0.966982
vn 0.237433 -0.092578 0.966982
vn 0.237433 -0.092578 0.966982
vn -0.512630 -0.176904 0.840188
vn -0.512630 -0.176904 0.840188
vn -0.512630 -0.176904 0.840188
vn -0.512630 -0.176904 0.840188
vn -0.962406 -0.157602 0.221216
vn -0.962406 -0.157602 0.221216
vn -0.962406 -0.157602 0.221216
vn -0.962406 -0.157602 0.221216
vn -0.848414 -0.045980 -0.527333
vn -0.848414 -0.045980 -0.527333
vn -0.848414 -0.045980 -0.527333
vn -0.848414 -0.045980 -0.527333
vn -0.237430 0.092578 -0.966983
vn -0.237430 0.092578 -0.966983
vn -0.237430 0.092578 -0.966983
vn -0.237430 0.092578 -0.966983
vn 0.131919 -0.983154 -0.126517
vn 0.131919 -0.983154 -0.126517
vn 0.131919 -0.983154 -0.126517
vn 0.131919 -0.983154 -0.126517
vn 0.131919 -0.983154 -0.126517
vn 0.131919 -0.983154 -0.126517
vn 0.131919 -0.983154 -0.126517
vn 0.131919 -0.983154 -0.126517
vn 0.131919 -0.983154 -0.126517
vn 0.131919 -0.983154 -0.126517
vn 0.131919 -0.983154 -0.126517
vn 0.131919 -0.983154 -0.126517
vn 0.131919 -0.983154 -0.126517
vn 0.131919 -0.983154 -0.126517
vn 0.131919 -0.983154 -0.126517
vn 0.131919 -0.983154 -0.126517
vn 0.131919 -0.983154 -0.126517
vn 0.131919 -0.983154 -0.126517
vn 0.131919 -0.983154 -0.126517
vn 0.131919 -0.983154 -0.126517
vn 0.131919 -0.983154 -0.126517
vn 0.131919 -0.983154 -0.126517
vn 0.131919 -0.983154 -0.126517
vn 0.131919 -0.983154 -0.126517
vn -0.131919 0.983154 0.126517
vn -0.131919 0.983154 0.126517
vn -0.131919 0.983154 0.126517
vn -0.131919 0.983154 0.126517
vn -0.131919 0.983154 0.126517
vn -0.131919 0.983154 0.126517
vn -0.131919 0.983154 0.126517
vn -0.131919 0.983154 0.126517
vn -0.131919 0.983154 0.126517
vn -0.131919 0.983154 0.126517
vn -0.131919 0.983154 0.126517
vn -0.131919 0.983154 0.126517
vn -0.131919 0.983154 0.126517
vn -0.131919 0.983154 0.126517
vn -0.131919 0.983154 0.126517
vn -0.131919 0.983154 0.126517
vn -0.131919 0.983154 0.126517
vn -0.131919 0.983154 0.126517
vn -0.131919 0.983154 0.126517
vn -0.131919 0.983154 0.126517
vn -0.131919 0.983154 0.126517
vn -0.131919 0.983154 0.126517
vn -0.131919 0.983154 0.126517
vn -0.131919 0.983154 0.126517
vn 0.131919 -0.983154 -0.126517
vn 0.131919 -0.983154 -0.126517
vn 0.131919 -0.983154 -0.126517
vn 0.131919 -0.983154 -0.126517
vn -0.798285 -0.181034 0.574428
vn -0.798285 -0.181034 0.574428
vn -0.798285 -0.181034 0.574428
vn -0.798285 -0.181034 0.574428
vn -0.131919 0.983154 0.126517
vn -0.131919 0.983154 0.126517
vn -0.131919 0.983154 0.126517
vn -0.131919 0.983154 0.126517
vn 0.798285 0.181034 -0.574428
vn 0.798285 0.181034 -0.574428
vn 0.798285 0.181034 -0.574428
vn 0.798285 0.181034 -0.574428
vn -0.587655 0.025219 -0.808719
vn -0.587655 0.025219 -0.808719
vn -0.587655 0.025219 -0.808719
vn -0.587655 0.025219 -0.808719
vn 0.587655 -0.025219 0.808719
vn 0.587655 -0.025219 0.808719
vn 0.587655 -0.025219 0.808719
vn 0.587655 -0.025219 0.808719
vn 0.998537 0.000000 -0.054080
vn 0.998537 0.000000 -0.054080
vn 0.998537 0.000000 -0.054080
vn 0.998537 0.000000 -0.054080
vn 0.998537 0.000000 -0.054080
vn 0.998537 0.000000 -0.054080
vn 0.998537 0.000000 -0.054080
vn 0.998537 0.000000 -0.054080
vn 0.998537 0.000000 -0.054080
vn 0.998537 0.000000 -0.054080
vn 0.998537 0.000000 -0.054080
vn 0.998537 0.000000 -0.054080
vn 0.998537 0.000000 -0.054080
vn 0.998537 0.000000 -0.054080
vn 0.998537 0.000000 -0.054080
vn 0.998537 0.000000 -0.054080
vn 0.998537 0.000000 -0.054080
vn 0.998537 0.000000 -0.054080
vn 0.998537 0.000000 -0.054080
vn 0.998537 0.000000 -0.054080
vn 0.998537 0.000000 -0.054080
vn 0.998537 0.000000 -0.054080
vn 0.998537 0.000000 -0.054080
vn 0.998537 0.000000 -0.054080
vn 0.998537 0.000000 -0.054080
vn 0.998537 0.000000 -0.054080
vn 0.998537 0.000000 -0.054080
vn 0.998537 0.000000 -0.054080
vn 0.998537 0.000000 -0.054080
vn 0.998537 0.000000 -0.054080
vn 0.998537 0.000000 -0.054080
vn 0.998537 0.000000 -0.054080
vn 0.998537 0.000000 -0.054080
vn 0.998537 0.000000 -0.054080
vn 0.998537 0.000000 -0.054080
vn 0.998537 0.000000 -0.054080
vn 0.998537 0.000000 -0.054080
vn 0.998537 0.000000 -0.054080
vn 0.998537 0.000000 -0.054080
vn 0.998537 0.000000 -0.054080
vn 0.998537 0.000000 -0.054080
vn 0.998537 0.000000 -0.054080
vn 0.998537 0.000000 -0.054080
vn 0.998537 0.000000 -0.054080
vn 0.998537 0.000000 -0.054080
vn 0.998537 0.000000 -0.054080
vn 0.998537 0.000000 -0.054080
vn 0.998537 0.000000 -0.054080
vn 0.998537 0.000000 -0.054080
vn 0.998537 0.000000 -0.054080
vn 0.998537 0.000000 -0.054080
vn 0.998537 0.000000 -0.054080
vn 0.998537 0.000000 -0.054080
vn 0.998537 0.000000 -0.054080
vn 0.998537 0.000000 -0.054080
vn 0.998537 0.000000 -0.054080
vn 0.998537 0.000000 -0.054080
vn 0.998537 0.000000 -0.054080
vn 0.998537 0.000000 -0.054080
vn 0.998537 0.000000 -0.054080
vn 0.998537 0.000000 -0.054080
vn 0.998537 0.000000 -0.054080
vn 0.998537 0.000000 -0.054080
vn 0.998537 0.000000 -0.054080
vn 0.998537 0.000000 -0.054080
vn 0.998537 0.000000 -0.054080
vn 0.998537 0.000000 -0.054080
vn 0.998537 0.000000 -0.054080
vn 0.998537 0.000000 -0.054080
vn 0.998537 0.000000 -0.054080
vn 0.998537 0.000000 -0.054080
vn 0.998537 0.000000 -0.054080
vn 0.998537 0.000000 -0.054080
vn 0.998537 0.000000 -0.054080
vn 0.998537 0.000000 -0.054080
vn 0.998537 0.000000 -0.054080
vn 0.998537 0.000000 -0.054080
vn 0.998537 0.000000 -0.054080
vn 0.998537 0.000000 -0.054080
vn 0.998537 0.000000 -0.054080
vn 0.998537 0.000000 -0.054080
vn 0.998537 0.000000 -0.054080
vn 0.998537 0.000000 -0.054080
vn 0.998537 0.000000 -0.054080
vn -0.003520 0.997879 -0.064998
vn -0.002240 0.999142 -0.041366
vn -0.002240 0.999142 -0.041366
vn -0.003520 0.997879 -0.064998
vn 0.052680 0.226014 0.972699
vn 0.053683 0.120857 0.991217
vn 0.053683 0.120857 0.991217
vn 0.052680 0.226014 0.972699
vn 0.052308 0.253839 0.965831
vn 0.052680 0.226014 0.972699
vn 0.052680 0.226014 0.972699
vn 0.052308 0.253839 0.965831
vn 0.052126 0.266380 0.962458
vn 0.052308 0.253839 0.965831
vn 0.052308 0.253839 0.965831
vn 0.052126 0.266380 0.962458
vn 0.051789 0.287936 0.956248
vn 0.052126 0.266380 0.962458
vn 0.052126 0.266380 0.962458
vn 0.051789 0.287936 0.956248
vn -0.002240 0.999142 -0.041366
vn 0.001089 0.999797 0.020111
vn 0.001089 0.999797 0.020111
vn -0.002240 0.999142 -0.041366
vn 0.051208 0.321515 0.945519
vn 0.051789 0.287936 0.956248
vn 0.051789 0.287936 0.956248
vn 0.051208 0.321515 0.945519
vn 0.019051 -0.935896 0.351760
vn 0.018989 -0.936329 0.350609
vn 0.018989 -0.936329 0.350609
vn 0.019051 -0.935896 0.351760
vn 0.046266 -0.517769 0.854269
vn 0.046266 -0.517769 0.854269
vn 0.046266 -0.517769 0.854269
vn 0.046266 -0.517769 0.854269
vn 0.050932 0.336199 0.940413
vn 0.051208 0.321515 0.945519
vn 0.051208 0.321515 0.945519
vn 0.050932 0.336199 0.940413
vn 0.019028 -0.936056 0.351336
vn 0.019051 -0.935896 0.351760
vn 0.019051 -0.935896 0.351760
vn 0.019028 -0.936056 0.351336
vn 0.018989 -0.936329 0.350610
vn 0.019028 -0.936056 0.351336
vn 0.019028 -0.936056 0.351336
vn 0.018989 -0.936329 0.350610
vn -0.047950 -0.462423 -0.885362
vn -0.037381 -0.722643 -0.690210
vn -0.037381 -0.722643 -0.690210
vn -0.047950 -0.462423 -0.885362
vn -0.050469 -0.359294 -0.931859
vn -0.047950 -0.462423 -0.885362
vn -0.047950 -0.462423 -0.885362
vn -0.050469 -0.359294 -0.931859
vn -0.051264 -0.318445 -0.946554
vn -0.050469 -0.359294 -0.931859
vn -0.050469 -0.359294 -0.931859
vn -0.051264 -0.318445 -0.946554
vn -0.051524 -0.303774 -0.951350
vn -0.051264 -0.318445 -0.946554
vn -0.051264 -0.318445 -0.946554
vn -0.051524 -0.303774 -0.951350
vn -0.052230 -0.259269 -0.964392
vn -0.051524 -0.303774 -0.951350
vn -0.051524 -0.303774 -0.951350
vn -0.052230 -0.259269 -0.964392
vn -0.053591 -0.134181 -0.989507
vn -0.052230 -0.259269 -0.964392
vn -0.052230 -0.259269 -0.964392
vn -0.053591 -0.134181 -0.989507
vn -0.054060 -0.026745 -0.998179
vn -0.053591 -0.134181 -0.989507
vn -0.053591 -0.134181 -0.989507
vn -0.054060 -0.026745 -0.998179
vn 0.001089 0.999797 0.020111
vn 0.003340 0.998091 0.061677
vn 0.003340 0.998091 0.061677
vn 0.001089 0.999797 0.020111
vn -0.998537 0.000000 0.054080
vn -0.998537 0.000000 0.054080
vn -0.998537 0.000000 0.054080
vn -0.998537 0.000000 0.054080
vn -0.998537 0.000000 0.054080
vn -0.998537 0.000000 0.054080
vn -0.998537 0.000000 0.054080
vn -0.998537 0.000000 0.054080
vn -0.998537 0.000000 0.054080
vn -0.998537 0.000000 0.054080
vn -0.998537 0.000000 0.054080
vn -0.998537 0.000000 0.054080
vn -0.998537 0.000000 0.054080
vn -0.998537 0.000000 0.054080
vn -0.998537 0.000000 0.054080
vn -0.998537 0.000000 0.054080
vn -0.998537 0.000000 0.054080
vn -0.998537 0.000000 0.054080
vn -0.998537 0.000000 0.054080
vn -0.998537 0.000000 0.054080
vn -0.998537 0.000000 0.054080
vn -0.998537 0.000000 0.054080
vn -0.998537 0.000000 0.054080
vn -0.998537 0.000000 0.054080
vn -0.998537 0.000000 0.054080
vn -0.998537 0.000000 0.054080
vn -0.998537 0.000000 0.054080
vn -0.998537 0.000000 0.054080
vn -0.998537 0.000000 0.054080
vn -0.998537 0.000000 0.054080
vn -0.998537 0.000000 0.054080
vn -0.998537 0.000000 0.054080
vn -0.998537 0.000000 0.054080
vn -0.998537 0.000000 0.054080
vn -0.998537 0.000000 0.054080
vn -0.998537 0.000000 0.054080
vn -0.998537 0.000000 0.054080
vn -0.998537 0.000000 0.054080
vn -0.998537 0.000000 0.054080
vn -0.998537 0.000000 0.054080
vn -0.998537 0.000000 0.054080
vn -0.998537 0.000000 0.054080
vn -0.998537 0.000000 0.054080
vn -0.998537 0.000000 0.054080
vn -0.998537 0.000000 0.054080
vn -0.998537 0.000000 0.054080
vn -0.998537 0.000000 0.054080
vn -0.998537 0.000000 0.054080
vn -0.998537 0.000000 0.054080
vn -0.998537 0.000000 0.054080
vn -0.998537 0.000000 0.054080
vn -0.998537 0.000000 0.054080
vn -0.998537 0.000000 0.054080
vn -0.998537 0.000000 0.054080
vn -0.998537 0.000000 0.054080
vn -0.998537 0.000000 0.054080
vn -0.998537 0.000000 0.054080
vn -0.998537 0.000000 0.054080
vn -0.998537 0.000000 0.054080
vn -0.998537 0.000000 0.054080
vn -0.998537 0.000000 0.054080
vn -0.998537 0.000000 0.054080
vn -0.998537 0.000000 0.054080
vn -0.998537 0.000000 0.054080
vn -0.998537 0.000000 0.054080
vn -0.998537 0.000000 0.054080
vn -0.998537 0.000000 0.054080
vn -0.998537 0.000000 0.054080
vn -0.998537 0.000000 0.054080
vn -0.998537 0.000000 0.054080
vn -0.998537 0.000000 0.054080
vn -0.998537 0.000000 0.054080
vn -0.998537 0.000000 0.054080
vn -0.998537 0.000000 0.054080
vn -0.998537 0.000000 0.054080
vn -0.998537 0.000000 0.054080
vn -0.998537 0.000000 0.054080
vn -0.998537 0.000000 0.054080
vn -0.998537 0.000000 0.054080
vn -0.998537 0.000000 0.054080
vn -0.998537 0.000000 0.054080
vn -0.998537 0.000000 0.054080
vn -0.998537 0.000000 0.054080
vn -0.998537 0.000000 0.054080
vn -0.003520 0.997879 -0.064998
vn -0.003520 0.997879 -0.064998
vn -0.002240 0.999142 -0.041366
vn -0.002240 0.999142 -0.041366
vn 0.052680 0.226014 0.972699
vn 0.052680 0.226014 0.972699
vn 0.053683 0.120857 0.991217
vn 0.053683 0.120857 0.991217
vn 0.052308 0.253839 0.965831
vn 0.052308 0.253839 0.965831
vn 0.052680 0.226014 0.972699
vn 0.052680 0.226014 0.972699
vn 0.052126 0.266380 0.962458
vn 0.052126 0.266380 0.962458
vn 0.052308 0.253839 0.965831
vn 0.052308 0.253839 0.965831
vn 0.051789 0.287936 0.956248
vn 0.051789 0.287936 0.956248
vn 0.052126 0.266380 0.962458
vn 0.052126 0.266380 0.962458
vn -0.002240 0.999142 -0.041366
vn -0.002240 0.999142 -0.041366
vn 0.001089 0.999797 0.020111
vn 0.001089 0.999797 0.020111
vn 0.051208 0.321515 0.945519
vn 0.051208 0.321515 0.945519
vn 0.051789 0.287936 0.956248
vn 0.051789 0.287936 0.956248
vn 0.019051 -0.935896 0.351760
vn 0.019051 -0.935896 0.351760
vn 0.018989 -0.936329 0.350609
vn 0.018989 -0.936329 0.350609
vn 0.046266 -0.517769 0.854269
vn 0.046266 -0.517769 0.854269
vn 0.046266 -0.517769 0.854269
vn 0.046266 -0.517769 0.854269
vn 0.050932 0.336199 0.940413
vn 0.050932 0.336199 0.940413
vn 0.051208 0.321515 0.945519
vn 0.051208 0.321515 0.945519
vn 0.019028 -0.936056 0.351336
vn 0.019028 -0.936056 0.351336
vn 0.019051 -0.935896 0.351760
vn 0.019051 -0.935896 0.351760
vn 0.018989 -0.936329 0.350610
vn 0.018989 -0.936329 0.350610
vn 0.019028 -0.936056 0.351336
vn 0.019028 -0.936056 0.351336
vn -0.047950 -0.462423 -0.885362
vn -0.047950 -0.462423 -0.885362
vn -0.037381 -0.722643 -0.690210
vn -0.037381 -0.722643 -0.690210
vn -0.050469 -0.359294 -0.931859
vn -0.050469 -0.359294 -0.931859
vn -0.047950 -0.462423 -0.885362
vn -0.047950 -0.462423 -0.885362
vn -0.051264 -0.318445 -0.946554
vn -0.051264 -0.318445 -0.946554
vn -0.050469 -0.359294 -0.931859
vn -0.050469 -0.359294 -0.931859
vn -0.051524 -0.303774 -0.951350
vn -0.051524 -0.303774 -0.951350
vn -0.051264 -0.318445 -0.946554
vn -0.051264 -0.318445 -0.946554
vn -0.052230 -0.259269 -0.964392
vn -0.052230 -0.259269 -0.964392
vn -0.051524 -0.303774 -0.951350
vn -0.051524 -0.303774 -0.951350
vn -0.053591 -0.134181 -0.989507
vn -0.053591 -0.134181 -0.989507
vn -0.052230 -0.259269 -0.964392
vn -0.052230 -0.259269 -0.964392
vn -0.054060 -0.026745 -0.998179
vn -0.054060 -0.026745 -0.998179
vn -0.053591 -0.134181 -0.989507
vn -0.053591 -0.134181 -0.989507
vn 0.001089 0.999797 0.020111
vn 0.001089 0.999797 0.020111
vn 0.003340 0.998091 0.061677
vn 0.003340 0.998091 0.061677
vn 0.998537 0.000000 -0.054080
vn 0.998537 0.000000 -0.054080
vn 0.998537 0.000000 -0.054080
vn 0.998537 0.000000 -0.054080
vn 0.053683 0.120857 0.991217
vn 0.053683 0.120857 0.991217
vn 0.054080 0.000000 0.998537
vn 0.054080 0.000000 0.998537
vn 0.998537 0.000000 -0.054080
vn 0.998537 0.000000 -0.054080
vn 0.998537 0.000000 -0.054080
vn 0.998537 0.000000 -0.054080
vn 0.998537 0.000000 -0.054080
vn 0.998537 0.000000 -0.054080
vn 0.998537 0.000000 -0.054080
vn 0.998537 0.000000 -0.054080
vn -0.054060 -0.026745 -0.998179
vn -0.054060 -0.026745 -0.998179
vn -0.054080 0.000000 -0.998537
vn -0.054080 0.000000 -0.998537
vn 0.053683 0.120857 0.991217
vn 0.053683 0.120857 0.991217
vn 0.054080 0.000000 0.998537
vn 0.054080 0.000000 0.998537
vn -0.998537 0.000000 0.054080
vn -0.998537 0.000000 0.054080
vn -0.998537 0.000000 0.054080
vn -0.998537 0.000000 0.054080
vn -0.998537 0.000000 0.054080
vn -0.998537 0.000000 0.054080
vn -0.998537 0.000000 0.054080
vn -0.998537 0.000000 0.054080
vn -0.054060 -0.026745 -0.998179
vn -0.054060 -0.026745 -0.998179
vn -0.054080 0.000000 -0.998537
vn -0.054080 0.000000 -0.998537
vn -0.998537 0.000000 0.054080
vn -0.998537 0.000000 0.054080
vn -0.998537 0.000000 0.054080
vn -0.998537 0.000000 0.054080
vn 0.998537 0.000000 -0.054080
vn 0.998537 0.000000 -0.054080
vn 0.998537 0.000000 -0.054080
vn 0.998537 0.000000 -0.054080
vn 0.998537 0.000000 -0.054080
vn 0.998537 0.000000 -0.054080
vn 0.998537 0.000000 -0.054080
vn 0.998537 0.000000 -0.054080
vn 0.998537 0.000000 -0.054080
vn 0.998537 0.000000 -0.054080
vn 0.998537 0.000000 -0.054080
vn 0.998537 0.000000 -0.054080
vn 0.998537 0.000000 -0.054080
vn 0.998537 0.000000 -0.054080
vn 0.998537 0.000000 -0.054080
vn 0.998537 0.000000 -0.054080
vn 0.998537 0.000000 -0.054080
vn 0.998537 0.000000 -0.054080
vn 0.998537 0.000000 -0.054080
vn 0.998537 0.000000 -0.054080
vn 0.998537 0.000000 -0.054080
vn 0.998537 0.000000 -0.054080
vn 0.998537 0.000000 -0.054080
vn 0.998537 0.000000 -0.054080
vn 0.998537 0.000000 -0.054080
vn 0.998537 0.000000 -0.054080
vn 0.998537 0.000000 -0.054080
vn 0.998537 0.000000 -0.054080
vn 0.998537 0.000000 -0.054080
vn 0.998537 0.000000 -0.054080
vn 0.998537 0.000000 -0.054080
vn 0.998537 0.000000 -0.054080
vn 0.998537 0.000000 -0.054080
vn 0.998537 0.000000 -0.054080
vn 0.998537 0.000000 -0.054080
vn 0.998537 0.000000 -0.054080
vn 0.998537 0.000000 -0.054080
vn 0.998537 0.000000 -0.054080
vn 0.998537 0.000000 -0.054080
vn 0.998537 0.000000 -0.054080
vn 0.998537 0.000000 -0.054080
vn 0.998537 0.000000 -0.054080
vn 0.998537 0.000000 -0.054080
vn 0.998537 0.000000 -0.054080
vn 0.998537 0.000000 -0.054080
vn 0.998537 0.000000 -0.054080
vn 0.998537 0.000000 -0.054080
vn 0.998537 0.000000 -0.054080
vn 0.998537 0.000000 -0.054080
vn 0.998537 0.000000 -0.054080
vn 0.998537 0.000000 -0.054080
vn 0.998537 0.000000 -0.054080
vn 0.998537 0.000000 -0.054080
vn 0.998537 0.000000 -0.054080
vn 0.998537 0.000000 -0.054080
vn 0.998537 0.000000 -0.054080
vn 0.998537 0.000000 -0.054080
vn 0.998537 0.000000 -0.054080
vn 0.998537 0.000000 -0.054080
vn 0.998537 0.000000 -0.054080
vn 0.998537 0.000000 -0.054080
vn 0.998537 0.000000 -0.054080
vn 0.998537 0.000000 -0.054080
vn 0.998537 0.000000 -0.054080
vn 0.998537 0.000000 -0.054080
vn 0.998537 0.000000 -0.054080
vn 0.998537 0.000000 -0.054080
vn 0.998537 0.000000 -0.054080
vn 0.998537 0.000000 -0.054080
vn 0.998537 0.000000 -0.054080
vn 0.998537 0.000000 -0.054080
vn 0.998537 0.000000 -0.054080
vn 0.998537 0.000000 -0.054080
vn 0.998537 0.000000 -0.054080
vn 0.998537 0.000000 -0.054080
vn 0.998537 0.000000 -0.054080
vn 0.998537 0.000000 -0.054080
vn 0.998537 0.000000 -0.054080
vn 0.998537 0.000000 -0.054080
vn 0.998537 0.000000 -0.054080
vn 0.998537 0.000000 -0.054080
vn 0.998537 0.000000 -0.054080
vn 0.998537 0.000000 -0.054080
vn 0.998537 0.000000 -0.054080
vn 0.998537 0.000000 -0.054080
vn 0.998537 0.000000 -0.054080
vn 0.998537 0.000000 -0.054080
vn 0.998537 0.000000 -0.054080
vn 0.998537 0.000000 -0.054080
vn 0.998537 0.000000 -0.054080
vn 0.998537 0.000000 -0.054080
vn 0.998537 0.000000 -0.054080
vn 0.998537 0.000000 -0.054080
vn 0.998537 0.000000 -0.054080
vn 0.998537 0.000000 -0.054080
vn 0.998537 0.000000 -0.054080
vn 0.998537 0.000000 -0.054080
vn 0.998537 0.000000 -0.054080
vn 0.998537 0.000000 -0.054080
vn 0.998537 0.000000 -0.054080
vn 0.998537 0.000000 -0.054080
vn 0.998537 0.000000 -0.054080
vn 0.998537 0.000000 -0.054080
vn 0.998537 0.000000 -0.054080
vn 0.998537 0.000000 -0.054080
vn 0.998537 0.000000 -0.054080
vn 0.998537 0.000000 -0.054080
vn 0.998537 0.000000 -0.054080
vn 0.998537 0.000000 -0.054080
vn 0.998537 0.000000 -0.054080
vn 0.998537 0.000000 -0.054080
vn 0.998537 0.000000 -0.054080
vn 0.998537 0.000000 -0.054080
vn 0.998537 0.000000 -0.054080
vn 0.998537 0.000000 -0.054080
vn 0.998537 0.000000 -0.054080
vn 0.998537 0.000000 -0.054080
vn 0.998537 0.000000 -0.054080
vn 0.998537 0.000000 -0.054080
vn 0.998537 0.000000 -0.054080
vn 0.998537 0.000000 -0.054080
vn 0.998537 0.000000 -0.054080
vn 0.998537 0.000000 -0.054080
vn 0.998537 0.000000 -0.054080
vn 0.998537 0.000000 -0.054080
vn 0.998537 0.000000 -0.054080
vn 0.998537 0.000000 -0.054080
vn 0.998537 0.000000 -0.054080
vn 0.998537 0.000000 -0.054080
vn 0.998537 0.000000 -0.054080
vn 0.998537 0.000000 -0.054080
vn 0.998537 0.000000 -0.054080
vn 0.998537 0.000000 -0.054080
vn 0.998537 0.000000 -0.054080
vn 0.998537 0.000000 -0.054080
vn 0.998537 0.000000 -0.054080
vn 0.998537 0.000000 -0.054080
vn 0.998537 0.000000 -0.054080
vn 0.998537 0.000000 -0.054080
vn 0.998537 0.000000 -0.054080
vn 0.998537 0.000000 -0.054080
vn 0.998537 0.000000 -0.054080
vn 0.998537 0.000000 -0.054080
vn 0.998537 0.000000 -0.054080
vn 0.998537 0.000000 -0.054080
vn 0.998537 0.000000 -0.054080
vn 0.998537 0.000000 -0.054080
vn 0.998537 0.000000 -0.054080
vn 0.998537 0.000000 -0.054080
vn 0.998537 0.000000 -0.054080
vn 0.998537 0.000000 -0.054080
vn 0.998537 0.000000 -0.054080
vn 0.998537 0.000000 -0.054080
vn 0.998537 0.000000 -0.054080
vn 0.998537 0.000000 -0.054080
vn 0.998537 0.000000 -0.054080
vn 0.998537 0.000000 -0.054080
vn 0.998537 0.000000 -0.054080
vn 0.998537 0.000000 -0.054080
vn 0.998537 0.000000 -0.054080
vn 0.998537 0.000000 -0.054080
vn 0.998537 0.000000 -0.054080
vn 0.998537 0.000000 -0.054080
vn 0.998537 0.000000 -0.054080
vn 0.998537 0.000000 -0.054080
vn 0.998537 0.000000 -0.054080
vn 0.998537 0.000000 -0.054080
vn 0.998537 0.000000 -0.054080
vn 0.998537 0.000000 -0.054080
vn 0.998537 0.000000 -0.054080
vn 0.998537 0.000000 -0.054080
vn 0.998537 0.000000 -0.054080
vn 0.998537 0.000000 -0.054080
vn 0.998537 0.000000 -0.054080
vn 0.998537 0.000000 -0.054080
vn 0.998537 0.000000 -0.054080
vn 0.998537 0.000000 -0.054080
vn 0.998537 0.000000 -0.054080
vn 0.998537 0.000000 -0.054080
vn 0.998537 0.000000 -0.054080
vn 0.998537 0.000000 -0.054080
vn 0.998537 0.000000 -0.054080
vn 0.998537 0.000000 -0.054080
vn 0.998537 0.000000 -0.054080
vn 0.998537 0.000000 -0.054080
vn 0.998537 0.000000 -0.054080
vn 0.998537 0.000000 -0.054080
vn 0.998537 0.000000 -0.054080
vn 0.998537 0.000000 -0.054080
vn 0.998537 0.000000 -0.054080
vn 0.998537 0.000000 -0.054080
vn 0.998537 0.000000 -0.054080
vn 0.998537 0.000000 -0.054080
vn 0.998537 0.000000 -0.054080
vn 0.998537 0.000000 -0.054080
vn 0.998537 0.000000 -0.054080
vn 0.998537 0.000000 -0.054080
vn 0.998537 0.000000 -0.054080
vn 0.998537 0.000000 -0.054080
vn 0.998537 0.000000 -0.054080
vn 0.998537 0.000000 -0.054080
vn 0.998537 0.000000 -0.054080
vn 0.998537 0.000000 -0.054080
vn 0.998537 0.000000 -0.054080
vn 0.998537 0.000000 -0.054080
vn 0.998537 0.000000 -0.054080
vn 0.998537 0.000000 -0.054080
vn 0.998537 0.000000 -0.054080
vn 0.998537 0.000000 -0.054080
vn 0.998537 0.000000 -0.054080
vn 0.998537 0.000000 -0.054080
vn 0.998537 0.000000 -0.054080
vn 0.998537 0.000000 -0.054080
vn 0.998537 0.000000 -0.054080
vn 0.998537 0.000000 -0.054080
vn 0.998537 0.000000 -0.054080
vn 0.998537 0.000000 -0.054080
vn 0.998537 0.000000 -0.054080
vn 0.998537 0.000000 -0.054080
vn 0.998537 0.000000 -0.054080
vn 0.998537 0.000000 -0.054080
vn 0.998537 0.000000 -0.054080
vn 0.998537 0.000000 -0.054080
vn 0.998537 0.000000 -0.054080
vn 0.998537 0.000000 -0.054080
vn 0.998537 0.000000 -0.054080
vn 0.998537 0.000000 -0.054080
vn 0.998537 0.000000 -0.054080
vn 0.998537 0.000000 -0.054080
vn 0.998537 0.000000 -0.054080
vn 0.998537 0.000000 -0.054080
vn 0.998537 0.000000 -0.054080
vn 0.998537 0.000000 -0.054080
vn 0.998537 0.000000 -0.054080
vn 0.998537 0.000000 -0.054080
vn 0.998537 0.000000 -0.054080
vn 0.998537 0.000000 -0.054080
vn 0.998537 0.000000 -0.054080
vn 0.998537 0.000000 -0.054080
vn 0.998537 0.000000 -0.054080
vn 0.998537 0.000000 -0.054080
vn 0.998537 0.000000 -0.054080
vn 0.998537 0.000000 -0.054080
vn 0.998537 0.000000 -0.054080
vn 0.998537 0.000000 -0.054080
vn 0.998537 0.000000 -0.054079
vn 0.998537 0.000000 -0.054079
vn 0.998537 0.000000 -0.054080
vn 0.998537 0.000000 -0.054080
vn 0.998537 0.000000 -0.054080
vn 0.998537 0.000000 -0.054080
vn 0.998537 0.000000 -0.054080
vn 0.998537 0.000000 -0.054080
vn 0.998537 0.000000 -0.054080
vn 0.998537 0.000000 -0.054080
vn 0.998537 0.000000 -0.054080
vn 0.998537 0.000000 -0.054080
vn 0.998537 0.000000 -0.054080
vn 0.998537 0.000000 -0.054080
vn 0.998537 0.000000 -0.054080
vn 0.998537 0.000000 -0.054080
vn 0.998537 0.000000 -0.054080
vn 0.998537 0.000000 -0.054080
vn 0.998537 0.000000 -0.054080
vn 0.998537 0.000000 -0.054080
vn 0.998537 0.000000 -0.054080
vn 0.998537 0.000000 -0.054080
vn 0.998537 0.000000 -0.054080
vn 0.998537 0.000000 -0.054080
vn 0.998537 0.000000 -0.054080
vn 0.998537 0.000000 -0.054080
vn 0.998537 0.000000 -0.054080
vn 0.998537 0.000000 -0.054080
vn 0.998537 0.000000 -0.054080
vn 0.998537 0.000000 -0.054080
vn 0.998537 0.000000 -0.054080
vn 0.998537 0.000000 -0.054080
vn 0.998537 0.000000 -0.054080
vn 0.998537 0.000000 -0.054080
vn 0.998537 0.000000 -0.054080
vn 0.998537 0.000000 -0.054080
vn 0.998537 0.000000 -0.054080
vn 0.998537 0.000000 -0.054080
vn 0.998537 0.000000 -0.054079
vn 0.998537 0.000000 -0.054079
vn 0.998537 0.000000 -0.054079
vn 0.998537 0.000000 -0.054079
vn 0.998537 0.000000 -0.054080
vn 0.998537 0.000000 -0.054080
vn 0.998537 0.000000 -0.054080
vn 0.998537 0.000000 -0.054080
vn 0.998537 0.000000 -0.054080
vn 0.998537 0.000000 -0.054080
vn 0.998537 0.000000 -0.054080
vn 0.998537 0.000000 -0.054080
vn 0.998537 0.000000 -0.054080
vn 0.998537 0.000000 -0.054080
vn 0.998537 0.000000 -0.054080
vn 0.998537 0.000000 -0.054080
vn 0.998537 0.000000 -0.054080
vn 0.998537 0.000000 -0.054080
vn 0.998537 0.000000 -0.054080
vn 0.998537 0.000000 -0.054080
vn 0.998537 0.000000 -0.054080
vn 0.998537 0.000000 -0.054080
vn 0.998537 0.000000 -0.054080
vn 0.998537 0.000000 -0.054080
vn 0.998537 0.000000 -0.054080
vn 0.998537 0.000000 -0.054080
vn 0.998537 0.000000 -0.054080
vn 0.998537 0.000000 -0.054080
vn 0.998537 0.000000 -0.054080
vn 0.998537 0.000000 -0.054080
vn 0.998537 0.000000 -0.054080
vn 0.998537 0.000000 -0.054080
vn 0.998537 0.000000 -0.054080
vn 0.998537 0.000000 -0.054080
vn 0.998537 0.000000 -0.054080
vn 0.998537 0.000000 -0.054080
vn 0.998537 0.000000 -0.054080
vn 0.998537 0.000000 -0.054080
vn 0.998537 0.000000 -0.054080
vn 0.998537 0.000000 -0.054080
vn 0.998537 0.000000 -0.054080
vn 0.998537 0.000000 -0.054080
vn 0.998537 0.000000 -0.054080
vn 0.998537 0.000000 -0.054080
vn 0.998537 0.000000 -0.054080
vn 0.998537 0.000000 -0.054080
vn 0.998537 0.000000 -0.054080
vn 0.998537 0.000000 -0.054080
vn 0.998537 0.000000 -0.054080
vn 0.998537 0.000000 -0.054080
vn 0.998537 0.000000 -0.054080
vn 0.998537 0.000000 -0.054080
vn 0.998537 0.000000 -0.054080
vn 0.998537 0.000000 -0.054080
vn 0.998537 0.000000 -0.054080
vn 0.998537 0.000000 -0.054080
vn 0.998537 0.000000 -0.054080
vn 0.998537 0.000000 -0.054080
vn 0.998537 0.000000 -0.054080
vn 0.998537 0.000000 -0.054080
vn 0.998537 0.000000 -0.054080
vn 0.998537 0.000000 -0.054080
vn 0.998537 0.000000 -0.054080
vn 0.998537 0.000000 -0.054080
vn 0.998537 0.000000 -0.054080
vn 0.998537 0.000000 -0.054080
vn 0.998537 0.000000 -0.054080
vn 0.998537 0.000000 -0.054080
vn 0.998537 0.000000 -0.054080
vn 0.998537 0.000000 -0.054080
vn 0.998537 0.000000 -0.054080
vn 0.998537 0.000000 -0.054080
vn 0.998537 0.000000 -0.054080
vn 0.998537 0.000000 -0.054080
vn 0.998537 0.000000 -0.054080
vn 0.998537 0.000000 -0.054080
vn 0.998537 0.000000 -0.054080
vn 0.998537 0.000000 -0.054080
vn 0.998537 0.000000 -0.054080
vn 0.998537 0.000000 -0.054080
vn 0.998537 0.000000 -0.054080
vn 0.998537 0.000000 -0.054080
vn 0.998537 0.000000 -0.054080
vn 0.998537 0.000000 -0.054080
vn 0.998537 0.000000 -0.054080
vn 0.998537 0.000000 -0.054080
vn 0.998537 0.000000 -0.054080
vn 0.998537 0.000000 -0.054080
vn 0.998537 0.000000 -0.054080
vn 0.998537 0.000000 -0.054080
vn 0.998537 0.000000 -0.054080
vn 0.998537 0.000000 -0.054080
vn 0.998537 0.000000 -0.054080
vn 0.998537 0.000000 -0.054080
vn 0.998537 0.000000 -0.054080
vn 0.998537 0.000000 -0.054080
vn 0.998537 0.000000 -0.054080
vn 0.998537 0.000000 -0.054080
vn 0.998537 0.000000 -0.054080
vn 0.998537 0.000000 -0.054080
vn 0.998537 0.000000 -0.054080
vn 0.998537 0.000000 -0.054080
vn 0.998537 0.000000 -0.054080
vn 0.998537 0.000000 -0.054080
vn 0.998537 0.000000 -0.054080
vn 0.998537 0.000000 -0.054080
vn 0.998537 0.000000 -0.054080
vn 0.998537 0.000000 -0.054080
vn 0.998537 0.000000 -0.054080
vn 0.998537 0.000000 -0.054080
vn 0.998537 0.000000 -0.054080
vn 0.998537 0.000000 -0.054080
vn 0.998537 0.000000 -0.054080
vn 0.998537 0.000000 -0.054080
vn 0.998537 0.000000 -0.054080
vn 0.998537 0.000000 -0.054080
vn 0.998537 0.000000 -0.054080
vn 0.998537 0.000000 -0.054080
vn 0.998537 0.000000 -0.054080
vn 0.998537 0.000000 -0.054080
vn 0.998537 0.000000 -0.054080
vn 0.998537 0.000000 -0.054080
vn 0.998537 0.000000 -0.054080
vn 0.998537 0.000000 -0.054080
vn 0.998537 0.000000 -0.054080
vn 0.998537 0.000000 -0.054080
vn 0.998537 0.000000 -0.054080
vn 0.998537 0.000000 -0.054080
vn 0.998537 0.000000 -0.054080
vn 0.998537 0.000000 -0.054080
vn 0.998537 0.000000 -0.054080
vn 0.998537 0.000000 -0.054080
vn 0.998537 0.000000 -0.054080
vn 0.998537 0.000000 -0.054080
vn 0.998537 0.000000 -0.054080
vn 0.998537 0.000000 -0.054080
vn 0.998537 0.000000 -0.054080
vn 0.998537 0.000000 -0.054080
vn 0.998537 0.000000 -0.054080
vn 0.998537 0.000000 -0.054080
vn 0.998537 0.000000 -0.054080
vn 0.998537 0.000000 -0.054080
vn 0.998537 0.000000 -0.054080
vn 0.998537 0.000000 -0.054080
vn 0.998537 0.000000 -0.054080
vn 0.998537 0.000000 -0.054080
vn 0.998537 0.000000 -0.054080
vn 0.998537 0.000000 -0.054080
vn 0.998537 0.000000 -0.054080
vn 0.998537 0.000000 -0.054080
vn 0.998537 0.000000 -0.054080
vn 0.998537 0.000000 -0.054080
vn 0.998537 0.000000 -0.054080
vn 0.998537 0.000000 -0.054080
vn 0.998537 0.000000 -0.054080
vn 0.998537 0.000000 -0.054080
vn 0.998537 0.000000 -0.054080
vn 0.998537 0.000000 -0.054080
vn 0.998537 0.000000 -0.054080
vn 0.998537 0.000000 -0.054080
vn 0.998537 0.000000 -0.054080
vn 0.998537 0.000000 -0.054080
vn 0.998537 0.000000 -0.054080
vn 0.998537 0.000000 -0.054080
vn 0.998537 0.000000 -0.054080
vn 0.998537 0.000000 -0.054080
vn 0.998537 0.000000 -0.054080
vn 0.998537 0.000000 -0.054080
vn 0.998537 0.000000 -0.054080
vn 0.998537 0.000000 -0.054080
vn 0.998537 0.000000 -0.054080
vn 0.998537 0.000000 -0.054080
vn 0.998537 0.000000 -0.054080
vn 0.998537 0.000000 -0.054080
vn 0.998537 0.000000 -0.054080
vn 0.998537 0.000000 -0.054080
vn 0.998537 0.000000 -0.054080
vn 0.998537 0.000000 -0.054080
vn 0.998537 0.000000 -0.054080
vn 0.998537 0.000000 -0.054080
vn 0.998537 0.000000 -0.054080
vn 0.998537 0.000000 -0.054080
vn 0.998537 0.000000 -0.054080
vn 0.998537 0.000000 -0.054080
vn 0.998537 0.000000 -0.054080
vn 0.998537 0.000000 -0.054080
vn 0.998537 0.000000 -0.054080
vn 0.998537 0.000000 -0.054080
vn 0.998537 0.000000 -0.054080
vn 0.998537 0.000000 -0.054080
vn 0.998537 0.000000 -0.054080
vn 0.998537 0.000000 -0.054080
vn 0.998537 0.000000 -0.054080
vn 0.998537 0.000000 -0.054080
vn 0.998537 0.000000 -0.054080
vn 0.998537 0.000000 -0.054080
vn 0.998537 0.000000 -0.054080
vn 0.998537 0.000000 -0.054080
vn 0.998537 0.000000 -0.054080
vn 0.998537 0.000000 -0.054080
vn 0.998537 0.000000 -0.054080
vn 0.998537 0.000000 -0.054080
vn 0.998537 0.000000 -0.054080
vn 0.998537 0.000000 -0.054080
vn 0.998537 0.000000 -0.054080
vn 0.998537 0.000000 -0.054080
vn 0.998537 0.000000 -0.054080
vn 0.998537 0.000000 -0.054080
vn 0.998537 0.000000 -0.054080
vn 0.998537 0.000000 -0.054080
vn 0.998537 0.000000 -0.054080
vn 0.998537 0.000000 -0.054080
vn 0.998537 0.000000 -0.054080
vn 0.998537 0.000000 -0.054080
vn 0.998537 0.000000 -0.054080
vn 0.998537 0.000000 -0.054080
vn 0.998537 0.000000 -0.054080
vn 0.998537 0.000000 -0.054080
vn 0.998537 0.000000 -0.054080
vn 0.998537 0.000000 -0.054080
vn 0.998537 0.000000 -0.054080
vn 0.998537 0.000000 -0.054080
vn 0.998537 0.000000 -0.054080
vn 0.998537 0.000000 -0.054080
vn 0.998537 0.000000 -0.054080
vn 0.998537 0.000000 -0.054080
vn 0.998537 0.000000 -0.054080
vn 0.998537 0.000000 -0.054080
vn 0.998537 0.000000 -0.054080
vn 0.998537 0.000000 -0.054080
vn 0.998537 0.000000 -0.054080
vn 0.998537 0.000000 -0.054080
vn 0.998537 0.000000 -0.054080
vn 0.998537 0.000000 -0.054080
vn 0.998537 0.000000 -0.054080
vn 0.998537 0.000000 -0.054080
vn 0.998537 0.000000 -0.054080
vn 0.998537 0.000000 -0.054080
vn 0.998537 0.000000 -0.054080
vn 0.998537 0.000000 -0.054080
vn 0.998537 0.000000 -0.054080
vn 0.998537 0.000000 -0.054080
vn 0.998537 0.000000 -0.054080
vn 0.998537 0.000000 -0.054080
vn 0.998537 0.000000 -0.054080
vn 0.998537 0.000000 -0.054080
vn 0.998537 0.000000 -0.054081
vn 0.998537 0.000000 -0.054081
vn 0.998537 0.000000 -0.054081
vn 0.998537 0.000000 -0.054081
vn -0.000685 0.999920 -0.012654
vn -0.001704 0.999504 -0.031459
vn -0.001704 0.999504 -0.031459
vn -0.000685 0.999920 -0.012654
vn 0.054068 -0.021182 0.998313
vn 0.054066 -0.022722 0.998279
vn 0.054066 -0.022722 0.998279
vn 0.054068 -0.021182 0.998313
vn -0.004148 0.997055 -0.076581
vn -0.004148 0.997055 -0.076581
vn -0.004148 0.997055 -0.076581
vn -0.004148 0.997055 -0.076581
vn 0.034272 0.773547 0.632811
vn 0.034272 0.773547 0.632811
vn 0.034272 0.773547 0.632811
vn 0.034272 0.773547 0.632811
vn 0.054070 -0.019226 0.998352
vn 0.054068 -0.021182 0.998313
vn 0.054068 -0.021182 0.998313
vn 0.054070 -0.019226 0.998352
vn 0.008890 -0.986395 0.164154
vn 0.008890 -0.986395 0.164154
vn 0.008890 -0.986395 0.164154
vn 0.008890 -0.986395 0.164154
vn 0.000780 0.999896 0.014409
vn 0.000246 0.999990 0.004539
vn 0.000246 0.999990 0.004539
vn 0.000780 0.999896 0.014409
vn 0.000768 -0.999899 0.014182
vn 0.000462 -0.999964 0.008534
vn 0.000462 -0.999964 0.008534
vn 0.000768 -0.999899 0.014182
vn 0.000607 -0.999937 0.011212
vn 0.000768 -0.999899 0.014182
vn 0.000768 -0.999899 0.014182
vn 0.000607 -0.999937 0.011212
vn 0.000000 -1.000000 -0.000001
vn -0.001351 -0.999688 -0.024951
vn -0.001351 -0.999688 -0.024951
vn 0.000000 -1.000000 -0.000001
vn 0.022927 -0.905690 0.423319
vn 0.022927 -0.905690 0.423319
vn 0.022927 -0.905690 0.423319
vn 0.022927 -0.905690 0.423319
vn 0.003093 -0.998363 0.057114
vn 0.003974 -0.997296 0.073378
vn 0.003974 -0.997296 0.073378
vn 0.003093 -0.998363 0.057114
vn -0.001351 -0.999688 -0.024951
vn -0.001953 -0.999348 -0.036059
vn -0.001953 -0.999348 -0.036059
vn -0.001351 -0.999688 -0.024951
vn 0.000453 -0.999965 0.008366
vn 0.000607 -0.999937 0.011212
vn 0.000607 -0.999937 0.011212
vn 0.000453 -0.999965 0.008366
vn 0.000000 1.000000 0.000000
vn 0.000000 1.000000 0.000000
vn 0.000000 1.000000 0.000000
vn 0.000000 1.000000 0.000000
vn 0.000000 1.000000 0.000000
vn -0.000178 0.999995 -0.003278
vn -0.000178 0.999995 -0.003278
vn 0.000000 1.000000 0.000000
vn -0.000178 0.999995 -0.003278
vn -0.000685 0.999920 -0.012654
vn -0.000685 0.999920 -0.012654
vn -0.000178 0.999995 -0.003278
vn 0.000246 0.999990 0.004539
vn 0.000000 1.000000 0.000000
vn 0.000000 1.000000 0.000000
vn 0.000246 0.999990 0.004539
vn -0.001704 0.999504 -0.031459
vn -0.001422 0.999654 -0.026262
vn -0.001422 0.999654 -0.026262
vn -0.001704 0.999504 -0.031459
vn -0.001131 -0.999781 -0.020885
vn 0.003093 -0.998363 0.057114
vn 0.003093 -0.998363 0.057114
vn -0.001131 -0.999781 -0.020885
vn -0.003421 -0.997998 -0.063161
vn -0.001131 -0.999781 -0.020885
vn -0.001131 -0.999781 -0.020885
vn -0.003421 -0.997998 -0.063161
vn -0.001422 0.999654 -0.026262
vn -0.000938 0.999850 -0.017312
vn -0.000938 0.999850 -0.017312
vn -0.001422 0.999654 -0.026262
vn 0.054070 0.019351 0.998350
vn 0.054070 0.019351 0.998350
vn 0.054070 0.019351 0.998350
vn 0.054070 0.019351 0.998350
vn 0.001423 -0.999654 0.026268
vn -0.003695 -0.997663 -0.068233
vn -0.003695 -0.997663 -0.068233
vn 0.001423 -0.999654 0.026268
vn -0.000938 0.999850 -0.017312
vn -0.000883 0.999867 -0.016299
vn -0.000883 0.999867 -0.016299
vn -0.000938 0.999850 -0.017312
vn -0.000883 0.999867 -0.016299
vn 0.000000 1.000000 0.000000
vn 0.000000 1.000000 0.000000
vn -0.000883 0.999867 -0.016299
vn 0.000000 1.000000 0.000000
vn 0.000000 1.000000 0.000000
vn 0.000000 1.000000 0.000000
vn 0.000000 1.000000 0.000000
vn -0.001084 0.999799 -0.020018
vn -0.003074 0.998383 -0.056755
vn -0.003074 0.998383 -0.056755
vn -0.001084 0.999799 -0.020018
vn 0.006121 -0.993573 0.113026
vn 0.001423 -0.999654 0.026268
vn 0.001423 -0.999654 0.026268
vn 0.006121 -0.993573 0.113026
vn 0.033484 -0.785268 0.618250
vn 0.033484 -0.785268 0.618250
vn 0.033484 -0.785268 0.618250
vn 0.033484 -0.785268 0.618250
vn -0.029998 -0.832050 -0.553888
vn -0.029998 -0.832050 -0.553888
vn -0.029998 -0.832050 -0.553888
vn -0.029998 -0.832050 -0.553888
vn 0.043841 -0.585489 0.809494
vn 0.043841 -0.585489 0.809494
vn 0.043841 -0.585489 0.809494
vn 0.043841 -0.585489 0.809494
vn 0.052879 -0.209529 0.976372
vn 0.052943 -0.203955 0.977548
vn 0.052943 -0.203955 0.977548
vn 0.052879 -0.209529 0.976372
vn -0.053063 0.193021 -0.979759
vn -0.052709 0.223757 -0.973219
vn -0.052709 0.223757 -0.973219
vn -0.053063 0.193021 -0.979759
vn -0.052709 0.223757 -0.973219
vn -0.043848 0.585322 -0.809615
vn -0.043848 0.585322 -0.809615
vn -0.052709 0.223757 -0.973219
vn 0.046306 -0.516546 0.855006
vn 0.052879 -0.209529 0.976372
vn 0.052879 -0.209529 0.976372
vn 0.046306 -0.516546 0.855006
vn 0.012646 -0.972273 0.233505
vn 0.046306 -0.516546 0.855006
vn 0.046306 -0.516546 0.855006
vn 0.012646 -0.972273 0.233505
vn -0.043848 0.585322 -0.809615
vn -0.008691 0.987003 -0.160466
vn -0.008691 0.987003 -0.160466
vn -0.043848 0.585322 -0.809615
vn 0.000954 -0.999844 0.017619
vn 0.012646 -0.972273 0.233505
vn 0.012646 -0.972273 0.233505
vn 0.000954 -0.999844 0.017619
vn -0.008691 0.987003 -0.160466
vn 0.000396 0.999973 0.007315
vn 0.000396 0.999973 0.007315
vn -0.008691 0.987003 -0.160466
vn 0.000000 -1.000000 -0.000001
vn 0.000954 -0.999844 0.017619
vn 0.000954 -0.999844 0.017619
vn 0.000000 -1.000000 -0.000001
vn 0.000396 0.999973 0.007315
vn 0.001024 0.999821 0.018908
vn 0.001024 0.999821 0.018908
vn 0.000396 0.999973 0.007315
vn 0.001024 0.999821 0.018908
vn 0.002482 0.998947 0.045821
vn 0.002482 0.998947 0.045821
vn 0.001024 0.999821 0.018908
vn 0.000000 -1.000000 -0.000001
vn 0.000000 -1.000000 -0.000001
vn 0.000000 -1.000000 -0.000001
vn 0.000000 -1.000000 -0.000001
vn 0.002482 0.998947 0.045821
vn 0.009998 0.982762 0.184606
vn 0.009998 0.982762 0.184606
vn 0.002482 0.998947 0.045821
vn -0.002595 -0.998848 -0.047908
vn 0.000000 -1.000000 -0.000001
vn 0.000000 -1.000000 -0.000001
vn -0.002595 -0.998848 -0.047908
vn -0.012593 -0.972512 -0.232514
vn -0.002595 -0.998848 -0.047908
vn -0.002595 -0.998848 -0.047908
vn -0.012593 -0.972512 -0.232514
vn 0.009998 0.982762 0.184606
vn 0.037628 0.718240 0.694777
vn 0.037628 0.718240 0.694777
vn 0.009998 0.982762 0.184606
vn -0.015485 -0.958128 -0.285921
vn -0.012593 -0.972512 -0.232514
vn -0.012593 -0.972512 -0.232514
vn -0.015485 -0.958128 -0.285921
vn 0.037628 0.718240 0.694777
vn 0.053955 0.067928 0.996230
vn 0.053955 0.067928 0.996230
vn 0.037628 0.718240 0.694777
vn 0.053955 0.067928 0.996230
vn 0.054050 -0.033365 0.997981
vn 0.054050 -0.033365 0.997981
vn 0.053955 0.067928 0.996230
vn 0.054050 -0.033365 0.997981
vn 0.054000 -0.054409 0.997058
vn 0.054000 -0.054409 0.997058
vn 0.054050 -0.033365 0.997981
vn 0.000000 1.000000 0.000000
vn -0.001084 0.999799 -0.020018
vn -0.001084 0.999799 -0.020018
vn 0.000000 1.000000 0.000000
vn -0.053423 -0.155383 -0.986409
vn -0.051867 0.283149 -0.957672
vn -0.051867 0.283149 -0.957672
vn -0.053423 -0.155383 -0.986409
vn 0.054070 0.019351 0.998350
vn 0.054070 0.019351 0.998350
vn 0.054070 0.019351 0.998350
vn 0.054070 0.019351 0.998350
vn -0.039389 -0.685201 -0.727288
vn -0.053423 -0.155383 -0.986409
vn -0.053423 -0.155383 -0.986409
vn -0.039389 -0.685201 -0.727288
vn 0.054070 0.019351 0.998350
vn 0.054070 0.019351 0.998350
vn 0.054070 0.019351 0.998350
vn 0.054070 0.019351 0.998350
vn -0.035833 -0.748972 -0.661632
vn -0.039389 -0.685201 -0.727288
vn -0.039389 -0.685201 -0.727288
vn -0.035833 -0.748972 -0.661632
vn -0.050593 -0.353243 -0.934163
vn -0.050593 -0.353240 -0.934164
vn -0.050593 -0.353240 -0.934164
vn -0.050593 -0.353243 -0.934163
vn -0.004716 -0.996190 -0.087077
vn -0.006303 -0.993184 -0.116383
vn -0.006303 -0.993184 -0.116383
vn -0.004716 -0.996190 -0.087077
vn -0.006303 -0.993184 -0.116383
vn -0.009201 -0.985420 -0.169892
vn -0.009201 -0.985420 -0.169892
vn -0.006303 -0.993184 -0.116383
vn -0.051867 0.283149 -0.957672
vn -0.042696 0.613761 -0.788337
vn -0.042696 0.613761 -0.788337
vn -0.051867 0.283149 -0.957672
vn 0.033147 -0.790133 0.612039
vn 0.024752 -0.889106 0.457032
vn 0.024752 -0.889106 0.457032
vn 0.033147 -0.790133 0.612039
vn -0.042696 0.613761 -0.788337
vn -0.040441 0.663930 -0.746700
vn -0.040441 0.663930 -0.746700
vn -0.042696 0.613761 -0.788337
vn 0.047073 -0.492292 0.869157
vn 0.033147 -0.790133 0.612039
vn 0.033147 -0.790133 0.612039
vn 0.047073 -0.492292 0.869157
vn -0.040441 0.663930 -0.746700
vn -0.041010 0.651886 -0.757208
vn -0.041010 0.651886 -0.757208
vn -0.040441 0.663930 -0.746700
vn -0.041010 0.651886 -0.757208
vn -0.043166 0.602407 -0.797021
vn -0.043166 0.602407 -0.797021
vn -0.041010 0.651886 -0.757208
vn 0.050624 -0.351717 0.934736
vn 0.047073 -0.492292 0.869157
vn 0.047073 -0.492292 0.869157
vn 0.050624 -0.351717 0.934736
vn -0.043166 0.602407 -0.797021
vn -0.045093 0.552044 -0.832595
vn -0.045093 0.552044 -0.832595
vn -0.043166 0.602407 -0.797021
vn 0.050758 -0.345066 0.937205
vn 0.050624 -0.351717 0.934736
vn 0.050624 -0.351717 0.934736
vn 0.050758 -0.345066 0.937205
vn 0.050529 -0.356356 0.932983
vn 0.050758 -0.345066 0.937205
vn 0.050758 -0.345066 0.937205
vn 0.050529 -0.356356 0.932983
vn -0.045093 0.552044 -0.832595
vn -0.049500 0.402739 -0.913976
vn -0.049500 0.402739 -0.913976
vn -0.045093 0.552044 -0.832595
vn -0.049500 0.402739 -0.913976
vn -0.051305 0.316228 -0.947295
vn -0.051305 0.316228 -0.947295
vn -0.049500 0.402739 -0.913976
vn 0.049686 -0.394836 0.917407
vn 0.050529 -0.356356 0.932983
vn 0.050529 -0.356356 0.932983
vn 0.049686 -0.394836 0.917407
vn 0.036899 -0.731059 0.681316
vn 0.049686 -0.394836 0.917407
vn 0.049686 -0.394836 0.917407
vn 0.036899 -0.731059 0.681316
vn -0.051305 0.316228 -0.947295
vn -0.053481 0.148341 -0.987489
vn -0.053481 0.148341 -0.987489
vn -0.051305 0.316228 -0.947295
vn -0.050593 -0.353245 -0.934162
vn -0.050593 -0.353243 -0.934163
vn -0.050593 -0.353243 -0.934163
vn -0.050593 -0.353245 -0.934162
vn -0.053316 -0.167417 -0.984444
vn -0.051799 -0.287358 -0.956422
vn -0.051799 -0.287358 -0.956422
vn -0.053316 -0.167417 -0.984444
vn -0.053481 0.148341 -0.987489
vn -0.053316 -0.167417 -0.984444
vn -0.053316 -0.167417 -0.984444
vn -0.053481 0.148341 -0.987489
vn 0.024186 0.894422 0.446569
vn 0.024186 0.894422 0.446569
vn 0.024186 0.894422 0.446569
vn 0.024186 0.894422 0.446569
vn 0.040809 -0.656182 0.753498
vn 0.040809 -0.656182 0.753498
vn 0.040809 -0.656182 0.753498
vn 0.040809 -0.656182 0.753498
vn -0.018546 -0.939358 -0.342437
vn -0.017534 -0.945980 -0.323752
vn -0.017534 -0.945980 -0.323752
vn -0.018546 -0.939358 -0.342437
vn -0.017534 -0.945980 -0.323752
vn 0.003175 -0.998275 0.058630
vn 0.003175 -0.998275 0.058630
vn -0.017534 -0.945980 -0.323752
vn -0.019916 -0.929721 -0.367727
vn -0.018546 -0.939358 -0.342437
vn -0.018546 -0.939358 -0.342437
vn -0.019916 -0.929721 -0.367727
vn -0.022484 -0.909474 -0.415153
vn -0.019916 -0.929721 -0.367727
vn -0.019916 -0.929721 -0.367727
vn -0.022484 -0.909474 -0.415153
vn -0.031845 0.808237 -0.587996
vn -0.031845 0.808237 -0.587996
vn -0.031845 0.808237 -0.587996
vn -0.031845 0.808237 -0.587996
vn -0.003074 0.998383 -0.056755
vn -0.005097 0.995549 -0.094108
vn -0.005097 0.995549 -0.094108
vn -0.003074 0.998383 -0.056755
vn -0.002052 0.999280 -0.037897
vn -0.002052 0.999280 -0.037897
vn -0.002052 0.999280 -0.037897
vn -0.002052 0.999280 -0.037897
vn -0.005118 -0.995512 -0.094502
vn -0.004716 -0.996190 -0.087077
vn -0.004716 -0.996190 -0.087077
vn -0.005118 -0.995512 -0.094502
vn -0.006919 -0.991782 -0.127750
vn -0.005118 -0.995512 -0.094502
vn -0.005118 -0.995512 -0.094502
vn -0.006919 -0.991782 -0.127750
vn -0.019102 0.935539 -0.352706
vn -0.019102 0.935539 -0.352706
vn -0.019102 0.935539 -0.352706
vn -0.019102 0.935539 -0.352706
vn -0.001575 0.999576 -0.029077
vn -0.000281 0.999986 -0.005195
vn -0.000281 0.999986 -0.005195
vn -0.001575 0.999576 -0.029077
vn -0.000862 -0.999873 -0.015921
vn -0.006919 -0.991782 -0.127750
vn -0.006919 -0.991782 -0.127750
vn -0.000862 -0.999873 -0.015921
vn -0.000281 0.999986 -0.005195
vn 0.000000 1.000000 0.000000
vn 0.000000 1.000000 0.000000
vn -0.000281 0.999986 -0.005195
vn 0.000164 -0.999995 0.003035
vn -0.000862 -0.999873 -0.015921
vn -0.000862 -0.999873 -0.015921
vn 0.000164 -0.999995 0.003035
vn 0.000000 1.000000 0.000000
vn 0.000000 1.000000 0.000000
vn 0.000000 1.000000 0.000000
vn 0.000000 1.000000 0.000000
vn 0.000157 -0.999996 0.002902
vn 0.000164 -0.999995 0.003035
vn 0.000164 -0.999995 0.003035
vn 0.000157 -0.999996 0.002902
vn 0.000000 1.000000 0.000000
vn 0.000000 1.000000 0.000000
vn 0.000000 1.000000 0.000000
vn 0.000000 1.000000 0.000000
vn 0.000000 -1.000000 -0.000001
vn 0.000157 -0.999996 0.002902
vn 0.000157 -0.999996 0.002902
vn 0.000000 -1.000000 -0.000001
vn 0.035787 -0.749732 0.660773
vn 0.037926 -0.712875 0.700265
vn 0.037926 -0.712875 0.700265
vn 0.035787 -0.749732 0.660773
vn 0.000000 1.000000 0.000000
vn 0.000000 1.000000 0.000000
vn 0.000000 1.000000 0.000000
vn 0.000000 1.000000 0.000000
vn 0.035723 -0.750767 0.659600
vn 0.035787 -0.749732 0.660773
vn 0.035787 -0.749732 0.660773
vn 0.035723 -0.750767 0.659600
vn 0.038942 -0.693883 0.719034
vn 0.035723 -0.750767 0.659600
vn 0.035723 -0.750767 0.659600
vn 0.038942 -0.693883 0.719034
vn 0.041276 -0.646118 0.762121
vn 0.038942 -0.693883 0.719034
vn 0.038942 -0.693883 0.719034
vn 0.041276 -0.646118 0.762121
vn 0.001201 -0.999753 0.022184
vn 0.003714 -0.997640 0.068567
vn 0.003714 -0.997640 0.068567
vn 0.001201 -0.999753 0.022184
vn 0.044529 -0.567459 0.822197
vn 0.041276 -0.646118 0.762121
vn 0.041276 -0.646118 0.762121
vn 0.044529 -0.567459 0.822197
vn -0.001877 -0.999398 -0.034657
vn 0.001201 -0.999753 0.022184
vn 0.001201 -0.999753 0.022184
vn -0.001877 -0.999398 -0.034657
vn -0.054068 0.020926 -0.998318
vn -0.053185 -0.181189 -0.982009
vn -0.053185 -0.181189 -0.982009
vn -0.054068 0.020926 -0.998318
vn -0.003909 -0.997385 -0.072168
vn -0.001877 -0.999398 -0.034657
vn -0.001877 -0.999398 -0.034657
vn -0.003909 -0.997385 -0.072168
vn -0.054060 -0.027244 -0.998166
vn -0.054068 0.020926 -0.998318
vn -0.054068 0.020926 -0.998318
vn -0.054060 -0.027244 -0.998166
vn 0.000000 1.000000 0.000000
vn -0.002044 0.999286 -0.037732
vn -0.002044 0.999286 -0.037732
vn 0.000000 1.000000 0.000000
vn -0.002044 0.999286 -0.037732
vn -0.003305 0.998131 -0.061020
vn -0.003305 0.998131 -0.061020
vn -0.002044 0.999286 -0.037732
vn -0.053890 -0.083621 -0.995039
vn -0.054060 -0.027244 -0.998166
vn -0.054060 -0.027244 -0.998166
vn -0.053890 -0.083621 -0.995039
vn -0.038240 0.707106 -0.706073
vn -0.038240 0.707106 -0.706073
vn -0.038240 0.707106 -0.706073
vn -0.038240 0.707106 -0.706073
vn -0.053128 -0.186817 -0.980957
vn -0.054078 -0.007962 -0.998505
vn -0.054078 -0.007962 -0.998505
vn -0.053128 -0.186817 -0.980957
vn 0.052944 -0.203893 0.977561
vn 0.053482 -0.148299 0.987495
vn 0.053482 -0.148299 0.987495
vn 0.052944 -0.203893 0.977561
vn 0.052316 -0.253303 0.965971
vn 0.052944 -0.203893 0.977561
vn 0.052944 -0.203893 0.977561
vn 0.052316 -0.253303 0.965971
vn -0.054078 -0.007962 -0.998505
vn -0.052368 0.249587 -0.966935
vn -0.052368 0.249587 -0.966935
vn -0.054078 -0.007962 -0.998505
vn 0.051996 -0.274921 0.960060
vn 0.052316 -0.253303 0.965971
vn 0.052316 -0.253303 0.965971
vn 0.051996 -0.274921 0.960060
vn -0.052368 0.249587 -0.966935
vn -0.051417 0.309892 -0.949380
vn -0.051417 0.309892 -0.949380
vn -0.052368 0.249587 -0.966935
vn 0.051642 -0.296832 0.953532
vn 0.051996 -0.274921 0.960060
vn 0.051996 -0.274921 0.960060
vn 0.051642 -0.296832 0.953532
vn -0.022289 -0.911116 -0.411548
vn -0.021682 -0.916109 -0.400342
vn -0.021682 -0.916109 -0.400342
vn -0.022289 -0.911116 -0.411548
vn -0.025325 -0.883577 -0.467601
vn -0.022289 -0.911116 -0.411548
vn -0.022289 -0.911116 -0.411548
vn -0.025325 -0.883577 -0.467601
vn -0.051605 0.299074 -0.952834
vn -0.053968 0.064257 -0.996473
vn -0.053968 0.064257 -0.996473
vn -0.051605 0.299074 -0.952834
vn -0.050412 0.362014 -0.930809
vn -0.051605 0.299074 -0.952834
vn -0.051605 0.299074 -0.952834
vn -0.050412 0.362014 -0.930809
vn -0.051269 0.318192 -0.946639
vn -0.050412 0.362014 -0.930809
vn -0.050412 0.362014 -0.930809
vn -0.051269 0.318192 -0.946639
vn -0.051417 0.309892 -0.949380
vn -0.051269 0.318192 -0.946639
vn -0.051269 0.318192 -0.946639
vn -0.051417 0.309892 -0.949380
vn 0.047032 -0.493607 0.868413
vn 0.047032 -0.493607 0.868413
vn 0.047032 -0.493607 0.868413
vn 0.047032 -0.493607 0.868413
vn 0.000942 -0.999848 0.017397
vn 0.000942 -0.999848 0.017397
vn 0.000942 -0.999848 0.017397
vn 0.000942 -0.999848 0.017397
vn 0.048194 0.453689 0.889856
vn 0.048194 0.453689 0.889856
vn 0.048194 0.453689 0.889856
vn 0.048194 0.453689 0.889856
vn 0.053983 0.059777 0.996751
vn 0.053983 0.059777 0.996751
vn 0.053983 0.059777 0.996751
vn 0.053983 0.059777 0.996751
vn 0.051999 -0.274721 0.960117
vn 0.051999 -0.274721 0.960117
vn 0.051999 -0.274721 0.960117
vn 0.051999 -0.274721 0.960117
vn 0.008561 -0.987391 0.158072
vn 0.008561 -0.987391 0.158072
vn 0.008561 -0.987391 0.158072
vn 0.008561 -0.987391 0.158072
vn -0.998537 0.000000 0.054080
vn -0.998537 0.000000 0.054080
vn -0.998537 0.000000 0.054080
vn -0.998537 0.000000 0.054080
vn -0.998537 0.000000 0.054080
vn -0.998537 0.000000 0.054080
vn -0.998537 0.000000 0.054080
vn -0.998537 0.000000 0.054080
vn -0.998537 0.000000 0.054080
vn -0.998537 0.000000 0.054080
vn -0.998537 0.000000 0.054080
vn -0.998537 0.000000 0.054080
vn -0.998537 0.000000 0.054080
vn -0.998537 0.000000 0.054080
vn -0.998537 0.000000 0.054080
vn -0.998537 0.000000 0.054080
vn -0.998537 0.000000 0.054080
vn -0.998537 0.000000 0.054080
vn -0.998537 0.000000 0.054080
vn -0.998537 0.000000 0.054080
vn -0.998537 0.000000 0.054080
vn -0.998537 0.000000 0.054080
vn -0.998537 0.000000 0.054080
vn -0.998537 0.000000 0.054080
vn -0.998537 0.000000 0.054080
vn -0.998537 0.000000 0.054080
vn -0.998537 0.000000 0.054080
vn -0.998537 0.000000 0.054080
vn -0.998537 0.000000 0.054080
vn -0.998537 0.000000 0.054080
vn -0.998537 0.000000 0.054080
vn -0.998537 0.000000 0.054080
vn -0.998537 0.000000 0.054080
vn -0.998537 0.000000 0.054080
vn -0.998537 0.000000 0.054080
vn -0.998537 0.000000 0.054080
vn -0.998537 0.000000 0.054080
vn -0.998537 0.000000 0.054080
vn -0.998537 0.000000 0.054080
vn -0.998537 0.000000 0.054080
vn -0.998537 0.000000 0.054080
vn -0.998537 0.000000 0.054080
vn -0.998537 0.000000 0.054080
vn -0.998537 0.000000 0.054080
vn -0.998537 0.000000 0.054080
vn -0.998537 0.000000 0.054080
vn -0.998537 0.000000 0.054080
vn -0.998537 0.000000 0.054080
vn -0.998537 0.000000 0.054080
vn -0.998537 0.000000 0.054080
vn -0.998537 0.000000 0.054080
vn -0.998537 0.000000 0.054080
vn -0.998537 0.000000 0.054080
vn -0.998537 0.000000 0.054080
vn -0.998537 0.000000 0.054080
vn -0.998537 0.000000 0.054080
vn -0.998537 0.000000 0.054080
vn -0.998537 0.000000 0.054080
vn -0.998537 0.000000 0.054080
vn -0.998537 0.000000 0.054080
vn -0.998537 0.000000 0.054080
vn -0.998537 0.000000 0.054080
vn -0.998537 0.000000 0.054080
vn -0.998537 0.000000 0.054080
vn -0.998537 0.000000 0.054080
vn -0.998537 0.000000 0.054080
vn -0.998537 0.000000 0.054080
vn -0.998537 0.000000 0.054080
vn -0.998537 0.000000 0.054080
vn -0.998537 0.000000 0.054080
vn -0.998537 0.000000 0.054080
vn -0.998537 0.000000 0.054080
vn -0.998537 0.000000 0.054080
vn -0.998537 0.000000 0.054080
vn -0.998537 0.000000 0.054080
vn -0.998537 0.000000 0.054080
vn -0.998537 0.000000 0.054080
vn -0.998537 0.000000 0.054080
vn -0.998537 0.000000 0.054080
vn -0.998537 0.000000 0.054080
vn -0.998537 0.000000 0.054080
vn -0.998537 0.000000 0.054080
vn -0.998537 0.000000 0.054080
vn -0.998537 0.000000 0.054080
vn -0.998537 0.000000 0.054080
vn -0.998537 0.000000 0.054080
vn -0.998537 0.000000 0.054080
vn -0.998537 0.000000 0.054080
vn -0.998537 0.000000 0.054080
vn -0.998537 0.000000 0.054080
vn -0.998537 0.000000 0.054080
vn -0.998537 0.000000 0.054080
vn -0.998537 0.000000 0.054080
vn -0.998537 0.000000 0.054080
vn -0.998537 0.000000 0.054080
vn -0.998537 0.000000 0.054080
vn -0.998537 0.000000 0.054080
vn -0.998537 0.000000 0.054080
vn -0.998537 0.000000 0.054080
vn -0.998537 0.000000 0.054080
vn -0.998537 0.000000 0.054080
vn -0.998537 0.000000 0.054080
vn -0.998537 0.000000 0.054080
vn -0.998537 0.000000 0.054080
vn -0.998537 0.000000 0.054080
vn -0.998537 0.000000 0.054080
vn -0.998537 0.000000 0.054080
vn -0.998537 0.000000 0.054080
vn -0.998537 0.000000 0.054080
vn -0.998537 0.000000 0.054080
vn -0.998537 0.000000 0.054080
vn -0.998537 0.000000 0.054080
vn -0.998537 0.000000 0.054080
vn -0.998537 0.000000 0.054080
vn -0.998537 0.000000 0.054080
vn -0.998537 0.000000 0.054080
vn -0.998537 0.000000 0.054080
vn -0.998537 0.000000 0.054080
vn -0.998537 0.000000 0.054080
vn -0.998537 0.000000 0.054080
vn -0.998537 0.000000 0.054080
vn -0.998537 0.000000 0.054080
vn -0.998537 0.000000 0.054080
vn -0.998537 0.000000 0.054080
vn -0.998537 0.000000 0.054080
vn -0.998537 0.000000 0.054080
vn -0.998537 0.000000 0.054080
vn -0.998537 0.000000 0.054080
vn -0.998537 0.000000 0.054080
vn -0.998537 0.000000 0.054080
vn -0.998537 0.000000 0.054080
vn -0.998537 0.000000 0.054080
vn -0.998537 0.000000 0.054080
vn -0.998537 0.000000 0.054080
vn -0.998537 0.000000 0.054080
vn -0.998537 0.000000 0.054080
vn -0.998537 0.000000 0.054080
vn -0.998537 0.000000 0.054080
vn -0.998537 0.000000 0.054080
vn -0.998537 0.000000 0.054080
vn -0.998537 0.000000 0.054080
vn -0.998537 0.000000 0.054080
vn -0.998537 0.000000 0.054080
vn -0.998537 0.000000 0.054080
vn -0.998537 0.000000 0.054080
vn -0.998537 0.000000 0.054080
vn -0.998537 0.000000 0.054080
vn -0.998537 0.000000 0.054080
vn -0.998537 0.000000 0.054080
vn -0.998537 0.000000 0.054080
vn -0.998537 0.000000 0.054080
vn -0.998537 0.000000 0.054080
vn -0.998537 0.000000 0.054080
vn -0.998537 0.000000 0.054080
vn -0.998537 0.000000 0.054080
vn -0.998537 0.000000 0.054080
vn -0.998537 0.000000 0.054080
vn -0.998537 0.000000 0.054080
vn -0.998537 0.000000 0.054080
vn -0.998537 0.000000 0.054080
vn -0.998537 0.000000 0.054080
vn -0.998537 0.000000 0.054080
vn -0.998537 0.000000 0.054080
vn -0.998537 0.000000 0.054080
vn -0.998537 0.000000 0.054080
vn -0.998537 0.000000 0.054080
vn -0.998537 0.000000 0.054080
vn -0.998537 0.000000 0.054080
vn -0.998537 0.000000 0.054080
vn -0.998537 0.000000 0.054080
vn -0.998537 0.000000 0.054080
vn -0.998537 0.000000 0.054080
vn -0.998537 0.000000 0.054080
vn -0.998537 0.000000 0.054080
vn -0.998537 0.000000 0.054080
vn -0.998537 0.000000 0.054080
vn -0.998537 0.000000 0.054080
vn -0.998537 0.000000 0.054080
vn -0.998537 0.000000 0.054080
vn -0.998537 0.000000 0.054080
vn -0.998537 0.000000 0.054080
vn -0.998537 0.000000 0.054080
vn -0.998537 0.000000 0.054080
vn -0.998537 0.000000 0.054080
vn -0.998537 0.000000 0.054080
vn -0.998537 0.000000 0.054080
vn -0.998537 0.000000 0.054080
vn -0.998537 0.000000 0.054080
vn -0.998537 0.000000 0.054080
vn -0.998537 0.000000 0.054080
vn -0.998537 0.000000 0.054080
vn -0.998537 0.000000 0.054080
vn -0.998537 0.000000 0.054080
vn -0.998537 0.000000 0.054080
vn -0.998537 0.000000 0.054080
vn -0.998537 0.000000 0.054080
vn -0.998537 0.000000 0.054080
vn -0.998537 0.000000 0.054080
vn -0.998537 0.000000 0.054080
vn -0.998537 0.000000 0.054080
vn -0.998537 0.000000 0.054080
vn -0.998537 0.000000 0.054080
vn -0.998537 0.000000 0.054080
vn -0.998537 0.000000 0.054080
vn -0.998537 0.000000 0.054080
vn -0.998537 0.000000 0.054080
vn -0.998537 0.000000 0.054080
vn -0.998537 0.000000 0.054080
vn -0.998537 0.000000 0.054080
vn -0.998537 0.000000 0.054080
vn -0.998537 0.000000 0.054080
vn -0.998537 0.000000 0.054080
vn -0.998537 0.000000 0.054080
vn -0.998537 0.000000 0.054080
vn -0.998537 0.000000 0.054080
vn -0.998537 0.000000 0.054080
vn -0.998537 0.000000 0.054080
vn -0.998537 0.000000 0.054080
vn -0.998537 0.000000 0.054080
vn -0.998537 0.000000 0.054080
vn -0.998537 0.000000 0.054080
vn -0.998537 0.000000 0.054080
vn -0.998537 0.000000 0.054080
vn -0.998537 0.000000 0.054080
vn -0.998537 0.000000 0.054080
vn -0.998537 0.000000 0.054080
vn -0.998537 0.000000 0.054080
vn -0.998537 0.000000 0.054080
vn -0.998537 0.000000 0.054080
vn -0.998537 0.000000 0.054080
vn -0.998537 0.000000 0.054080
vn -0.998537 0.000000 0.054080
vn -0.998537 0.000000 0.054080
vn -0.998537 0.000000 0.054080
vn -0.998537 0.000000 0.054080
vn -0.998537 0.000000 0.054080
vn -0.998537 0.000000 0.054080
vn -0.998537 0.000000 0.054080
vn -0.998537 0.000000 0.054080
vn -0.998537 0.000000 0.054080
vn -0.998537 0.000000 0.054080
vn -0.998537 0.000000 0.054080
vn -0.998537 0.000000 0.054080
vn -0.998537 0.000000 0.054080
vn -0.998537 0.000000 0.054080
vn -0.998537 0.000000 0.054080
vn -0.998537 0.000000 0.054080
vn -0.998537 0.000000 0.054080
vn -0.998537 0.000000 0.054080
vn -0.998537 0.000000 0.054080
vn -0.998537 0.000000 0.054080
vn -0.998537 0.000000 0.054080
vn -0.998537 0.000000 0.054080
vn -0.998537 0.000000 0.054080
vn -0.998537 0.000000 0.054080
vn -0.998537 0.000000 0.054080
vn -0.998537 0.000000 0.054080
vn -0.998537 0.000000 0.054080
vn -0.998537 0.000000 0.054080
vn -0.998537 0.000000 0.054080
vn -0.998537 0.000000 0.054080
vn -0.998537 0.000000 0.054080
vn -0.998537 0.000000 0.054080
vn -0.998537 0.000000 0.054080
vn -0.998537 0.000000 0.054080
vn -0.998537 0.000000 0.054080
vn -0.998537 0.000000 0.054080
vn -0.998537 0.000000 0.054080
vn -0.998537 0.000000 0.054080
vn -0.998537 0.000000 0.054080
vn -0.998537 0.000000 0.054080
vn -0.998537 0.000000 0.054080
vn -0.998537 0.000000 0.054080
vn -0.998537 0.000000 0.054080
vn -0.998537 0.000000 0.054080
vn -0.998537 0.000000 0.054080
vn -0.998537 0.000000 0.054080
vn -0.998537 0.000000 0.054080
vn -0.998537 0.000000 0.054080
vn -0.998537 0.000000 0.054080
vn -0.998537 0.000000 0.054080
vn -0.998537 0.000000 0.054080
vn -0.998537 0.000000 0.054080
vn -0.998537 0.000000 0.054080
vn -0.998537 0.000000 0.054080
vn -0.998537 0.000000 0.054080
vn -0.998537 0.000000 0.054080
vn -0.998537 0.000000 0.054080
vn -0.998537 0.000000 0.054080
vn -0.998537 0.000000 0.054080
vn -0.998537 0.000000 0.054080
vn -0.998537 0.000000 0.054080
vn -0.998537 0.000000 0.054080
vn -0.998537 0.000000 0.054080
vn -0.998537 0.000000 0.054080
vn -0.998537 0.000000 0.054080
vn -0.998537 0.000000 0.054080
vn -0.998537 0.000000 0.054080
vn -0.998537 0.000000 0.054080
vn -0.998537 0.000000 0.054080
vn -0.998537 0.000000 0.054080
vn -0.998537 0.000000 0.054080
vn -0.998537 0.000000 0.054080
vn -0.998537 0.000000 0.054080
vn -0.998537 0.000000 0.054080
vn -0.998537 0.000000 0.054080
vn -0.998537 0.000000 0.054080
vn -0.998537 0.000000 0.054080
vn -0.998537 0.000000 0.054080
vn -0.998537 0.000000 0.054080
vn -0.998537 0.000000 0.054080
vn -0.998537 0.000000 0.054080
vn -0.998537 0.000000 0.054080
vn -0.998537 0.000000 0.054080
vn -0.998537 0.000000 0.054080
vn -0.998537 0.000000 0.054080
vn -0.998537 0.000000 0.054080
vn -0.998537 0.000000 0.054080
vn -0.998537 0.000000 0.054080
vn -0.998537 0.000000 0.054080
vn -0.998537 0.000000 0.054080
vn -0.998537 0.000000 0.054080
vn -0.998537 0.000000 0.054080
vn -0.998537 0.000000 0.054080
vn -0.998537 0.000000 0.054080
vn -0.998537 0.000000 0.054080
vn -0.998537 0.000000 0.054080
vn -0.998537 0.000000 0.054080
vn -0.998537 0.000000 0.054080
vn -0.998537 0.000000 0.054080
vn -0.998537 0.000000 0.054080
vn -0.998537 0.000000 0.054080
vn -0.998537 0.000000 0.054080
vn -0.998537 0.000000 0.054080
vn -0.998537 0.000000 0.054080
vn -0.998537 0.000000 0.054080
vn -0.998537 0.000000 0.054080
vn -0.998537 0.000000 0.054080
vn -0.998537 0.000000 0.054080
vn -0.998537 0.000000 0.054080
vn -0.998537 0.000000 0.054080
vn -0.998537 0.000000 0.054080
vn -0.998537 0.000000 0.054080
vn -0.998537 0.000000 0.054080
vn -0.998537 0.000000 0.054080
vn -0.998537 0.000000 0.054080
vn -0.998537 0.000000 0.054080
vn -0.998537 0.000000 0.054080
vn -0.998537 0.000000 0.054080
vn -0.998537 0.000000 0.054080
vn -0.998537 0.000000 0.054080
vn -0.998537 0.000000 0.054080
vn -0.998537 0.000000 0.054080
vn -0.998537 0.000000 0.054080
vn -0.998537 0.000000 0.054080
vn -0.998537 0.000000 0.054080
vn -0.998537 0.000000 0.054080
vn -0.998537 0.000000 0.054080
vn -0.998537 0.000000 0.054080
vn -0.998537 0.000000 0.054080
vn -0.998537 0.000000 0.054080
vn -0.998537 0.000000 0.054080
vn -0.998537 0.000000 0.054080
vn -0.998537 0.000000 0.054080
vn -0.998537 0.000000 0.054080
vn -0.998537 0.000000 0.054080
vn -0.998537 0.000000 0.054080
vn -0.998537 0.000000 0.054080
vn -0.998537 0.000000 0.054080
vn -0.998537 0.000000 0.054080
vn -0.998537 0.000000 0.054080
vn -0.998537 0.000000 0.054080
vn -0.998537 0.000000 0.054080
vn -0.998537 0.000000 0.054080
vn -0.998537 0.000000 0.054080
vn -0.998537 0.000000 0.054080
vn -0.998537 0.000000 0.054080
vn -0.998537 0.000000 0.054080
vn -0.998537 0.000000 0.054080
vn -0.998537 0.000000 0.054080
vn -0.998537 0.000000 0.054080
vn -0.998537 0.000000 0.054080
vn -0.998537 0.000000 0.054080
vn -0.998537 0.000000 0.054080
vn -0.998537 0.000000 0.054080
vn -0.998537 0.000000 0.054080
vn -0.998537 0.000000 0.054080
vn -0.998537 0.000000 0.054080
vn -0.998537 0.000000 0.054080
vn -0.998537 0.000000 0.054080
vn -0.998537 0.000000 0.054080
vn -0.998537 0.000000 0.054080
vn -0.998537 0.000000 0.054080
vn -0.998537 0.000000 0.054080
vn -0.998537 0.000000 0.054080
vn -0.998537 0.000000 0.054080
vn -0.998537 0.000000 0.054080
vn -0.998537 0.000000 0.054080
vn -0.998537 0.000000 0.054080
vn -0.998537 0.000000 0.054080
vn -0.998537 0.000000 0.054080
vn -0.998537 0.000000 0.054080
vn -0.998537 0.000000 0.054080
vn -0.998537 0.000000 0.054080
vn -0.998537 0.000000 0.054080
vn -0.998537 0.000000 0.054080
vn -0.998537 0.000000 0.054080
vn -0.998537 0.000000 0.054080
vn -0.998537 0.000000 0.054080
vn -0.998537 0.000000 0.054080
vn -0.998537 0.000000 0.054080
vn -0.998537 0.000000 0.054080
vn -0.998537 0.000000 0.054080
vn -0.998537 0.000000 0.054080
vn -0.998537 0.000000 0.054080
vn -0.998537 0.000000 0.054080
vn -0.998537 0.000000 0.054080
vn -0.998537 0.000000 0.054080
vn -0.998537 0.000000 0.054080
vn -0.998537 0.000000 0.054080
vn -0.998537 0.000000 0.054080
vn -0.998537 0.000000 0.054080
vn -0.998537 0.000000 0.054080
vn -0.998537 0.000000 0.054080
vn -0.998537 0.000000 0.054080
vn -0.998537 0.000000 0.054080
vn -0.998537 0.000000 0.054080
vn -0.998537 0.000000 0.054080
vn -0.998537 0.000000 0.054080
vn -0.998537 0.000000 0.054080
vn -0.998537 0.000000 0.054080
vn -0.998537 0.000000 0.054080
vn -0.998537 0.000000 0.054080
vn -0.998537 0.000000 0.054080
vn -0.998537 0.000000 0.054080
vn -0.998537 0.000000 0.054080
vn -0.998537 0.000000 0.054080
vn -0.998537 0.000000 0.054080
vn -0.998537 0.000000 0.054080
vn -0.998537 0.000000 0.054080
vn -0.998537 0.000000 0.054080
vn -0.998537 0.000000 0.054080
vn -0.998537 0.000000 0.054080
vn -0.998537 0.000000 0.054080
vn -0.998537 0.000000 0.054080
vn -0.998537 0.000000 0.054080
vn -0.998537 0.000000 0.054080
vn -0.998537 0.000000 0.054080
vn -0.998537 0.000000 0.054080
vn -0.998537 0.000000 0.054080
vn -0.998537 0.000000 0.054080
vn -0.998537 0.000000 0.054080
vn -0.998537 0.000000 0.054080
vn -0.998537 0.000000 0.054080
vn -0.998537 0.000000 0.054080
vn -0.998537 0.000000 0.054080
vn -0.998537 0.000000 0.054080
vn -0.998537 0.000000 0.054080
vn -0.998537 0.000000 0.054080
vn -0.998537 0.000000 0.054080
vn -0.998537 0.000000 0.054080
vn -0.998537 0.000000 0.054080
vn -0.998537 0.000000 0.054080
vn -0.998537 0.000000 0.054080
vn -0.998537 0.000000 0.054080
vn -0.998537 0.000000 0.054080
vn -0.998537 0.000000 0.054080
vn -0.998537 0.000000 0.054080
vn -0.998537 0.000000 0.054080
vn -0.998537 0.000000 0.054080
vn -0.998537 0.000000 0.054080
vn -0.998537 0.000000 0.054080
vn -0.998537 0.000000 0.054080
vn -0.998537 0.000000 0.054080
vn -0.998537 0.000000 0.054080
vn -0.998537 0.000000 0.054080
vn -0.998537 0.000000 0.054080
vn -0.998537 0.000000 0.054080
vn -0.998537 0.000000 0.054080
vn -0.998537 0.000000 0.054080
vn -0.998537 0.000000 0.054080
vn -0.998537 0.000000 0.054080
vn -0.998537 0.000000 0.054080
vn -0.998537 0.000000 0.054080
vn -0.998537 0.000000 0.054080
vn -0.998537 0.000000 0.054080
vn -0.998537 0.000000 0.054080
vn -0.998537 0.000000 0.054080
vn -0.998537 0.000000 0.054080
vn -0.998537 0.000000 0.054080
vn -0.998537 0.000000 0.054080
vn -0.998537 0.000000 0.054080
vn -0.998537 0.000000 0.054080
vn -0.998537 0.000000 0.054080
vn -0.998537 0.000000 0.054080
vn -0.998537 0.000000 0.054080
vn -0.998537 0.000000 0.054080
vn -0.998537 0.000000 0.054080
vn -0.998537 0.000000 0.054080
vn -0.998537 0.000000 0.054080
vn -0.998537 0.000000 0.054080
vn -0.998537 0.000000 0.054080
vn -0.998537 0.000000 0.054080
vn -0.998537 0.000000 0.054080
vn -0.998537 0.000000 0.054080
vn -0.998537 0.000000 0.054080
vn -0.998537 0.000000 0.054080
vn -0.998537 0.000000 0.054080
vn -0.998537 0.000000 0.054080
vn -0.998537 0.000000 0.054080
vn -0.998537 0.000000 0.054080
vn -0.998537 0.000000 0.054080
vn -0.998537 0.000000 0.054080
vn -0.998537 0.000000 0.054080
vn -0.998537 0.000000 0.054080
vn -0.998537 0.000000 0.054080
vn -0.998537 0.000000 0.054080
vn -0.998537 0.000000 0.054080
vn -0.998537 0.000000 0.054080
vn -0.998537 0.000000 0.054080
vn -0.998537 0.000000 0.054080
vn -0.998537 0.000000 0.054080
vn -0.998537 0.000000 0.054080
vn -0.998537 0.000000 0.054080
vn -0.998537 0.000000 0.054080
vn -0.998537 0.000000 0.054079
vn -0.998537 0.000000 0.054079
vn -0.998537 0.000000 0.054079
vn -0.998537 0.000000 0.054079
vn -0.998537 0.000000 0.054080
vn -0.998537 0.000000 0.054080
vn -0.998537 0.000000 0.054080
vn -0.998537 0.000000 0.054080
vn -0.000685 0.999920 -0.012654
vn -0.000685 0.999920 -0.012654
vn -0.001704 0.999504 -0.031459
vn -0.001704 0.999504 -0.031459
vn 0.054068 -0.021182 0.998313
vn 0.054068 -0.021182 0.998313
vn 0.054066 -0.022722 0.998279
vn 0.054066 -0.022722 0.998279
vn -0.004148 0.997055 -0.076581
vn -0.004148 0.997055 -0.076581
vn -0.004148 0.997055 -0.076581
vn -0.004148 0.997055 -0.076581
vn 0.034272 0.773547 0.632811
vn 0.034272 0.773547 0.632811
vn 0.034272 0.773547 0.632811
vn 0.034272 0.773547 0.632811
vn 0.054070 -0.019226 0.998352
vn 0.054070 -0.019226 0.998352
vn 0.054068 -0.021182 0.998313
vn 0.054068 -0.021182 0.998313
vn 0.008890 -0.986395 0.164154
vn 0.008890 -0.986395 0.164154
vn 0.008890 -0.986395 0.164154
vn 0.008890 -0.986395 0.164154
vn 0.000780 0.999896 0.014409
vn 0.000780 0.999896 0.014409
vn 0.000246 0.999990 0.004539
vn 0.000246 0.999990 0.004539
vn 0.000768 -0.999899 0.014182
vn 0.000768 -0.999899 0.014182
vn 0.000462 -0.999964 0.008534
vn 0.000462 -0.999964 0.008534
vn 0.000607 -0.999937 0.011212
vn 0.000607 -0.999937 0.011212
vn 0.000768 -0.999899 0.014182
vn 0.000768 -0.999899 0.014182
vn 0.000000 -1.000000 -0.000001
vn 0.000000 -1.000000 -0.000001
vn -0.001351 -0.999688 -0.024951
vn -0.001351 -0.999688 -0.024951
vn 0.022927 -0.905690 0.423319
vn 0.022927 -0.905690 0.423319
vn 0.022927 -0.905690 0.423319
vn 0.022927 -0.905690 0.423319
vn 0.003093 -0.998363 0.057114
vn 0.003093 -0.998363 0.057114
vn 0.003974 -0.997296 0.073378
vn 0.003974 -0.997296 0.073378
vn -0.001351 -0.999688 -0.024951
vn -0.001351 -0.999688 -0.024951
vn -0.001953 -0.999348 -0.036059
vn -0.001953 -0.999348 -0.036059
vn 0.000453 -0.999965 0.008366
vn 0.000453 -0.999965 0.008366
vn 0.000607 -0.999937 0.011212
vn 0.000607 -0.999937 0.011212
vn 0.000000 1.000000 0.000000
vn 0.000000 1.000000 0.000000
vn 0.000000 1.000000 0.000000
vn 0.000000 1.000000 0.000000
vn 0.000000 1.000000 0.000000
vn 0.000000 1.000000 0.000000
vn -0.000178 0.999995 -0.003278
vn -0.000178 0.999995 -0.003278
vn -0.000178 0.999995 -0.003278
vn -0.000178 0.999995 -0.003278
vn -0.000685 0.999920 -0.012654
vn -0.000685 0.999920 -0.012654
vn 0.000246 0.999990 0.004539
vn 0.000246 0.999990 0.004539
vn 0.000000 1.000000 0.000000
vn 0.000000 1.000000 0.000000
vn -0.001704 0.999504 -0.031459
vn -0.001704 0.999504 -0.031459
vn -0.001422 0.999654 -0.026262
vn -0.001422 0.999654 -0.026262
vn -0.001131 -0.999781 -0.020885
vn -0.001131 -0.999781 -0.020885
vn 0.003093 -0.998363 0.057114
vn 0.003093 -0.998363 0.057114
vn -0.003421 -0.997998 -0.063161
vn -0.003421 -0.997998 -0.063161
vn -0.001131 -0.999781 -0.020885
vn -0.001131 -0.999781 -0.020885
vn -0.001422 0.999654 -0.026262
vn -0.001422 0.999654 -0.026262
vn -0.000938 0.999850 -0.017312
vn -0.000938 0.999850 -0.017312
vn 0.054070 0.019351 0.998350
vn 0.054070 0.019351 0.998350
vn 0.054070 0.019351 0.998350
vn 0.054070 0.019351 0.998350
vn 0.001423 -0.999654 0.026268
vn 0.001423 -0.999654 0.026268
vn -0.003695 -0.997663 -0.068233
vn -0.003695 -0.997663 -0.068233
vn -0.000938 0.999850 -0.017312
vn -0.000938 0.999850 -0.017312
vn -0.000883 0.999867 -0.016299
vn -0.000883 0.999867 -0.016299
vn -0.000883 0.999867 -0.016299
vn -0.000883 0.999867 -0.016299
vn 0.000000 1.000000 0.000000
vn 0.000000 1.000000 0.000000
vn 0.000000 1.000000 0.000000
vn 0.000000 1.000000 0.000000
vn 0.000000 1.000000 0.000000
vn 0.000000 1.000000 0.000000
vn -0.001084 0.999799 -0.020018
vn -0.001084 0.999799 -0.020018
vn -0.003074 0.998383 -0.056755
vn -0.003074 0.998383 -0.056755
vn 0.006121 -0.993573 0.113026
vn 0.006121 -0.993573 0.113026
vn 0.001423 -0.999654 0.026268
vn 0.001423 -0.999654 0.026268
vn 0.033484 -0.785268 0.618250
vn 0.033484 -0.785268 0.618250
vn 0.033484 -0.785268 0.618250
vn 0.033484 -0.785268 0.618250
vn -0.029998 -0.832050 -0.553888
vn -0.029998 -0.832050 -0.553888
vn -0.029998 -0.832050 -0.553888
vn -0.029998 -0.832050 -0.553888
vn 0.043841 -0.585489 0.809494
vn 0.043841 -0.585489 0.809494
vn 0.043841 -0.585489 0.809494
vn 0.043841 -0.585489 0.809494
vn 0.052879 -0.209529 0.976372
vn 0.052879 -0.209529 0.976372
vn 0.052943 -0.203955 0.977548
vn 0.052943 -0.203955 0.977548
vn -0.053063 0.193021 -0.979759
vn -0.053063 0.193021 -0.979759
vn -0.052709 0.223757 -0.973219
vn -0.052709 0.223757 -0.973219
vn -0.052709 0.223757 -0.973219
vn -0.052709 0.223757 -0.973219
vn -0.043848 0.585322 -0.809615
vn -0.043848 0.585322 -0.809615
vn 0.046306 -0.516546 0.855006
vn 0.046306 -0.516546 0.855006
vn 0.052879 -0.209529 0.976372
vn 0.052879 -0.209529 0.976372
vn 0.012646 -0.972273 0.233505
vn 0.012646 -0.972273 0.233505
vn 0.046306 -0.516546 0.855006
vn 0.046306 -0.516546 0.855006
vn -0.043848 0.585322 -0.809615
vn -0.043848 0.585322 -0.809615
vn -0.008691 0.987003 -0.160466
vn -0.008691 0.987003 -0.160466
vn 0.000954 -0.999844 0.017619
vn 0.000954 -0.999844 0.017619
vn 0.012646 -0.972273 0.233505
vn 0.012646 -0.972273 0.233505
vn -0.008691 0.987003 -0.160466
vn -0.008691 0.987003 -0.160466
vn 0.000396 0.999973 0.007315
vn 0.000396 0.999973 0.007315
vn 0.000000 -1.000000 -0.000001
vn 0.000000 -1.000000 -0.000001
vn 0.000954 -0.999844 0.017619
vn 0.000954 -0.999844 0.017619
vn 0.000396 0.999973 0.007315
vn 0.000396 0.999973 0.007315
vn 0.001024 0.999821 0.018908
vn 0.001024 0.999821 0.018908
vn 0.001024 0.999821 0.018908
vn 0.001024 0.999821 0.018908
vn 0.002482 0.998947 0.045821
vn 0.002482 0.998947 0.045821
vn 0.000000 -1.000000 -0.000001
vn 0.000000 -1.000000 -0.000001
vn 0.000000 -1.000000 -0.000001
vn 0.000000 -1.000000 -0.000001
vn 0.002482 0.998947 0.045821
vn 0.002482 0.998947 0.045821
vn 0.009998 0.982762 0.184606
vn 0.009998 0.982762 0.184606
vn -0.002595 -0.998848 -0.047908
vn -0.002595 -0.998848 -0.047908
vn 0.000000 -1.000000 -0.000001
vn 0.000000 -1.000000 -0.000001
vn -0.012593 -0.972512 -0.232514
vn -0.012593 -0.972512 -0.232514
vn -0.002595 -0.998848 -0.047908
vn -0.002595 -0.998848 -0.047908
vn 0.009998 0.982762 0.184606
vn 0.009998 0.982762 0.184606
vn 0.037628 0.718240 0.694777
vn 0.037628 0.718240 0.694777
vn -0.015485 -0.958128 -0.285921
vn -0.015485 -0.958128 -0.285921
vn -0.012593 -0.972512 -0.232514
vn -0.012593 -0.972512 -0.232514
vn 0.037628 0.718240 0.694777
vn 0.037628 0.718240 0.694777
vn 0.053955 0.067928 0.996230
vn 0.053955 0.067928 0.996230
vn 0.053955 0.067928 0.996230
vn 0.053955 0.067928 0.996230
vn 0.054050 -0.033365 0.997981
vn 0.054050 -0.033365 0.997981
vn 0.054050 -0.033365 0.997981
vn 0.054050 -0.033365 0.997981
vn 0.054000 -0.054409 0.997058
vn 0.054000 -0.054409 0.997058
vn 0.000000 1.000000 0.000000
vn 0.000000 1.000000 0.000000
vn -0.001084 0.999799 -0.020018
vn -0.001084 0.999799 -0.020018
vn -0.053423 -0.155383 -0.986409
vn -0.053423 -0.155383 -0.986409
vn -0.051867 0.283149 -0.957672
vn -0.051867 0.283149 -0.957672
vn 0.054070 0.019351 0.998350
vn 0.054070 0.019351 0.998350
vn 0.054070 0.019351 0.998350
vn 0.054070 0.019351 0.998350
vn -0.039389 -0.685201 -0.727288
vn -0.039389 -0.685201 -0.727288
vn -0.053423 -0.155383 -0.986409
vn -0.053423 -0.155383 -0.986409
vn 0.054070 0.019351 0.998350
vn 0.054070 0.019351 0.998350
vn 0.054070 0.019351 0.998350
vn 0.054070 0.019351 0.998350
vn -0.035833 -0.748972 -0.661632
vn -0.035833 -0.748972 -0.661632
vn -0.039389 -0.685201 -0.727288
vn -0.039389 -0.685201 -0.727288
vn -0.050593 -0.353243 -0.934163
vn -0.050593 -0.353243 -0.934163
vn -0.050593 -0.353240 -0.934164
vn -0.050593 -0.353240 -0.934164
vn -0.004716 -0.996190 -0.087077
vn -0.004716 -0.996190 -0.087077
vn -0.006303 -0.993184 -0.116383
vn -0.006303 -0.993184 -0.116383
vn -0.006303 -0.993184 -0.116383
vn -0.006303 -0.993184 -0.116383
vn -0.009201 -0.985420 -0.169892
vn -0.009201 -0.985420 -0.169892
vn -0.051867 0.283149 -0.957672
vn -0.051867 0.283149 -0.957672
vn -0.042696 0.613761 -0.788337
vn -0.042696 0.613761 -0.788337
vn 0.033147 -0.790133 0.612039
vn 0.033147 -0.790133 0.612039
vn 0.024752 -0.889106 0.457032
vn 0.024752 -0.889106 0.457032
vn -0.042696 0.613761 -0.788337
vn -0.042696 0.613761 -0.788337
vn -0.040441 0.663930 -0.746700
vn -0.040441 0.663930 -0.746700
vn 0.047073 -0.492292 0.869157
vn 0.047073 -0.492292 0.869157
vn 0.033147 -0.790133 0.612039
vn 0.033147 -0.790133 0.612039
vn -0.040441 0.663930 -0.746700
vn -0.040441 0.663930 -0.746700
vn -0.041010 0.651886 -0.757208
vn -0.041010 0.651886 -0.757208
vn -0.041010 0.651886 -0.757208
vn -0.041010 0.651886 -0.757208
vn -0.043166 0.602407 -0.797021
vn -0.043166 0.602407 -0.797021
vn 0.050624 -0.351717 0.934736
vn 0.050624 -0.351717 0.934736
vn 0.047073 -0.492292 0.869157
vn 0.047073 -0.492292 0.869157
vn -0.043166 0.602407 -0.797021
vn -0.043166 0.602407 -0.797021
vn -0.045093 0.552044 -0.832595
vn -0.045093 0.552044 -0.832595
vn 0.050758 -0.345066 0.937205
vn 0.050758 -0.345066 0.937205
vn 0.050624 -0.351717 0.934736
vn 0.050624 -0.351717 0.934736
vn 0.050529 -0.356356 0.932983
vn 0.050529 -0.356356 0.932983
vn 0.050758 -0.345066 0.937205
vn 0.050758 -0.345066 0.937205
vn -0.045093 0.552044 -0.832595
vn -0.045093 0.552044 -0.832595
vn -0.049500 0.402739 -0.913976
vn -0.049500 0.402739 -0.913976
vn -0.049500 0.402739 -0.913976
vn -0.049500 0.402739 -0.913976
vn -0.051305 0.316228 -0.947295
vn -0.051305 0.316228 -0.947295
vn 0.049686 -0.394836 0.917407
vn 0.049686 -0.394836 0.917407
vn 0.050529 -0.356356 0.932983
vn 0.050529 -0.356356 0.932983
vn 0.036899 -0.731059 0.681316
vn 0.036899 -0.731059 0.681316
vn 0.049686 -0.394836 0.917407
vn 0.049686 -0.394836 0.917407
vn -0.051305 0.316228 -0.947295
vn -0.051305 0.316228 -0.947295
vn -0.053481 0.148341 -0.987489
vn -0.053481 0.148341 -0.987489
vn -0.050593 -0.353245 -0.934162
vn -0.050593 -0.353245 -0.934162
vn -0.050593 -0.353243 -0.934163
vn -0.050593 -0.353243 -0.934163
vn -0.053316 -0.167417 -0.984444
vn -0.053316 -0.167417 -0.984444
vn -0.051799 -0.287358 -0.956422
vn -0.051799 -0.287358 -0.956422
vn -0.053481 0.148341 -0.987489
vn -0.053481 0.148341 -0.987489
vn -0.053316 -0.167417 -0.984444
vn -0.053316 -0.167417 -0.984444
vn 0.024186 0.894422 0.446569
vn 0.024186 0.894422 0.446569
vn 0.024186 0.894422 0.446569
vn 0.024186 0.894422 0.446569
vn 0.040809 -0.656182 0.753498
vn 0.040809 -0.656182 0.753498
vn 0.040809 -0.656182 0.753498
vn 0.040809 -0.656182 0.753498
vn -0.018546 -0.939358 -0.342437
vn -0.018546 -0.939358 -0.342437
vn -0.017534 -0.945980 -0.323752
vn -0.017534 -0.945980 -0.323752
vn -0.017534 -0.945980 -0.323752
vn -0.017534 -0.945980 -0.323752
vn 0.003175 -0.998275 0.058630
vn 0.003175 -0.998275 0.058630
vn -0.019916 -0.929721 -0.367727
vn -0.019916 -0.929721 -0.367727
vn -0.018546 -0.939358 -0.342437
vn -0.018546 -0.939358 -0.342437
vn -0.022484 -0.909474 -0.415153
vn -0.022484 -0.909474 -0.415153
vn -0.019916 -0.929721 -0.367727
vn -0.019916 -0.929721 -0.367727
vn -0.031845 0.808237 -0.587996
vn -0.031845 0.808237 -0.587996
vn -0.031845 0.808237 -0.587996
vn -0.031845 0.808237 -0.587996
vn -0.003074 0.998383 -0.056755
vn -0.003074 0.998383 -0.056755
vn -0.005097 0.995549 -0.094108
vn -0.005097 0.995549 -0.094108
vn -0.002052 0.999280 -0.037897
vn -0.002052 0.999280 -0.037897
vn -0.002052 0.999280 -0.037897
vn -0.002052 0.999280 -0.037897
vn -0.005118 -0.995512 -0.094502
vn -0.005118 -0.995512 -0.094502
vn -0.004716 -0.996190 -0.087077
vn -0.004716 -0.996190 -0.087077
vn -0.006919 -0.991782 -0.127750
vn -0.006919 -0.991782 -0.127750
vn -0.005118 -0.995512 -0.094502
vn -0.005118 -0.995512 -0.094502
vn -0.019102 0.935539 -0.352706
vn -0.019102 0.935539 -0.352706
vn -0.019102 0.935539 -0.352706
vn -0.019102 0.935539 -0.352706
vn -0.001575 0.999576 -0.029077
vn -0.001575 0.999576 -0.029077
vn -0.000281 0.999986 -0.005195
vn -0.000281 0.999986 -0.005195
vn -0.000862 -0.999873 -0.015921
vn -0.000862 -0.999873 -0.015921
vn -0.006919 -0.991782 -0.127750
vn -0.006919 -0.991782 -0.127750
vn -0.000281 0.999986 -0.005195
vn -0.000281 0.999986 -0.005195
vn 0.000000 1.000000 0.000000
vn 0.000000 1.000000 0.000000
vn 0.000164 -0.999995 0.003035
vn 0.000164 -0.999995 0.003035
vn -0.000862 -0.999873 -0.015921
vn -0.000862 -0.999873 -0.015921
vn 0.000000 1.000000 0.000000
vn 0.000000 1.000000 0.000000
vn 0.000000 1.000000 0.000000
vn 0.000000 1.000000 0.000000
vn 0.000157 -0.999996 0.002902
vn 0.000157 -0.999996 0.002902
vn 0.000164 -0.999995 0.003035
vn 0.000164 -0.999995 0.003035
vn 0.000000 1.000000 0.000000
vn 0.000000 1.000000 0.000000
vn 0.000000 1.000000 0.000000
vn 0.000000 1.000000 0.000000
vn 0.000000 -1.000000 -0.000001
vn 0.000000 -1.000000 -0.000001
vn 0.000157 -0.999996 0.002902
vn 0.000157 -0.999996 0.002902
vn 0.035787 -0.749732 0.660773
vn 0.035787 -0.749732 0.660773
vn 0.037926 -0.712875 0.700265
vn 0.037926 -0.712875 0.700265
vn 0.000000 1.000000 0.000000
vn 0.000000 1.000000 0.000000
vn 0.000000 1.000000 0.000000
vn 0.000000 1.000000 0.000000
vn 0.035723 -0.750767 0.659600
vn 0.035723 -0.750767 0.659600
vn 0.035787 -0.749732 0.660773
vn 0.035787 -0.749732 0.660773
vn 0.038942 -0.693883 0.719034
vn 0.038942 -0.693883 0.719034
vn 0.035723 -0.750767 0.659600
vn 0.035723 -0.750767 0.659600
vn 0.041276 -0.646118 0.762121
vn 0.041276 -0.646118 0.762121
vn 0.038942 -0.693883 0.719034
vn 0.038942 -0.693883 0.719034
vn 0.001201 -0.999753 0.022184
vn 0.001201 -0.999753 0.022184
vn 0.003714 -0.997640 0.068567
vn 0.003714 -0.997640 0.068567
vn 0.044529 -0.567459 0.822197
vn 0.044529 -0.567459 0.822197
vn 0.041276 -0.646118 0.762121
vn 0.041276 -0.646118 0.762121
vn -0.001877 -0.999398 -0.034657
vn -0.001877 -0.999398 -0.034657
vn 0.001201 -0.999753 0.022184
vn 0.001201 -0.999753 0.022184
vn -0.054068 0.020926 -0.998318
vn -0.054068 0.020926 -0.998318
vn -0.053185 -0.181189 -0.982009
vn -0.053185 -0.181189 -0.982009
vn -0.003909 -0.997385 -0.072168
vn -0.003909 -0.997385 -0.072168
vn -0.001877 -0.999398 -0.034657
vn -0.001877 -0.999398 -0.034657
vn -0.054060 -0.027244 -0.998166
vn -0.054060 -0.027244 -0.998166
vn -0.054068 0.020926 -0.998318
vn -0.054068 0.020926 -0.998318
vn 0.000000 1.000000 0.000000
vn 0.000000 1.000000 0.000000
vn -0.002044 0.999286 -0.037732
vn -0.002044 0.999286 -0.037732
vn -0.002044 0.999286 -0.037732
vn -0.002044 0.999286 -0.037732
vn -0.003305 0.998131 -0.061020
vn -0.003305 0.998131 -0.061020
vn -0.053890 -0.083621 -0.995039
vn -0.053890 -0.083621 -0.995039
vn -0.054060 -0.027244 -0.998166
vn -0.054060 -0.027244 -0.998166
vn -0.038240 0.707106 -0.706073
vn -0.038240 0.707106 -0.706073
vn -0.038240 0.707106 -0.706073
vn -0.038240 0.707106 -0.706073
vn -0.053128 -0.186817 -0.980957
vn -0.053128 -0.186817 -0.980957
vn -0.054078 -0.007962 -0.998505
vn -0.054078 -0.007962 -0.998505
vn 0.052944 -0.203893 0.977561
vn 0.052944 -0.203893 0.977561
vn 0.053482 -0.148299 0.987495
vn 0.053482 -0.148299 0.987495
vn 0.052316 -0.253303 0.965971
vn 0.052316 -0.253303 0.965971
vn 0.052944 -0.203893 0.977561
vn 0.052944 -0.203893 0.977561
vn -0.054078 -0.007962 -0.998505
vn -0.054078 -0.007962 -0.998505
vn -0.052368 0.249587 -0.966935
vn -0.052368 0.249587 -0.966935
vn 0.051996 -0.274921 0.960060
vn 0.051996 -0.274921 0.960060
vn 0.052316 -0.253303 0.965971
vn 0.052316 -0.253303 0.965971
vn -0.052368 0.249587 -0.966935
vn -0.052368 0.249587 -0.966935
vn -0.051417 0.309892 -0.949380
vn -0.051417 0.309892 -0.949380
vn 0.051642 -0.296832 0.953532
vn 0.051642 -0.296832 0.953532
vn 0.051996 -0.274921 0.960060
vn 0.051996 -0.274921 0.960060
vn -0.022289 -0.911116 -0.411548
vn -0.022289 -0.911116 -0.411548
vn -0.021682 -0.916109 -0.400342
vn -0.021682 -0.916109 -0.400342
vn -0.025325 -0.883577 -0.467601
vn -0.025325 -0.883577 -0.467601
vn -0.022289 -0.911116 -0.411548
vn -0.022289 -0.911116 -0.411548
vn -0.051605 0.299074 -0.952834
vn -0.051605 0.299074 -0.952834
vn -0.053968 0.064257 -0.996473
vn -0.053968 0.064257 -0.996473
vn -0.050412 0.362014 -0.930809
vn -0.050412 0.362014 -0.930809
vn -0.051605 0.299074 -0.952834
vn -0.051605 0.299074 -0.952834
vn -0.051269 0.318192 -0.946639
vn -0.051269 0.318192 -0.946639
vn -0.050412 0.362014 -0.930809
vn -0.050412 0.362014 -0.930809
vn -0.051417 0.309892 -0.949380
vn -0.051417 0.309892 -0.949380
vn -0.051269 0.318192 -0.946639
vn -0.051269 0.318192 -0.946639
vn 0.047032 -0.493607 0.868413
vn 0.047032 -0.493607 0.868413
vn 0.047032 -0.493607 0.868413
vn 0.047032 -0.493607 0.868413
vn 0.000942 -0.999848 0.017397
vn 0.000942 -0.999848 0.017397
vn 0.000942 -0.999848 0.017397
vn 0.000942 -0.999848 0.017397
vn 0.048194 0.453689 0.889856
vn 0.048194 0.453689 0.889856
vn 0.048194 0.453689 0.889856
vn 0.048194 0.453689 0.889856
vn 0.053983 0.059777 0.996751
vn 0.053983 0.059777 0.996751
vn 0.053983 0.059777 0.996751
vn 0.053983 0.059777 0.996751
vn 0.051999 -0.274721 0.960117
vn 0.051999 -0.274721 0.960117
vn 0.051999 -0.274721 0.960117
vn 0.051999 -0.274721 0.960117
vn 0.008561 -0.987391 0.158072
vn 0.008561 -0.987391 0.158072
vn 0.008561 -0.987391 0.158072
vn 0.008561 -0.987391 0.158072
s off
g arma:polySurface43
usemtl arma:polySurface17SG
f 1/1/1 9/2/2 10/3/3 2/4/4
f 2/4/5 10/3/6 11/5/7 3/6/8
f 3/7/9 11/8/10 12/9/11 4/10/12
f 4/10/13 12/9/14 13/11/15 5/12/16
f 5/13/17 13/14/18 14/15/19 6/16/20
f 6/16/21 14/15/22 15/17/23 7/18/24
f 7/19/25 15/20/26 16/21/27 8/22/28
f 8/22/29 16/21/30 9/23/31 1/24/32
f 9/2/33 17/25/34 18/26/35 10/3/36
f 10/3/37 18/26/38 19/27/39 11/5/40
f 11/8/41 19/28/42 20/29/43 12/9/44
f 12/9/45 20/29/46 21/30/47 13/11/48
f 13/14/49 21/31/50 22/32/51 14/15/52
f 14/15/53 22/32/54 23/33/55 15/17/56
f 15/20/57 23/34/58 24/35/59 16/21/60
f 16/21/61 24/35/62 17/36/63 9/23/64
f 17/37/65 25/38/66 26/39/67 18/40/68
f 18/40/69 26/39/70 27/41/71 19/42/72
f 19/28/73 27/43/74 28/44/75 20/29/76
f 20/29/77 28/44/78 29/45/79 21/30/80
f 21/46/81 29/47/82 30/48/83 22/49/84
f 22/49/85 30/48/86 31/50/87 23/51/88
f 23/34/89 31/52/90 32/53/91 24/35/92
f 24/35/93 32/53/94 25/54/95 17/36/96
f 25/38/97 33/55/98 34/56/99 26/39/100
f 26/39/101 34/56/102 35/57/103 27/41/104
f 27/43/105 35/58/106 36/59/107 28/44/108
f 28/44/109 36/59/110 37/60/111 29/45/112
f 29/47/113 37/61/114 38/62/115 30/48/116
f 30/48/117 38/62/118 39/63/119 31/50/120
f 31/52/121 39/64/122 40/65/123 32/53/124
f 32/53/125 40/65/126 33/66/127 25/54/128
f 33/67/129 41/68/130 42/69/131 34/70/132
f 34/70/133 42/69/134 43/71/135 35/72/136
f 35/58/137 43/73/138 44/74/139 36/59/140
f 36/59/141 44/74/142 45/75/143 37/60/144
f 37/76/145 45/77/146 46/78/147 38/79/148
f 38/79/149 46/78/150 47/80/151 39/81/152
f 39/64/153 47/82/154 48/83/155 40/65/156
f 40/65/157 48/83/158 41/84/159 33/66/160
f 41/68/161 49/85/162 50/86/163 42/69/164
f 42/69/165 50/86/166 51/87/167 43/71/168
f 43/73/169 51/88/170 52/89/171 44/74/172
f 44/74/173 52/89/174 53/90/175 45/75/176
f 45/77/177 53/91/178 54/92/179 46/78/180
f 46/78/181 54/92/182 55/93/183 47/80/184
f 47/82/185 55/94/186 56/95/187 48/83/188
f 48/83/189 56/95/190 49/96/191 41/84/192
f 2/4/193 57/97/194 1/1/195
f 3/6/196 57/97/197 2/4/198
f 4/98/199 57/97/200 3/6/201
f 5/13/202 57/97/203 4/98/204
f 6/16/205 57/97/206 5/13/207
f 7/18/208 57/97/209 6/16/210
f 8/99/211 57/97/212 7/18/213
f 1/1/214 57/97/215 8/99/216
f 49/85/217 58/100/218 50/86/219
f 50/86/220 58/100/221 51/87/222
f 51/87/223 58/100/224 52/101/225
f 52/101/226 58/100/227 53/91/228
f 53/91/229 58/100/230 54/92/231
f 54/92/232 58/100/233 55/93/234
f 55/93/235 58/100/236 56/102/237
f 56/102/238 58/100/239 49/85/240
f 59/103/241 61/104/242 62/105/243 60/106/244
f 61/107/245 63/108/246 64/109/247 62/110/248
f 63/111/249 65/112/250 66/113/251 64/114/252
f 65/115/253 59/116/254 60/117/255 66/118/256
f 60/119/257 62/120/258 64/121/259 66/122/260
f 65/123/261 63/124/262 61/125/263 59/126/264
f 67/127/265 69/128/266 70/129/267 68/130/268
f 69/128/269 71/131/270 72/132/271 70/129/272
f 71/133/273 73/134/274 74/135/275 72/136/276
f 73/137/277 67/127/278 68/130/279 74/138/280
f 68/139/281 70/140/282 72/141/283 74/142/284
f 73/143/285 71/144/286 69/145/287 67/146/288
f 75/147/289 83/148/290 84/149/291 76/150/292
f 76/150/293 84/149/294 85/151/295 77/152/296
f 77/153/297 85/154/298 86/155/299 78/156/300
f 78/157/301 86/158/302 87/159/303 79/160/304
f 79/160/305 87/159/306 88/161/307 80/162/308
f 80/162/309 88/161/310 89/163/311 81/164/312
f 81/165/313 89/166/314 90/167/315 82/168/316
f 82/169/317 90/170/318 83/148/319 75/147/320
f 76/171/321 91/172/322 75/173/323
f 77/174/324 91/172/325 76/171/326
f 78/175/327 91/172/328 77/174/329
f 79/176/330 91/172/331 78/175/332
f 80/177/333 91/172/334 79/176/335
f 81/178/336 91/172/337 80/177/338
f 82/179/339 91/172/340 81/178/341
f 75/173/342 91/172/343 82/179/344
f 83/180/345 92/181/346 84/182/347
f 84/182/348 92/181/349 85/183/350
f 85/183/351 92/181/352 86/184/353
f 86/184/354 92/181/355 87/185/356
f 87/185/357 92/181/358 88/186/359
f 88/186/360 92/181/361 89/187/362
f 89/187/363 92/181/364 90/188/365
f 90/188/366 92/181/367 83/180/368
f 93/189/369 95/190/370 96/191/371 94/192/372
f 95/190/373 97/193/374 98/194/375 96/191/376
f 97/195/377 99/196/378 100/197/379 98/198/380
f 99/199/381 93/189/382 94/192/383 100/200/384
f 94/201/385 96/202/386 98/203/387 100/204/388
f 99/205/389 97/206/390 95/207/391 93/208/392
f 101/209/393 113/210/394 114/211/395 102/212/396
f 102/212/397 114/211/398 115/213/399 103/214/400
f 103/214/401 115/213/402 116/215/403 104/216/404
f 104/216/405 116/215/406 117/217/407 105/218/408
f 105/218/409 117/217/410 118/219/411 106/220/412
f 106/220/413 118/219/414 119/221/415 107/222/416
f 107/222/417 119/221/418 120/223/419 108/224/420
f 108/224/421 120/223/422 121/225/423 109/226/424
f 109/226/425 121/225/426 122/227/427 110/228/428
f 110/228/429 122/227/430 123/229/431 111/230/432
f 111/230/433 123/229/434 124/231/435 112/232/436
f 112/232/437 124/231/438 113/210/439 101/209/440
f 113/210/441 125/233/442 126/234/443 114/211/444
f 114/211/445 126/234/446 127/235/447 115/213/448
f 115/213/449 127/235/450 128/236/451 116/215/452
f 116/215/453 128/236/454 129/237/455 117/217/456
f 117/217/457 129/237/458 130/238/459 118/219/460
f 118/219/461 130/238/462 131/239/463 119/221/464
f 119/221/465 131/239/466 132/240/467 120/223/468
f 120/223/469 132/240/470 133/241/471 121/225/472
f 121/225/473 133/241/474 134/242/475 122/227/476
f 122/227/477 134/242/478 135/243/479 123/229/480
f 123/229/481 135/243/482 136/244/483 124/231/484
f 124/231/485 136/244/486 125/233/487 113/210/488
f 125/245/489 137/246/490 138/247/491 126/248/492
f 126/249/493 138/250/494 139/251/495 127/252/496
f 127/252/497 139/251/498 140/253/499 128/254/500
f 128/255/501 140/256/502 141/257/503 129/258/504
f 129/258/505 141/257/506 142/259/507 130/260/508
f 130/260/509 142/259/510 143/261/511 131/262/512
f 131/262/513 143/261/514 144/263/515 132/264/516
f 132/265/517 144/266/518 145/267/519 133/268/520
f 133/268/521 145/267/522 146/269/523 134/270/524
f 134/271/525 146/272/526 147/273/527 135/274/528
f 135/274/529 147/273/530 148/275/531 136/276/532
f 136/276/533 148/275/534 137/246/535 125/245/536
f 210/277/537 213/278/538 212/279/539 211/280/540
f 211/281/541 212/282/542 215/283/543 214/284/544
f 214/284/545 215/283/546 217/285/547 216/286/548
f 216/287/549 217/288/550 219/289/551 218/290/552
f 218/290/553 219/289/554 221/291/555 220/292/556
f 220/292/557 221/291/558 223/293/559 222/294/560
f 222/294/561 223/293/562 225/295/563 224/296/564
f 224/297/565 225/298/566 227/299/567 226/300/568
f 226/300/569 227/299/570 229/301/571 228/302/572
f 228/303/573 229/304/574 231/305/575 230/306/576
f 230/306/577 231/305/578 233/307/579 232/308/580
f 232/308/581 233/307/582 213/278/583 210/277/584
f 213/278/585 235/309/586 234/310/587 212/279/588
f 212/282/589 234/311/590 236/312/591 215/283/592
f 215/283/593 236/312/594 237/313/595 217/285/596
f 217/288/597 237/314/598 238/315/599 219/289/600
f 219/289/601 238/315/602 239/316/603 221/291/604
f 221/291/605 239/316/606 240/317/607 223/293/608
f 223/293/609 240/317/610 241/318/611 225/295/612
f 225/298/613 241/319/614 242/320/615 227/299/616
f 227/299/617 242/320/618 243/321/619 229/301/620
f 229/304/621 243/322/622 244/323/623 231/305/624
f 231/305/625 244/323/626 245/324/627 233/307/628
f 233/307/629 245/324/630 235/309/631 213/278/632
f 149/325/633 161/326/634 162/327/635 150/328/636
f 150/329/637 162/330/638 163/331/639 151/332/640
f 151/332/641 163/331/642 164/333/643 152/334/644
f 152/335/645 164/336/646 165/337/647 153/338/648
f 153/338/649 165/337/650 166/339/651 154/340/652
f 154/340/653 166/339/654 167/341/655 155/342/656
f 155/342/657 167/341/658 168/343/659 156/344/660
f 156/345/661 168/346/662 169/347/663 157/348/664
f 157/348/665 169/347/666 170/349/667 158/350/668
f 158/351/669 170/352/670 171/353/671 159/354/672
f 159/354/673 171/353/674 172/355/675 160/356/676
f 160/356/677 172/355/678 161/326/679 149/325/680
f 161/357/681 173/358/682 174/359/683 162/360/684
f 162/360/685 174/359/686 175/361/687 163/362/688
f 163/362/689 175/361/690 176/363/691 164/364/692
f 164/364/693 176/363/694 177/365/695 165/366/696
f 165/366/697 177/365/698 178/367/699 166/368/700
f 166/368/701 178/367/702 179/369/703 167/370/704
f 167/370/705 179/369/706 180/371/707 168/372/708
f 168/372/709 180/371/710 181/373/711 169/374/712
f 169/374/713 181/373/714 182/375/715 170/376/716
f 170/376/717 182/375/718 183/377/719 171/378/720
f 171/378/721 183/377/722 184/379/723 172/380/724
f 172/380/725 184/379/726 173/358/727 161/357/728
f 173/358/729 185/381/730 186/382/731 174/359/732
f 174/359/733 186/382/734 187/383/735 175/361/736
f 175/361/737 187/383/738 188/384/739 176/363/740
f 176/363/741 188/384/742 189/385/743 177/365/744
f 177/365/745 189/385/746 190/386/747 178/367/748
f 178/367/749 190/386/750 191/387/751 179/369/752
f 179/369/753 191/387/754 192/388/755 180/371/756
f 180/371/757 192/388/758 193/389/759 181/373/760
f 181/373/761 193/389/762 194/390/763 182/375/764
f 182/375/765 194/390/766 195/391/767 183/377/768
f 183/377/769 195/391/770 196/392/771 184/379/772
f 184/379/773 196/392/774 185/381/775 173/358/776
f 246/393/777 249/394/778 248/395/779 247/396/780
f 247/396/781 248/395/782 251/397/783 250/398/784
f 250/398/785 251/397/786 253/399/787 252/400/788
f 252/400/789 253/399/790 255/401/791 254/402/792
f 254/402/793 255/401/794 257/403/795 256/404/796
f 256/404/797 257/403/798 259/405/799 258/406/800
f 258/406/801 259/405/802 261/407/803 260/408/804
f 260/408/805 261/407/806 263/409/807 262/410/808
f 262/410/809 263/409/810 265/411/811 264/412/812
f 264/412/813 265/411/814 267/413/815 266/414/816
f 266/414/817 267/413/818 269/415/819 268/416/820
f 268/416/821 269/415/822 249/394/823 246/393/824
f 197/417/825 209/418/826 198/419/827
f 198/419/828 209/418/829 199/420/830
f 199/420/831 209/418/832 200/421/833
f 200/421/834 209/418/835 201/422/836
f 201/422/837 209/418/838 202/423/839
f 202/423/840 209/418/841 203/424/842
f 203/424/843 209/418/844 204/425/845
f 204/425/846 209/418/847 205/426/848
f 205/426/849 209/418/850 206/427/851
f 206/427/852 209/418/853 207/428/854
f 207/428/855 209/418/856 208/429/857
f 208/429/858 209/418/859 197/417/860
f 137/430/861 210/431/862 211/432/863 138/433/864
f 138/433/865 211/432/866 214/434/867 139/435/868
f 139/435/869 214/434/870 216/436/871 140/437/872
f 140/437/873 216/436/874 218/438/875 141/439/876
f 141/439/877 218/438/878 220/440/879 142/441/880
f 142/441/881 220/440/882 222/442/883 143/443/884
f 143/443/885 222/442/886 224/444/887 144/445/888
f 144/445/889 224/444/890 226/446/891 145/447/892
f 145/447/893 226/446/894 228/448/895 146/449/896
f 146/449/897 228/448/898 230/450/899 147/451/900
f 147/451/901 230/450/902 232/452/903 148/453/904
f 148/453/905 232/452/906 210/431/907 137/430/908
f 150/454/909 234/455/910 235/456/911 149/457/912
f 151/458/913 236/459/914 234/455/915 150/454/916
f 152/460/917 237/461/918 236/459/919 151/458/920
f 153/462/921 238/463/922 237/461/923 152/460/924
f 154/464/925 239/465/926 238/463/927 153/462/928
f 155/466/929 240/467/930 239/465/931 154/464/932
f 156/468/933 241/469/934 240/467/935 155/466/936
f 157/470/937 242/471/938 241/469/939 156/468/940
f 158/472/941 243/473/942 242/471/943 157/470/944
f 159/474/945 244/475/946 243/473/947 158/472/948
f 160/476/949 245/477/950 244/475/951 159/474/952
f 149/457/953 235/456/954 245/477/955 160/476/956
f 185/478/957 246/479/958 247/480/959 186/481/960
f 198/482/961 248/483/962 249/484/963 197/485/964
f 186/486/965 247/487/966 250/488/967 187/489/968
f 199/490/969 251/491/970 248/492/971 198/493/972
f 187/489/973 250/488/974 252/494/975 188/495/976
f 200/496/977 253/497/978 251/491/979 199/490/980
f 188/498/981 252/499/982 254/500/983 189/501/984
f 201/502/985 255/503/986 253/504/987 200/505/988
f 189/501/989 254/500/990 256/506/991 190/507/992
f 202/508/993 257/509/994 255/503/995 201/502/996
f 190/507/997 256/506/998 258/510/999 191/511/1000
f 203/512/1001 259/513/1002 257/509/1003 202/508/1004
f 191/511/1005 258/510/1006 260/514/1007 192/515/1008
f 204/516/1009 261/517/1010 259/513/1011 203/512/1012
f 192/518/1013 260/519/1014 262/520/1015 193/521/1016
f 205/522/1017 263/523/1018 261/524/1019 204/525/1020
f 193/521/1021 262/520/1022 264/526/1023 194/527/1024
f 206/528/1025 265/529/1026 263/523/1027 205/522/1028
f 194/530/1029 264/531/1030 266/532/1031 195/533/1032
f 207/534/1033 267/535/1034 265/536/1035 206/537/1036
f 195/533/1037 266/532/1038 268/538/1039 196/539/1040
f 208/540/1041 269/541/1042 267/535/1043 207/534/1044
f 196/539/1045 268/538/1046 246/479/1047 185/478/1048
f 197/485/1049 249/484/1050 269/541/1051 208/540/1052
f 270/542/1053 272/543/1054 273/544/1055 271/545/1056
f 272/546/1057 274/547/1058 275/548/1059 273/549/1060
f 274/550/1061 276/551/1062 277/552/1063 275/553/1064
f 276/554/1065 270/555/1066 271/556/1067 277/557/1068
f 271/558/1069 273/559/1070 275/560/1071 277/561/1072
f 276/562/1073 274/563/1074 272/564/1075 270/565/1076
f 109/226/1077 278/566/1078 108/224/1079
f 110/228/1080 278/566/1081 109/226/1082
f 101/209/1083 278/566/1084 112/232/1085
f 106/220/1086 278/566/1087 105/218/1088
f 101/209/1089 102/212/1090 278/566/1091
f 107/222/1092 278/566/1093 106/220/1094
f 111/230/1095 278/566/1096 110/228/1097
f 104/216/1098 278/566/1099 103/214/1100
f 112/232/1101 278/566/1102 111/230/1103
f 105/218/1104 278/566/1105 104/216/1106
f 278/566/1107 102/212/1108 103/214/1109
f 108/224/1110 278/566/1111 107/222/1112
f 279/567/1113 287/568/1114 288/569/1115 280/570/1116
f 280/570/1117 288/569/1118 289/571/1119 281/572/1120
f 281/573/1121 289/574/1122 290/575/1123 282/576/1124
f 282/577/1125 290/578/1126 291/579/1127 283/580/1128
f 283/580/1129 291/579/1130 292/581/1131 284/582/1132
f 284/582/1133 292/581/1134 293/583/1135 285/584/1136
f 285/585/1137 293/586/1138 294/587/1139 286/588/1140
f 286/589/1141 294/590/1142 287/568/1143 279/567/1144
f 280/591/1145 295/592/1146 279/593/1147
f 281/594/1148 295/592/1149 280/591/1150
f 282/595/1151 295/592/1152 281/594/1153
f 283/596/1154 295/592/1155 282/595/1156
f 284/597/1157 295/592/1158 283/596/1159
f 285/598/1160 295/592/1161 284/597/1162
f 286/599/1163 295/592/1164 285/598/1165
f 279/593/1166 295/592/1167 286/599/1168
f 287/600/1169 296/601/1170 288/602/1171
f 288/602/1172 296/601/1173 289/603/1174
f 289/603/1175 296/601/1176 290/604/1177
f 290/604/1178 296/601/1179 291/605/1180
f 291/605/1181 296/601/1182 292/606/1183
f 292/606/1184 296/601/1185 293/607/1186
f 293/607/1187 296/601/1188 294/608/1189
f 294/608/1190 296/601/1191 287/600/1192
f 297/609/1193 299/610/1194 300/611/1195 298/612/1196
f 299/613/1197 301/614/1198 302/615/1199 300/616/1200
f 301/617/1201 303/618/1202 304/619/1203 302/620/1204
f 303/621/1205 297/622/1206 298/623/1207 304/624/1208
f 298/625/1209 300/626/1210 302/627/1211 304/628/1212
f 303/629/1213 301/630/1214 299/631/1215 297/632/1216
f 451/633/1217 454/634/1218 453/635/1219 452/636/1220
f 452/637/1221 453/638/1222 456/639/1223 455/640/1224
f 455/640/1225 456/639/1226 458/641/1227 457/642/1228
f 457/643/1229 458/644/1230 460/645/1231 459/646/1232
f 459/646/1233 460/645/1234 462/647/1235 461/648/1236
f 461/648/1237 462/647/1238 464/649/1239 463/650/1240
f 463/650/1241 464/649/1242 466/651/1243 465/652/1244
f 465/653/1245 466/654/1246 468/655/1247 467/656/1248
f 467/656/1249 468/655/1250 470/657/1251 469/658/1252
f 469/659/1253 470/660/1254 472/661/1255 471/662/1256
f 471/662/1257 472/661/1258 474/663/1259 473/664/1260
f 473/664/1261 474/663/1262 454/634/1263 451/633/1264
f 402/665/1265 403/666/1266 401/667/1267
f 404/668/1268 403/666/1269 402/665/1270
f 405/669/1271 403/666/1272 404/668/1273
f 406/670/1274 403/666/1275 405/669/1276
f 407/671/1277 403/666/1278 406/670/1279
f 408/672/1280 403/666/1281 407/671/1282
f 409/673/1283 403/666/1284 408/672/1285
f 410/674/1286 403/666/1287 409/673/1288
f 411/675/1289 403/666/1290 410/674/1291
f 412/676/1292 403/666/1293 411/675/1294
f 413/677/1295 403/666/1296 412/676/1297
f 401/667/1298 403/666/1299 413/677/1300
f 414/678/1301 416/679/1302 415/680/1303
f 415/680/1304 416/679/1305 417/681/1306
f 417/681/1307 416/679/1308 418/682/1309
f 418/682/1310 416/679/1311 419/683/1312
f 419/683/1313 416/679/1314 420/684/1315
f 420/684/1316 416/679/1317 421/685/1318
f 421/685/1319 416/679/1320 422/686/1321
f 422/686/1322 416/679/1323 423/687/1324
f 423/687/1325 416/679/1326 424/688/1327
f 424/688/1328 416/679/1329 425/689/1330
f 425/689/1331 416/679/1332 426/690/1333
f 426/690/1334 416/679/1335 414/678/1336
f 306/691/1337 330/692/1338 329/693/1339 305/694/1340
f 307/695/1341 331/696/1342 330/692/1343 306/691/1344
f 308/697/1345 332/698/1346 331/696/1347 307/695/1348
f 309/699/1349 333/700/1350 332/698/1351 308/697/1352
f 310/701/1353 334/702/1354 333/700/1355 309/699/1356
f 311/703/1357 335/704/1358 334/702/1359 310/701/1360
f 312/705/1361 336/706/1362 335/704/1363 311/703/1364
f 313/707/1365 337/708/1366 336/706/1367 312/705/1368
f 314/709/1369 338/710/1370 337/708/1371 313/707/1372
f 315/711/1373 339/712/1374 338/710/1375 314/709/1376
f 316/713/1377 340/714/1378 339/712/1379 315/711/1380
f 305/694/1381 329/693/1382 340/714/1383 316/713/1384
f 317/715/1385 341/716/1386 342/717/1387 318/718/1388
f 318/718/1389 342/717/1390 343/719/1391 319/720/1392
f 319/720/1393 343/719/1394 344/721/1395 320/722/1396
f 320/722/1397 344/721/1398 345/723/1399 321/724/1400
f 321/724/1401 345/723/1402 346/725/1403 322/726/1404
f 322/726/1405 346/725/1406 347/727/1407 323/728/1408
f 323/728/1409 347/727/1410 348/729/1411 324/730/1412
f 324/730/1413 348/729/1414 349/731/1415 325/732/1416
f 325/732/1417 349/731/1418 350/733/1419 326/734/1420
f 326/734/1421 350/733/1422 351/735/1423 327/736/1424
f 327/736/1425 351/735/1426 352/737/1427 328/738/1428
f 328/738/1429 352/737/1430 341/716/1431 317/715/1432
f 330/739/1433 354/740/1434 353/741/1435 329/742/1436
f 331/743/1437 355/744/1438 354/745/1439 330/746/1440
f 332/747/1441 356/748/1442 355/744/1443 331/743/1444
f 333/749/1445 357/750/1446 356/751/1447 332/752/1448
f 334/753/1449 358/754/1450 357/750/1451 333/749/1452
f 335/755/1453 359/756/1454 358/754/1455 334/753/1456
f 336/757/1457 360/758/1458 359/756/1459 335/755/1460
f 337/759/1461 361/760/1462 360/761/1463 336/762/1464
f 338/763/1465 362/764/1466 361/760/1467 337/759/1468
f 339/765/1469 363/766/1470 362/767/1471 338/768/1472
f 340/769/1473 364/770/1474 363/766/1475 339/765/1476
f 329/742/1477 353/741/1478 364/770/1479 340/769/1480
f 341/771/1481 365/772/1482 366/773/1483 342/774/1484
f 342/775/1485 366/776/1486 367/777/1487 343/778/1488
f 343/778/1489 367/777/1490 368/779/1491 344/780/1492
f 344/781/1493 368/782/1494 369/783/1495 345/784/1496
f 345/784/1497 369/783/1498 370/785/1499 346/786/1500
f 346/786/1501 370/785/1502 371/787/1503 347/788/1504
f 347/788/1505 371/787/1506 372/789/1507 348/790/1508
f 348/791/1509 372/792/1510 373/793/1511 349/794/1512
f 349/794/1513 373/793/1514 374/795/1515 350/796/1516
f 350/797/1517 374/798/1518 375/799/1519 351/800/1520
f 351/800/1521 375/799/1522 376/801/1523 352/802/1524
f 352/802/1525 376/801/1526 365/772/1527 341/771/1528
f 354/803/1529 378/804/1530 377/805/1531 353/806/1532
f 355/807/1533 379/808/1534 378/804/1535 354/803/1536
f 356/809/1537 380/810/1538 379/808/1539 355/807/1540
f 357/811/1541 381/812/1542 380/810/1543 356/809/1544
f 358/813/1545 382/814/1546 381/812/1547 357/811/1548
f 359/815/1549 383/816/1550 382/814/1551 358/813/1552
f 360/817/1553 384/818/1554 383/816/1555 359/815/1556
f 361/819/1557 385/820/1558 384/818/1559 360/817/1560
f 362/821/1561 386/822/1562 385/820/1563 361/819/1564
f 363/823/1565 387/824/1566 386/822/1567 362/821/1568
f 364/825/1569 388/826/1570 387/824/1571 363/823/1572
f 353/806/1573 377/805/1574 388/826/1575 364/825/1576
f 365/827/1577 389/828/1578 390/829/1579 366/830/1580
f 366/830/1581 390/829/1582 391/831/1583 367/832/1584
f 367/832/1585 391/831/1586 392/833/1587 368/834/1588
f 368/834/1589 392/833/1590 393/835/1591 369/836/1592
f 369/836/1593 393/835/1594 394/837/1595 370/838/1596
f 370/838/1597 394/837/1598 395/839/1599 371/840/1600
f 371/840/1601 395/839/1602 396/841/1603 372/842/1604
f 372/842/1605 396/841/1606 397/843/1607 373/844/1608
f 373/844/1609 397/843/1610 398/845/1611 374/846/1612
f 374/846/1613 398/845/1614 399/847/1615 375/848/1616
f 375/848/1617 399/847/1618 400/849/1619 376/850/1620
f 376/850/1621 400/849/1622 389/828/1623 365/827/1624
f 378/851/1625 402/852/1626 401/853/1627 377/854/1628
f 379/855/1629 404/856/1630 402/857/1631 378/858/1632
f 380/859/1633 405/860/1634 404/856/1635 379/855/1636
f 381/861/1637 406/862/1638 405/863/1639 380/864/1640
f 382/865/1641 407/866/1642 406/862/1643 381/861/1644
f 383/867/1645 408/868/1646 407/866/1647 382/865/1648
f 384/869/1649 409/870/1650 408/868/1651 383/867/1652
f 385/871/1653 410/872/1654 409/873/1655 384/874/1656
f 386/875/1657 411/876/1658 410/872/1659 385/871/1660
f 387/877/1661 412/878/1662 411/879/1663 386/880/1664
f 388/881/1665 413/882/1666 412/878/1667 387/877/1668
f 377/854/1669 401/853/1670 413/882/1671 388/881/1672
f 389/883/1673 414/884/1674 415/885/1675 390/886/1676
f 390/887/1677 415/888/1678 417/889/1679 391/890/1680
f 391/890/1681 417/889/1682 418/891/1683 392/892/1684
f 392/893/1685 418/894/1686 419/895/1687 393/896/1688
f 393/896/1689 419/895/1690 420/897/1691 394/898/1692
f 394/898/1693 420/897/1694 421/899/1695 395/900/1696
f 395/900/1697 421/899/1698 422/901/1699 396/902/1700
f 396/903/1701 422/904/1702 423/905/1703 397/906/1704
f 397/906/1705 423/905/1706 424/907/1707 398/908/1708
f 398/909/1709 424/910/1710 425/911/1711 399/912/1712
f 399/912/1713 425/911/1714 426/913/1715 400/914/1716
f 400/914/1717 426/913/1718 414/884/1719 389/883/1720
f 305/915/1721 427/916/1722 428/917/1723 306/918/1724
f 318/919/1725 429/920/1726 430/921/1727 317/922/1728
f 306/923/1729 428/924/1730 431/925/1731 307/926/1732
f 319/927/1733 432/928/1734 429/929/1735 318/930/1736
f 307/926/1737 431/925/1738 433/931/1739 308/932/1740
f 320/933/1741 434/934/1742 432/928/1743 319/927/1744
f 308/935/1745 433/936/1746 435/937/1747 309/938/1748
f 321/939/1749 436/940/1750 434/941/1751 320/942/1752
f 309/938/1753 435/937/1754 437/943/1755 310/944/1756
f 322/945/1757 438/946/1758 436/940/1759 321/939/1760
f 310/944/1761 437/943/1762 439/947/1763 311/948/1764
f 323/949/1765 440/950/1766 438/946/1767 322/945/1768
f 311/948/1769 439/947/1770 441/951/1771 312/952/1772
f 324/953/1773 442/954/1774 440/950/1775 323/949/1776
f 312/955/1777 441/956/1778 443/957/1779 313/958/1780
f 325/959/1781 444/960/1782 442/961/1783 324/962/1784
f 313/958/1785 443/957/1786 445/963/1787 314/964/1788
f 326/965/1789 446/966/1790 444/960/1791 325/959/1792
f 314/967/1793 445/968/1794 447/969/1795 315/970/1796
f 327/971/1797 448/972/1798 446/973/1799 326/974/1800
f 315/970/1801 447/969/1802 449/975/1803 316/976/1804
f 328/977/1805 450/978/1806 448/972/1807 327/971/1808
f 316/976/1809 449/975/1810 427/916/1811 305/915/1812
f 317/922/1813 430/921/1814 450/978/1815 328/977/1816
f 427/979/1817 451/980/1818 452/981/1819 428/982/1820
f 429/983/1821 453/984/1822 454/985/1823 430/986/1824
f 428/982/1825 452/981/1826 455/987/1827 431/988/1828
f 432/989/1829 456/990/1830 453/984/1831 429/983/1832
f 431/988/1833 455/987/1834 457/991/1835 433/992/1836
f 434/993/1837 458/994/1838 456/990/1839 432/989/1840
f 433/992/1841 457/991/1842 459/995/1843 435/996/1844
f 436/997/1845 460/998/1846 458/994/1847 434/993/1848
f 435/996/1849 459/995/1850 461/999/1851 437/1000/1852
f 438/1001/1853 462/1002/1854 460/998/1855 436/997/1856
f 437/1000/1857 461/999/1858 463/1003/1859 439/1004/1860
f 440/1005/1861 464/1006/1862 462/1002/1863 438/1001/1864
f 439/1004/1865 463/1003/1866 465/1007/1867 441/1008/1868
f 442/1009/1869 466/1010/1870 464/1006/1871 440/1005/1872
f 441/1008/1873 465/1007/1874 467/1011/1875 443/1012/1876
f 444/1013/1877 468/1014/1878 466/1010/1879 442/1009/1880
f 443/1012/1881 467/1011/1882 469/1015/1883 445/1016/1884
f 446/1017/1885 470/1018/1886 468/1014/1887 444/1013/1888
f 445/1016/1889 469/1015/1890 471/1019/1891 447/1020/1892
f 448/1021/1893 472/1022/1894 470/1018/1895 446/1017/1896
f 447/1020/1897 471/1019/1898 473/1023/1899 449/1024/1900
f 450/1025/1901 474/1026/1902 472/1022/1903 448/1021/1904
f 449/1024/1905 473/1023/1906 451/980/1907 427/979/1908
f 430/986/1909 454/985/1910 474/1026/1911 450/1025/1912
f 487/1027/1913 514/1028/1914 513/1029/1915 488/1030/1916
f 475/1031/1917 499/1032/1918 503/1033/1919 478/1034/1920
f 476/1035/1921 475/1036/1922 479/1037/1923 480/1038/1924
f 490/1039/1925 487/1027/1926 488/1030/1927 489/1040/1928
f 482/1041/1929 478/1042/1930 477/1043/1931 481/1044/1932
f 479/1045/1933 475/1031/1934 478/1034/1935 482/1046/1936
f 477/1047/1937 485/1048/1938 484/1049/1939 481/1050/1940
f 480/1051/1941 483/1052/1942 486/1053/1943 476/1054/1944
f 485/1055/1945 489/1056/1946 488/1057/1947 484/1058/1948
f 483/1059/1949 487/1060/1950 490/1061/1951 486/1062/1952
f 493/1063/1953 479/1045/1954 482/1046/1955 497/1064/1956
f 515/1065/1957 490/1039/1958 489/1040/1959 517/1066/1960
f 491/1067/1961 508/1068/1962 483/1052/1963 492/1069/1964
f 492/1070/1965 493/1071/1966 494/1072/1967 491/1073/1968
f 495/1074/1969 484/1049/1970 507/1075/1971 496/1076/1972
f 496/1077/1973 498/1078/1974 497/1079/1975 495/1080/1976
f 499/1081/1977 501/1082/1978 502/1083/1979 500/1084/1980
f 501/1085/1981 509/1086/1982 510/1087/1983 502/1088/1984
f 504/1089/1985 505/1090/1986 506/1091/1987 503/1092/1988
f 505/1093/1989 511/1094/1990 512/1095/1991 506/1096/1992
f 484/1058/1993 488/1057/1994 513/1097/1995 507/1098/1996
f 508/1099/1997 514/1100/1998 487/1060/1999 483/1059/2000
f 509/1101/2001 515/1102/2002 516/1103/2003 510/1104/2004
f 511/1105/2005 518/1106/2006 517/1107/2007 512/1108/2008
f 491/1109/2009 494/1110/2010 498/1111/2011 496/1112/2012
f 502/1113/2013 505/1114/2014 504/1115/2015 500/1116/2016
f 495/1080/2017 497/1079/2018 482/1041/2019 481/1044/2020
f 480/1038/2021 479/1037/2022 493/1071/2023 492/1070/2024
f 501/1082/2025 499/1081/2026 475/1036/2027 476/1035/2028
f 478/1042/2029 503/1092/2030 506/1091/2031 477/1043/2032
f 481/1050/2033 484/1049/2034 495/1074/2035
f 496/1076/2036 507/1075/2037 508/1068/2038 491/1067/2039
f 492/1069/2040 483/1052/2041 480/1051/2042
f 502/1088/2043 510/1087/2044 511/1094/2045 505/1093/2046
f 506/1096/2047 512/1095/2048 485/1048/2049 477/1047/2050
f 476/1054/2051 486/1053/2052 509/1086/2053 501/1085/2054
f 507/1117/2055 513/1118/2056 514/1119/2057 508/1120/2058
f 510/1121/2059 516/1122/2060 518/1123/2061 511/1124/2062
f 512/1108/2063 517/1107/2064 489/1056/2065 485/1055/2066
f 486/1062/2067 490/1061/2068 515/1102/2069 509/1101/2070
f 499/1032/2071 500/1125/2072 504/1126/2073 503/1033/2074
f 493/1063/2075 497/1064/2076 498/1127/2077 494/1128/2078
f 515/1065/2079 517/1066/2080 518/1129/2081 516/1130/2082
f 519/1131/2083 531/1132/2084 532/1133/2085 520/1134/2086
f 520/1134/2087 532/1133/2088 533/1135/2089 521/1136/2090
f 521/1136/2091 533/1135/2092 534/1137/2093 522/1138/2094
f 522/1138/2095 534/1137/2096 535/1139/2097 523/1140/2098
f 523/1140/2099 535/1139/2100 536/1141/2101 524/1142/2102
f 524/1142/2103 536/1141/2104 537/1143/2105 525/1144/2106
f 525/1144/2107 537/1143/2108 538/1145/2109 526/1146/2110
f 526/1146/2111 538/1145/2112 539/1147/2113 527/1148/2114
f 527/1148/2115 539/1147/2116 540/1149/2117 528/1150/2118
f 528/1150/2119 540/1149/2120 541/1151/2121 529/1152/2122
f 529/1152/2123 541/1151/2124 542/1153/2125 530/1154/2126
f 530/1154/2127 542/1153/2128 531/1132/2129 519/1131/2130
f 531/1132/2131 543/1155/2132 544/1156/2133 532/1133/2134
f 532/1133/2135 544/1156/2136 545/1157/2137 533/1135/2138
f 533/1135/2139 545/1157/2140 546/1158/2141 534/1137/2142
f 534/1137/2143 546/1158/2144 547/1159/2145 535/1139/2146
f 535/1139/2147 547/1159/2148 548/1160/2149 536/1141/2150
f 536/1141/2151 548/1160/2152 549/1161/2153 537/1143/2154
f 537/1143/2155 549/1161/2156 550/1162/2157 538/1145/2158
f 538/1145/2159 550/1162/2160 551/1163/2161 539/1147/2162
f 539/1147/2163 551/1163/2164 552/1164/2165 540/1149/2166
f 540/1149/2167 552/1164/2168 553/1165/2169 541/1151/2170
f 541/1151/2171 553/1165/2172 554/1166/2173 542/1153/2174
f 542/1153/2175 554/1166/2176 543/1155/2177 531/1132/2178
f 543/1155/2179 555/1167/2180 556/1168/2181 544/1156/2182
f 544/1156/2183 556/1168/2184 557/1169/2185 545/1157/2186
f 545/1157/2187 557/1169/2188 558/1170/2189 546/1158/2190
f 546/1158/2191 558/1170/2192 559/1171/2193 547/1159/2194
f 547/1159/2195 559/1171/2196 560/1172/2197 548/1160/2198
f 548/1160/2199 560/1172/2200 561/1173/2201 549/1161/2202
f 549/1161/2203 561/1173/2204 562/1174/2205 550/1162/2206
f 550/1162/2207 562/1174/2208 563/1175/2209 551/1163/2210
f 551/1163/2211 563/1175/2212 564/1176/2213 552/1164/2214
f 552/1164/2215 564/1176/2216 565/1177/2217 553/1165/2218
f 553/1165/2219 565/1177/2220 566/1178/2221 554/1166/2222
f 554/1166/2223 566/1178/2224 555/1167/2225 543/1155/2226
f 555/1179/2227 567/1180/2228 568/1181/2229 556/1182/2230
f 556/1183/2231 568/1184/2232 569/1185/2233 557/1186/2234
f 557/1186/2235 569/1185/2236 570/1187/2237 558/1188/2238
f 558/1189/2239 570/1190/2240 571/1191/2241 559/1192/2242
f 559/1192/2243 571/1191/2244 572/1193/2245 560/1194/2246
f 560/1194/2247 572/1193/2248 573/1195/2249 561/1196/2250
f 561/1196/2251 573/1195/2252 574/1197/2253 562/1198/2254
f 562/1199/2255 574/1200/2256 575/1201/2257 563/1202/2258
f 563/1202/2259 575/1201/2260 576/1203/2261 564/1204/2262
f 564/1205/2263 576/1206/2264 577/1207/2265 565/1208/2266
f 565/1208/2267 577/1207/2268 578/1209/2269 566/1210/2270
f 566/1210/2271 578/1209/2272 567/1180/2273 555/1179/2274
f 641/1211/2275 644/1212/2276 643/1213/2277 642/1214/2278
f 642/1215/2279 643/1216/2280 646/1217/2281 645/1218/2282
f 645/1218/2283 646/1217/2284 648/1219/2285 647/1220/2286
f 647/1221/2287 648/1222/2288 650/1223/2289 649/1224/2290
f 649/1224/2291 650/1223/2292 652/1225/2293 651/1226/2294
f 651/1226/2295 652/1225/2296 654/1227/2297 653/1228/2298
f 653/1228/2299 654/1227/2300 656/1229/2301 655/1230/2302
f 655/1231/2303 656/1232/2304 658/1233/2305 657/1234/2306
f 657/1234/2307 658/1233/2308 660/1235/2309 659/1236/2310
f 659/1237/2311 660/1238/2312 662/1239/2313 661/1240/2314
f 661/1240/2315 662/1239/2316 664/1241/2317 663/1242/2318
f 663/1242/2319 664/1241/2320 644/1212/2321 641/1211/2322
f 644/1212/2323 666/1243/2324 665/1244/2325 643/1213/2326
f 643/1216/2327 665/1245/2328 667/1246/2329 646/1217/2330
f 646/1217/2331 667/1246/2332 668/1247/2333 648/1219/2334
f 648/1222/2335 668/1248/2336 669/1249/2337 650/1223/2338
f 650/1223/2339 669/1249/2340 670/1250/2341 652/1225/2342
f 652/1225/2343 670/1250/2344 671/1251/2345 654/1227/2346
f 654/1227/2347 671/1251/2348 672/1252/2349 656/1229/2350
f 656/1232/2351 672/1253/2352 673/1254/2353 658/1233/2354
f 658/1233/2355 673/1254/2356 674/1255/2357 660/1235/2358
f 660/1238/2359 674/1256/2360 675/1257/2361 662/1239/2362
f 662/1239/2363 675/1257/2364 676/1258/2365 664/1241/2366
f 664/1241/2367 676/1258/2368 666/1243/2369 644/1212/2370
f 579/1259/2371 591/1260/2372 592/1261/2373 580/1262/2374
f 580/1263/2375 592/1264/2376 593/1265/2377 581/1266/2378
f 581/1266/2379 593/1265/2380 594/1267/2381 582/1268/2382
f 582/1269/2383 594/1270/2384 595/1271/2385 583/1272/2386
f 583/1272/2387 595/1271/2388 596/1273/2389 584/1274/2390
f 584/1274/2391 596/1273/2392 597/1275/2393 585/1276/2394
f 585/1276/2395 597/1275/2396 598/1277/2397 586/1278/2398
f 586/1279/2399 598/1280/2400 599/1281/2401 587/1282/2402
f 587/1282/2403 599/1281/2404 600/1283/2405 588/1284/2406
f 588/1285/2407 600/1286/2408 601/1287/2409 589/1288/2410
f 589/1288/2411 601/1287/2412 602/1289/2413 590/1290/2414
f 590/1290/2415 602/1289/2416 591/1260/2417 579/1259/2418
f 591/1291/2419 603/1292/2420 604/1293/2421 592/1294/2422
f 592/1294/2423 604/1293/2424 605/1295/2425 593/1296/2426
f 593/1296/2427 605/1295/2428 606/1297/2429 594/1298/2430
f 594/1298/2431 606/1297/2432 607/1299/2433 595/1300/2434
f 595/1300/2435 607/1299/2436 608/1301/2437 596/1302/2438
f 596/1302/2439 608/1301/2440 609/1303/2441 597/1304/2442
f 597/1304/2443 609/1303/2444 610/1305/2445 598/1306/2446
f 598/1306/2447 610/1305/2448 611/1307/2449 599/1308/2450
f 599/1308/2451 611/1307/2452 612/1309/2453 600/1310/2454
f 600/1310/2455 612/1309/2456 613/1311/2457 601/1312/2458
f 601/1312/2459 613/1311/2460 614/1313/2461 602/1314/2462
f 602/1314/2463 614/1313/2464 603/1292/2465 591/1291/2466
f 603/1292/2467 615/1315/2468 616/1316/2469 604/1293/2470
f 604/1293/2471 616/1316/2472 617/1317/2473 605/1295/2474
f 605/1295/2475 617/1317/2476 618/1318/2477 606/1297/2478
f 606/1297/2479 618/1318/2480 619/1319/2481 607/1299/2482
f 607/1299/2483 619/1319/2484 620/1320/2485 608/1301/2486
f 608/1301/2487 620/1320/2488 621/1321/2489 609/1303/2490
f 609/1303/2491 621/1321/2492 622/1322/2493 610/1305/2494
f 610/1305/2495 622/1322/2496 623/1323/2497 611/1307/2498
f 611/1307/2499 623/1323/2500 624/1324/2501 612/1309/2502
f 612/1309/2503 624/1324/2504 625/1325/2505 613/1311/2506
f 613/1311/2507 625/1325/2508 626/1326/2509 614/1313/2510
f 614/1313/2511 626/1326/2512 615/1315/2513 603/1292/2514
f 677/1327/2515 680/1328/2516 679/1329/2517 678/1330/2518
f 678/1330/2519 679/1329/2520 682/1331/2521 681/1332/2522
f 681/1332/2523 682/1331/2524 684/1333/2525 683/1334/2526
f 683/1334/2527 684/1333/2528 686/1335/2529 685/1336/2530
f 685/1336/2531 686/1335/2532 688/1337/2533 687/1338/2534
f 687/1338/2535 688/1337/2536 690/1339/2537 689/1340/2538
f 689/1340/2539 690/1339/2540 692/1341/2541 691/1342/2542
f 691/1342/2543 692/1341/2544 694/1343/2545 693/1344/2546
f 693/1344/2547 694/1343/2548 696/1345/2549 695/1346/2550
f 695/1346/2551 696/1345/2552 698/1347/2553 697/1348/2554
f 697/1348/2555 698/1347/2556 700/1349/2557 699/1350/2558
f 699/1350/2559 700/1349/2560 680/1328/2561 677/1327/2562
f 520/1134/2563 639/1351/2564 519/1131/2565
f 521/1136/2566 639/1351/2567 520/1134/2568
f 522/1138/2569 639/1351/2570 521/1136/2571
f 523/1140/2572 639/1351/2573 522/1138/2574
f 524/1142/2575 639/1351/2576 523/1140/2577
f 525/1144/2578 639/1351/2579 524/1142/2580
f 526/1146/2581 639/1351/2582 525/1144/2583
f 527/1148/2584 639/1351/2585 526/1146/2586
f 528/1150/2587 639/1351/2588 527/1148/2589
f 529/1152/2590 639/1351/2591 528/1150/2592
f 530/1154/2593 639/1351/2594 529/1152/2595
f 519/1131/2596 639/1351/2597 530/1154/2598
f 627/1352/2599 640/1353/2600 628/1354/2601
f 628/1354/2602 640/1353/2603 629/1355/2604
f 629/1355/2605 640/1353/2606 630/1356/2607
f 630/1356/2608 640/1353/2609 631/1357/2610
f 631/1357/2611 640/1353/2612 632/1358/2613
f 632/1358/2614 640/1353/2615 633/1359/2616
f 633/1359/2617 640/1353/2618 634/1360/2619
f 634/1360/2620 640/1353/2621 635/1361/2622
f 635/1361/2623 640/1353/2624 636/1362/2625
f 636/1362/2626 640/1353/2627 637/1363/2628
f 637/1363/2629 640/1353/2630 638/1364/2631
f 638/1364/2632 640/1353/2633 627/1352/2634
f 567/1365/2635 641/1366/2636 642/1367/2637 568/1368/2638
f 568/1368/2639 642/1367/2640 645/1369/2641 569/1370/2642
f 569/1370/2643 645/1369/2644 647/1371/2645 570/1372/2646
f 570/1372/2647 647/1371/2648 649/1373/2649 571/1374/2650
f 571/1374/2651 649/1373/2652 651/1375/2653 572/1376/2654
f 572/1376/2655 651/1375/2656 653/1377/2657 573/1378/2658
f 573/1378/2659 653/1377/2660 655/1379/2661 574/1380/2662
f 574/1380/2663 655/1379/2664 657/1381/2665 575/1382/2666
f 575/1382/2667 657/1381/2668 659/1383/2669 576/1384/2670
f 576/1384/2671 659/1383/2672 661/1385/2673 577/1386/2674
f 577/1386/2675 661/1385/2676 663/1387/2677 578/1388/2678
f 578/1388/2679 663/1387/2680 641/1366/2681 567/1365/2682
f 580/1389/2683 665/1390/2684 666/1391/2685 579/1392/2686
f 581/1393/2687 667/1394/2688 665/1390/2689 580/1389/2690
f 582/1395/2691 668/1396/2692 667/1394/2693 581/1393/2694
f 583/1397/2695 669/1398/2696 668/1396/2697 582/1395/2698
f 584/1399/2699 670/1400/2700 669/1398/2701 583/1397/2702
f 585/1401/2703 671/1402/2704 670/1400/2705 584/1399/2706
f 586/1403/2707 672/1404/2708 671/1402/2709 585/1401/2710
f 587/1405/2711 673/1406/2712 672/1404/2713 586/1403/2714
f 588/1407/2715 674/1408/2716 673/1406/2717 587/1405/2718
f 589/1409/2719 675/1410/2720 674/1408/2721 588/1407/2722
f 590/1411/2723 676/1412/2724 675/1410/2725 589/1409/2726
f 579/1392/2727 666/1391/2728 676/1412/2729 590/1411/2730
f 615/1413/2731 677/1414/2732 678/1415/2733 616/1416/2734
f 628/1417/2735 679/1418/2736 680/1419/2737 627/1420/2738
f 616/1421/2739 678/1422/2740 681/1423/2741 617/1424/2742
f 629/1425/2743 682/1426/2744 679/1427/2745 628/1428/2746
f 617/1424/2747 681/1423/2748 683/1429/2749 618/1430/2750
f 630/1431/2751 684/1432/2752 682/1426/2753 629/1425/2754
f 618/1433/2755 683/1434/2756 685/1435/2757 619/1436/2758
f 631/1437/2759 686/1438/2760 684/1439/2761 630/1440/2762
f 619/1436/2763 685/1435/2764 687/1441/2765 620/1442/2766
f 632/1443/2767 688/1444/2768 686/1438/2769 631/1437/2770
f 620/1442/2771 687/1441/2772 689/1445/2773 621/1446/2774
f 633/1447/2775 690/1448/2776 688/1444/2777 632/1443/2778
f 621/1446/2779 689/1445/2780 691/1449/2781 622/1450/2782
f 634/1451/2783 692/1452/2784 690/1448/2785 633/1447/2786
f 622/1453/2787 691/1454/2788 693/1455/2789 623/1456/2790
f 635/1457/2791 694/1458/2792 692/1459/2793 634/1460/2794
f 623/1456/2795 693/1455/2796 695/1461/2797 624/1462/2798
f 636/1463/2799 696/1464/2800 694/1458/2801 635/1457/2802
f 624/1465/2803 695/1466/2804 697/1467/2805 625/1468/2806
f 637/1469/2807 698/1470/2808 696/1471/2809 636/1472/2810
f 625/1468/2811 697/1467/2812 699/1473/2813 626/1474/2814
f 638/1475/2815 700/1476/2816 698/1470/2817 637/1469/2818
f 626/1474/2819 699/1473/2820 677/1414/2821 615/1413/2822
f 627/1420/2823 680/1419/2824 700/1476/2825 638/1475/2826
f 712/1477/2827 716/1478/2828 714/1479/2829 710/1480/2830
f 717/1481/2831 718/1482/2832 722/1483/2833 721/1484/2834
f 720/1485/2835 724/1486/2836 722/1487/2837 718/1488/2838
f 708/1489/2839 707/1490/2840 721/1491/2841 723/1492/2842
f 717/1493/2843 706/1494/2844 705/1495/2845 719/1496/2846
f 701/1497/2847 702/1498/2848 711/1499/2849 709/1500/2850
f 715/1501/2851 703/1502/2852 704/1503/2853 713/1504/2854
f 709/1505/2855 710/1506/2856 714/1507/2857 713/1508/2858
f 705/1495/2859 706/1494/2860 702/1498/2861 701/1497/2862
f 702/1509/2863 706/1510/2864 707/1511/2865 703/1512/2866
f 704/1503/2867 703/1502/2868 707/1490/2869 708/1489/2870
f 705/1513/2871 701/1514/2872 704/1515/2873 708/1516/2874
f 711/1517/2875 702/1509/2876 703/1512/2877 715/1518/2878
f 719/1519/2879 723/1520/2880 724/1521/2881 720/1522/2882
f 709/1500/2883 711/1499/2884 712/1523/2885 710/1524/2886
f 714/1525/2887 716/1526/2888 715/1501/2889 713/1504/2890
f 717/1493/2891 719/1496/2892 720/1527/2893 718/1528/2894
f 722/1529/2895 724/1530/2896 723/1492/2897 721/1491/2898
f 711/1517/2899 715/1518/2900 716/1531/2901 712/1532/2902
f 706/1510/2903 717/1481/2904 721/1484/2905 707/1511/2906
f 719/1519/2907 705/1513/2908 708/1516/2909 723/1520/2910
f 701/1514/2911 709/1505/2912 713/1508/2913 704/1515/2914
f 725/1533/2915 733/1534/2916 734/1535/2917 726/1536/2918
f 726/1536/2919 734/1535/2920 735/1537/2921 727/1538/2922
f 727/1539/2923 735/1540/2924 736/1541/2925 728/1542/2926
f 728/1542/2927 736/1541/2928 737/1543/2929 729/1544/2930
f 729/1545/2931 737/1546/2932 738/1547/2933 730/1548/2934
f 730/1548/2935 738/1547/2936 739/1549/2937 731/1550/2938
f 731/1551/2939 739/1552/2940 740/1553/2941 732/1554/2942
f 732/1554/2943 740/1553/2944 733/1555/2945 725/1556/2946
f 726/1557/2947 741/1558/2948 725/1559/2949
f 727/1560/2950 741/1558/2951 726/1557/2952
f 728/1561/2953 741/1558/2954 727/1560/2955
f 729/1562/2956 741/1558/2957 728/1561/2958
f 730/1563/2959 741/1558/2960 729/1562/2961
f 731/1564/2962 741/1558/2963 730/1563/2964
f 732/1565/2965 741/1558/2966 731/1564/2967
f 725/1559/2968 741/1558/2969 732/1565/2970
f 733/1566/2971 742/1567/2972 734/1568/2973
f 734/1568/2974 742/1567/2975 735/1569/2976
f 735/1569/2977 742/1567/2978 736/1570/2979
f 736/1570/2980 742/1567/2981 737/1571/2982
f 737/1571/2983 742/1567/2984 738/1572/2985
f 738/1572/2986 742/1567/2987 739/1573/2988
f 739/1573/2989 742/1567/2990 740/1574/2991
f 740/1574/2992 742/1567/2993 733/1566/2994
f 743/1575/2995 745/1576/2996 746/1577/2997 744/1578/2998
f 745/1579/2999 747/1580/3000 748/1581/3001 746/1582/3002
f 747/1583/3003 749/1584/3004 750/1585/3005 748/1586/3006
f 749/1587/3007 743/1588/3008 744/1589/3009 750/1590/3010
f 744/1591/3011 746/1592/3012 748/1593/3013 750/1594/3014
f 749/1595/3015 747/1596/3016 745/1597/3017 743/1598/3018
f 751/1599/3019 759/1600/3020 760/1601/3021 752/1602/3022
f 752/1602/3023 760/1601/3024 761/1603/3025 753/1604/3026
f 753/1605/3027 761/1606/3028 762/1607/3029 754/1608/3030
f 754/1608/3031 762/1607/3032 763/1609/3033 755/1610/3034
f 755/1611/3035 763/1612/3036 764/1613/3037 756/1614/3038
f 756/1614/3039 764/1613/3040 765/1615/3041 757/1616/3042
f 757/1617/3043 765/1618/3044 766/1619/3045 758/1620/3046
f 758/1620/3047 766/1619/3048 759/1621/3049 751/1622/3050
f 752/1623/3051 767/1624/3052 751/1625/3053
f 753/1626/3054 767/1624/3055 752/1623/3056
f 754/1627/3057 767/1624/3058 753/1626/3059
f 755/1628/3060 767/1624/3061 754/1627/3062
f 756/1629/3063 767/1624/3064 755/1628/3065
f 757/1630/3066 767/1624/3067 756/1629/3068
f 758/1631/3069 767/1624/3070 757/1630/3071
f 751/1625/3072 767/1624/3073 758/1631/3074
f 759/1632/3075 768/1633/3076 760/1634/3077
f 760/1634/3078 768/1633/3079 761/1635/3080
f 761/1635/3081 768/1633/3082 762/1636/3083
f 762/1636/3084 768/1633/3085 763/1637/3086
f 763/1637/3087 768/1633/3088 764/1638/3089
f 764/1638/3090 768/1633/3091 765/1639/3092
f 765/1639/3093 768/1633/3094 766/1640/3095
f 766/1640/3096 768/1633/3097 759/1632/3098
f 769/1641/3099 771/1642/3100 772/1643/3101 770/1644/3102
f 771/1645/3103 773/1646/3104 774/1647/3105 772/1648/3106
f 773/1649/3107 775/1650/3108 776/1651/3109 774/1652/3110
f 775/1653/3111 769/1654/3112 770/1655/3113 776/1656/3114
f 770/1657/3115 772/1658/3116 774/1659/3117 776/1660/3118
f 775/1661/3119 773/1662/3120 771/1663/3121 769/1664/3122
usemtl arma:pCube1SG1
f 788/1665/3123 785/1666/3124 778/1667/3125 780/1668/3126
f 787/1669/3127 788/1665/3128 780/1668/3129 782/1670/3130
f 786/1671/3131 787/1669/3132 782/1670/3133 784/1672/3134
f 786/1673/3135 784/1674/3136 778/1667/3137 785/1666/3138 808/1675/3139 807/1676/3140
f 801/1677/3141 802/1678/3142 803/1679/3143 804/1680/3144
f 790/1681/3145 791/1682/3146 787/1669/3147 786/1671/3148
f 791/1682/3149 792/1683/3150 788/1665/3151 787/1669/3152
f 792/1683/3153 789/1684/3154 785/1666/3155 788/1665/3156
f 794/1685/3157 795/1686/3158 791/1682/3159 790/1681/3160
f 795/1686/3161 796/1687/3162 792/1683/3163 791/1682/3164
f 796/1687/3165 793/1688/3166 789/1684/3167 792/1683/3168
f 809/1689/3169 810/1690/3170 811/1691/3171 812/1692/3172
f 798/1693/3173 799/1694/3174 795/1686/3175 794/1685/3176
f 799/1694/3177 800/1695/3178 796/1687/3179 795/1686/3180
f 800/1695/3181 797/1696/3182 793/1688/3183 796/1687/3184
f 781/1697/3185 799/1694/3186 798/1693/3187 783/1698/3188
f 779/1699/3189 800/1695/3190 799/1694/3191 781/1697/3192
f 777/1700/3193 797/1696/3194 800/1695/3195 779/1699/3196
f 805/1701/3197 806/1702/3198 802/1678/3199 801/1677/3200
f 806/1703/3201 807/1704/3202 803/1679/3203 802/1678/3204
f 807/1705/3205 808/1706/3206 804/1680/3207 803/1679/3208
f 808/1707/3209 805/1708/3210 801/1677/3211 804/1680/3212
f 813/1709/3213 814/1710/3214 810/1690/3215 809/1689/3216
f 814/1711/3217 815/1712/3218 811/1691/3219 810/1690/3220
f 815/1713/3221 816/1714/3222 812/1692/3223 811/1691/3224
f 816/1715/3225 813/1716/3226 809/1689/3227 812/1692/3228
f 790/1717/3229 806/1718/3230 805/1719/3231 789/1684/3232 793/1688/3233 816/1720/3234 815/1721/3235 794/1722/3236
f 790/1681/3237 786/1671/3238 807/1723/3239 806/1724/3240
f 785/1725/3241 789/1726/3242 805/1708/3243 808/1707/3244
f 798/1727/3245 814/1728/3246 813/1729/3247 797/1696/3248 777/1700/3249 783/1730/3250
f 798/1693/3251 794/1685/3252 815/1731/3253 814/1732/3254
f 793/1733/3255 797/1734/3256 813/1716/3257 816/1715/3258
f 783/1735/3259 777/1736/3260 818/1737/3261 817/1738/3262
f 777/1736/3263 779/1739/3264 819/1740/3265 818/1737/3266
f 779/1739/3267 781/1741/3268 820/1742/3269 819/1740/3270
f 781/1741/3271 783/1735/3272 817/1738/3273 820/1742/3274
f 817/1743/3275 818/1744/3276 822/1745/3277 821/1746/3278
f 818/1747/3279 819/1748/3280 823/1749/3281 822/1750/3282
f 819/1748/3283 820/1751/3284 824/1752/3285 823/1749/3286
f 820/1751/3287 817/1743/3288 821/1746/3289 824/1752/3290
f 780/1753/3291 778/1754/3292 822/1755/3293 823/1756/3294
f 778/1757/3295 784/1758/3296 821/1759/3297 822/1760/3298
f 784/1758/3299 782/1761/3300 824/1762/3301 821/1759/3302
f 782/1761/3303 780/1753/3304 823/1756/3305 824/1762/3306
usemtl arma:pPlane3SG1
f 825/1763/3307 826/1764/3308 828/1765/3309 827/1766/3310
usemtl arma:polySurface17SG
f 829/1767/3311 837/1768/3312 838/1769/3313 830/1770/3314
f 830/1770/3315 838/1769/3316 839/1771/3317 831/1772/3318
f 831/1773/3319 839/1774/3320 840/1775/3321 832/1776/3322
f 832/1776/3323 840/1775/3324 841/1777/3325 833/1778/3326
f 833/1779/3327 841/1780/3328 842/1781/3329 834/1782/3330
f 834/1782/3331 842/1781/3332 843/1783/3333 835/1784/3334
f 835/1785/3335 843/1786/3336 844/1787/3337 836/1788/3338
f 836/1788/3339 844/1787/3340 837/1789/3341 829/1790/3342
f 830/1791/3343 845/1792/3344 829/1793/3345
f 831/1794/3346 845/1792/3347 830/1791/3348
f 832/1795/3349 845/1792/3350 831/1794/3351
f 833/1796/3352 845/1792/3353 832/1795/3354
f 834/1797/3355 845/1792/3356 833/1796/3357
f 835/1798/3358 845/1792/3359 834/1797/3360
f 836/1799/3361 845/1792/3362 835/1798/3363
f 829/1793/3364 845/1792/3365 836/1799/3366
f 837/1800/3367 846/1801/3368 838/1802/3369
f 838/1802/3370 846/1801/3371 839/1803/3372
f 839/1803/3373 846/1801/3374 840/1804/3375
f 840/1804/3376 846/1801/3377 841/1805/3378
f 841/1805/3379 846/1801/3380 842/1806/3381
f 842/1806/3382 846/1801/3383 843/1807/3384
f 843/1807/3385 846/1801/3386 844/1808/3387
f 844/1808/3388 846/1801/3389 837/1800/3390
f 847/1809/3391 849/1810/3392 850/1811/3393 848/1812/3394
f 849/1813/3395 851/1814/3396 852/1815/3397 850/1816/3398
f 851/1817/3399 853/1818/3400 854/1819/3401 852/1820/3402
f 853/1821/3403 847/1822/3404 848/1823/3405 854/1824/3406
f 848/1825/3407 850/1826/3408 852/1827/3409 854/1828/3410
f 853/1829/3411 851/1830/3412 849/1831/3413 847/1832/3414
f 855/1833/3415 863/1834/3416 864/1835/3417 856/1836/3418
f 856/1836/3419 864/1835/3420 865/1837/3421 857/1838/3422
f 857/1839/3423 865/1840/3424 866/1841/3425 858/1842/3426
f 858/1842/3427 866/1841/3428 867/1843/3429 859/1844/3430
f 859/1845/3431 867/1846/3432 868/1847/3433 860/1848/3434
f 860/1848/3435 868/1847/3436 869/1849/3437 861/1850/3438
f 861/1851/3439 869/1852/3440 870/1853/3441 862/1854/3442
f 862/1854/3443 870/1853/3444 863/1855/3445 855/1856/3446
f 856/1857/3447 871/1858/3448 855/1859/3449
f 857/1860/3450 871/1858/3451 856/1857/3452
f 858/1861/3453 871/1858/3454 857/1860/3455
f 859/1862/3456 871/1858/3457 858/1861/3458
f 860/1863/3459 871/1858/3460 859/1862/3461
f 861/1864/3462 871/1858/3463 860/1863/3464
f 862/1865/3465 871/1858/3466 861/1864/3467
f 855/1859/3468 871/1858/3469 862/1865/3470
f 863/1866/3471 872/1867/3472 864/1868/3473
f 864/1868/3474 872/1867/3475 865/1869/3476
f 865/1869/3477 872/1867/3478 866/1870/3479
f 866/1870/3480 872/1867/3481 867/1871/3482
f 867/1871/3483 872/1867/3484 868/1872/3485
f 868/1872/3486 872/1867/3487 869/1873/3488
f 869/1873/3489 872/1867/3490 870/1874/3491
f 870/1874/3492 872/1867/3493 863/1866/3494
f 873/1875/3495 875/1876/3496 876/1877/3497 874/1878/3498
f 875/1879/3499 877/1880/3500 878/1881/3501 876/1882/3502
f 877/1883/3503 879/1884/3504 880/1885/3505 878/1886/3506
f 879/1887/3507 873/1888/3508 874/1889/3509 880/1890/3510
f 874/1891/3511 876/1892/3512 878/1893/3513 880/1894/3514
f 879/1895/3515 877/1896/3516 875/1897/3517 873/1898/3518
f 881/1899/3519 889/1900/3520 890/1901/3521 882/1902/3522
f 882/1902/3523 890/1901/3524 891/1903/3525 883/1904/3526
f 883/1905/3527 891/1906/3528 892/1907/3529 884/1908/3530
f 884/1908/3531 892/1907/3532 893/1909/3533 885/1910/3534
f 885/1911/3535 893/1912/3536 894/1913/3537 886/1914/3538
f 886/1914/3539 894/1913/3540 895/1915/3541 887/1916/3542
f 887/1917/3543 895/1918/3544 896/1919/3545 888/1920/3546
f 888/1920/3547 896/1919/3548 889/1921/3549 881/1922/3550
f 882/1923/3551 897/1924/3552 881/1925/3553
f 883/1926/3554 897/1924/3555 882/1923/3556
f 884/1927/3557 897/1924/3558 883/1926/3559
f 885/1928/3560 897/1924/3561 884/1927/3562
f 886/1929/3563 897/1924/3564 885/1928/3565
f 887/1930/3566 897/1924/3567 886/1929/3568
f 888/1931/3569 897/1924/3570 887/1930/3571
f 881/1925/3572 897/1924/3573 888/1931/3574
f 889/1932/3575 898/1933/3576 890/1934/3577
f 890/1934/3578 898/1933/3579 891/1935/3580
f 891/1935/3581 898/1933/3582 892/1936/3583
f 892/1936/3584 898/1933/3585 893/1937/3586
f 893/1937/3587 898/1933/3588 894/1938/3589
f 894/1938/3590 898/1933/3591 895/1939/3592
f 895/1939/3593 898/1933/3594 896/1940/3595
f 896/1940/3596 898/1933/3597 889/1932/3598
f 899/1941/3599 901/1942/3600 902/1943/3601 900/1944/3602
f 901/1945/3603 903/1946/3604 904/1947/3605 902/1948/3606
f 903/1949/3607 905/1950/3608 906/1951/3609 904/1952/3610
f 905/1953/3611 899/1954/3612 900/1955/3613 906/1956/3614
f 900/1957/3615 902/1958/3616 904/1959/3617 906/1960/3618
f 905/1961/3619 903/1962/3620 901/1963/3621 899/1964/3622
usemtl arma:pPlane2SG1
f 907/1965/3623 908/1966/3624 910/1967/3625 909/1968/3626
f 914/1969/3627 911/1970/3628 912/1971/3629 913/1972/3630
f 913/1972/3631 915/1973/3632 916/1974/3633 914/1969/3634
f 909/1968/3635 916/1974/3636 915/1973/3637 917/1975/3638
f 917/1975/3639 918/1976/3640 907/1965/3641 909/1968/3642
f 909/1968/3643 910/1967/3644 919/1977/3645 916/1974/3646
f 920/1978/3647 914/1969/3648 916/1974/3649 919/1977/3650
f 911/1970/3651 914/1969/3652 920/1978/3653 921/1979/3654
f 923/1980/3655 922/1981/3656 907/1965/3657 918/1976/3658
f 927/1982/3659 924/1983/3660 925/1984/3661 926/1985/3662
f 925/1984/3663 922/1981/3664 923/1980/3665 926/1985/3666
f 924/1983/3667 928/1986/3668 929/1987/3669 925/1984/3670
f 925/1984/3671 929/1987/3672 930/1988/3673 922/1981/3674
f 930/1988/3675 908/1966/3676 907/1965/3677 922/1981/3678
f 928/1986/3679 931/1989/3680 932/1990/3681 929/1987/3682
f 929/1987/3683 932/1990/3684 933/1991/3685 930/1988/3686
f 934/1992/3687 908/1966/3688 930/1988/3689 933/1991/3690
f 934/1992/3691 935/1993/3692 910/1967/3693 908/1966/3694
f 910/1967/3695 935/1993/3696 936/1994/3697 919/1977/3698
f 937/1995/3699 920/1978/3700 919/1977/3701 936/1994/3702
f 920/1978/3703 937/1995/3704 938/1996/3705 921/1979/3706
f 990/1997/3707 989/1998/3708 991/1999/3709 992/2000/3710
f 913/2001/3711 912/2002/3712 939/2003/3713 940/2004/3714
f 915/2005/3715 913/2001/3716 940/2004/3717 941/2006/3718
f 917/2007/3719 915/2005/3720 941/2006/3721 942/2008/3722
f 918/2009/3723 917/2007/3724 942/2008/3725 943/2010/3726
f 989/1998/3727 993/2011/3728 994/2012/3729 991/1999/3730
f 923/2013/3731 918/2009/3732 943/2010/3733 944/2014/3734
f 924/2015/3735 927/2016/3736 945/2017/3737 946/2018/3738
f 927/2019/3739 926/2020/3740 947/2021/3741 945/2022/3742
f 926/2020/3743 923/2013/3744 944/2014/3745 947/2021/3746
f 928/2023/3747 924/2015/3748 946/2018/3749 948/2024/3750
f 931/2025/3751 928/2023/3752 948/2024/3753 949/2026/3754
f 932/2027/3755 931/2025/3756 949/2026/3757 950/2028/3758
f 933/2029/3759 932/2027/3760 950/2028/3761 951/2030/3762
f 934/2031/3763 933/2029/3764 951/2030/3765 952/2032/3766
f 935/2033/3767 934/2031/3768 952/2032/3769 953/2034/3770
f 936/2035/3771 935/2033/3772 953/2034/3773 954/2036/3774
f 937/2037/3775 936/2035/3776 954/2036/3777 955/2038/3778
f 938/2039/3779 937/2037/3780 955/2038/3781 956/2040/3782
f 993/2011/3783 995/2041/3784 996/2042/3785 994/2012/3786
f 957/2043/3787 959/2044/3788 960/2045/3789 958/2046/3790
f 964/2047/3791 963/2048/3792 962/2049/3793 961/2050/3794
f 963/2048/3795 964/2047/3796 966/2051/3797 965/2052/3798
f 959/2044/3799 967/2053/3800 965/2052/3801 966/2051/3802
f 967/2053/3803 959/2044/3804 957/2043/3805 968/2054/3806
f 959/2044/3807 966/2051/3808 969/2055/3809 960/2045/3810
f 970/2056/3811 969/2055/3812 966/2051/3813 964/2047/3814
f 961/2050/3815 971/2057/3816 970/2056/3817 964/2047/3818
f 973/2058/3819 968/2054/3820 957/2043/3821 972/2059/3822
f 977/2060/3823 976/2061/3824 975/2062/3825 974/2063/3826
f 975/2062/3827 976/2061/3828 973/2058/3829 972/2059/3830
f 974/2063/3831 975/2062/3832 979/2064/3833 978/2065/3834
f 975/2062/3835 972/2059/3836 980/2066/3837 979/2064/3838
f 980/2066/3839 972/2059/3840 957/2043/3841 958/2046/3842
f 978/2065/3843 979/2064/3844 982/2067/3845 981/2068/3846
f 979/2064/3847 980/2066/3848 983/2069/3849 982/2067/3850
f 984/2070/3851 983/2069/3852 980/2066/3853 958/2046/3854
f 984/2070/3855 958/2046/3856 960/2045/3857 985/2071/3858
f 960/2045/3859 969/2055/3860 986/2072/3861 985/2071/3862
f 987/2073/3863 986/2072/3864 969/2055/3865 970/2056/3866
f 970/2056/3867 971/2057/3868 988/2074/3869 987/2073/3870
f 997/2075/3871 992/2000/3872 991/1999/3873 998/2076/3874
f 963/2077/3875 940/2004/3876 939/2003/3877 962/2078/3878
f 965/2079/3879 941/2006/3880 940/2004/3881 963/2077/3882
f 967/2080/3883 942/2008/3884 941/2006/3885 965/2079/3886
f 968/2081/3887 943/2010/3888 942/2008/3889 967/2080/3890
f 998/2076/3891 991/1999/3892 994/2012/3893 999/2082/3894
f 973/2083/3895 944/2014/3896 943/2010/3897 968/2081/3898
f 974/2084/3899 946/2018/3900 945/2017/3901 977/2085/3902
f 977/2086/3903 945/2022/3904 947/2021/3905 976/2087/3906
f 976/2087/3907 947/2021/3908 944/2014/3909 973/2083/3910
f 978/2088/3911 948/2024/3912 946/2018/3913 974/2084/3914
f 981/2089/3915 949/2026/3916 948/2024/3917 978/2088/3918
f 982/2090/3919 950/2028/3920 949/2026/3921 981/2089/3922
f 983/2091/3923 951/2030/3924 950/2028/3925 982/2090/3926
f 984/2092/3927 952/2032/3928 951/2030/3929 983/2091/3930
f 985/2093/3931 953/2034/3932 952/2032/3933 984/2092/3934
f 986/2094/3935 954/2036/3936 953/2034/3937 985/2093/3938
f 987/2095/3939 955/2038/3940 954/2036/3941 986/2094/3942
f 988/2096/3943 956/2040/3944 955/2038/3945 987/2095/3946
f 999/2082/3947 994/2012/3948 996/2042/3949 1000/2097/3950
f 912/1971/3951 911/1970/3952 989/2098/3953 990/2099/3954
f 939/2003/3955 912/2002/3956 990/1997/3957 992/2000/3958
f 911/1970/3959 921/1979/3960 993/2100/3961 989/2098/3962
f 921/1979/3963 938/1996/3964 995/2101/3965 993/2100/3966
f 938/2039/3967 956/2040/3968 996/2042/3969 995/2041/3970
f 962/2078/3971 939/2003/3972 992/2000/3973 997/2075/3974
f 961/2050/3975 962/2049/3976 997/2102/3977 998/2103/3978
f 971/2057/3979 961/2050/3980 998/2103/3981 999/2104/3982
f 956/2040/3983 988/2096/3984 1000/2097/3985 996/2042/3986
f 988/2074/3987 971/2057/3988 999/2104/3989 1000/2105/3990
usemtl arma:pPlane1SG1
f 1004/2106/3991 1012/2107/3992 1013/2108/3993 1003/2109/3994
f 1008/2110/3995 1005/2111/3996 1006/2112/3997 1007/2113/3998
f 1007/2113/3999 1006/2112/4000 1004/2106/4001 1003/2109/4002
f 1005/2111/4003 1009/2114/4004 1010/2115/4005 1006/2112/4006
f 1011/2116/4007 1004/2106/4008 1006/2112/4009 1010/2115/4010
f 1028/2117/4011 1019/2118/4012 1001/2119/4013 1002/2120/4014
f 1011/2116/4015 1012/2107/4016 1004/2106/4017
f 1010/2115/4018 1014/2121/4019 1012/2107/4020 1011/2116/4021
f 1014/2121/4022 1015/2122/4023 1016/2123/4024 1012/2107/4025
f 1020/2124/4026 1017/2125/4027 1018/2126/4028 1019/2118/4029
f 1018/2126/4030 1021/2127/4031 1001/2119/4032 1019/2118/4033
f 1019/2118/4034 1022/2128/4035 1023/2129/4036 1020/2124/4037
f 1025/2130/4038 1023/2129/4039 1022/2128/4040 1024/2131/4041
f 1016/2123/4042 1015/2122/4043 1025/2130/4044 1024/2131/4045
f 1013/2108/4046 1012/2107/4047 1016/2123/4048 1029/2132/4049
f 1026/2133/4050 1024/2131/4051 1022/2128/4052 1027/2134/4053
f 1027/2134/4054 1022/2128/4055 1019/2118/4056 1028/2117/4057
f 1029/2132/4058 1016/2123/4059 1024/2131/4060 1026/2133/4061
f 1031/2135/4062 1030/2136/4063 1002/2120/4064 1001/2119/4065
f 1001/2119/4066 1021/2127/4067 1032/2137/4068 1031/2135/4069
f 1034/2138/4070 1031/2135/4071 1032/2137/4072 1033/2139/4073
f 1030/2136/4074 1031/2135/4075 1034/2138/4076 1035/2140/4077
f 1033/2139/4078 1088/2141/4079 1089/2142/4080 1038/2143/4081
f 1038/2143/4082 1089/2142/4083 1090/2144/4084 1040/2145/4085
f 1041/2146/4086 1034/2138/4087 1033/2139/4088 1038/2143/4089
f 1041/2146/4090 1038/2143/4091 1040/2145/4092 1042/2147/4093
f 1041/2146/4094 1043/2148/4095 1035/2140/4096 1034/2138/4097
f 1043/2148/4098 1041/2146/4099 1042/2147/4100 1044/2149/4101
f 1042/2147/4102 1045/2150/4103 1046/2151/4104 1044/2149/4105
f 1076/2152/4106 1077/2153/4107 1047/2154/4108 1048/2155/4109
f 1040/2145/4110 1049/2156/4111 1045/2150/4112 1042/2147/4113
f 1047/2154/4114 1077/2153/4115 1078/2157/4116 1050/2158/4117
f 1040/2145/4118 1090/2144/4119 1091/2159/4120 1049/2156/4121
f 1092/2160/4122 1093/2161/4123 1050/2158/4124 1078/2157/4125
f 1054/2162/4126 1037/2163/4127 1036/2164/4128 1053/2165/4129
f 1053/2165/4130 1055/2166/4131 1056/2167/4132 1054/2162/4133
f 1058/2168/4134 1057/2169/4135 1056/2167/4136 1055/2166/4137
f 1058/2168/4138 1059/2170/4139 1060/2171/4140 1057/2169/4141
f 1059/2170/4142 1061/2172/4143 1062/2173/4144 1060/2171/4145
f 1061/2172/4146 1063/2174/4147 1064/2175/4148 1062/2173/4149
f 1066/2176/4150 1064/2175/4151 1063/2174/4152 1065/2177/4153
f 1068/2178/4154 1066/2176/4155 1065/2177/4156 1067/2179/4157
f 1068/2178/4158 1067/2179/4159 1069/2180/4160 1070/2181/4161
f 1070/2181/4162 1069/2180/4163 1071/2182/4164 1072/2183/4165
f 1074/2184/4166 1072/2183/4167 1071/2182/4168 1073/2185/4169
f 1052/2186/4170 1075/2187/4171 1074/2184/4172 1073/2185/4173
f 1045/2150/4174 1077/2153/4175 1076/2152/4176 1046/2151/4177
f 1078/2157/4178 1077/2153/4179 1045/2150/4180 1049/2156/4181
f 1091/2159/4182 1092/2160/4183 1078/2157/4184 1049/2156/4185
f 1114/2188/4186 1115/2189/4187 1079/2190/4188 1080/2191/4189
f 1082/2192/4190 1081/2193/4191 1036/2164/4192 1037/2163/4193
f 1083/2194/4194 1082/2192/4195 1037/2163/4196 1039/2195/4197
f 1084/2196/4198 1083/2194/4199 1039/2195/4200 1051/2197/4201
f 1075/2187/4202 1085/2198/4203 1084/2196/4204 1051/2197/4205
f 1052/2186/4206 1086/2199/4207 1085/2198/4208 1075/2187/4209
f 1113/2200/4210 1114/2188/4211 1080/2191/4212 1087/2201/4213
f 1089/2142/4214 1088/2141/4215 1081/2193/4216 1082/2192/4217
f 1090/2144/4218 1089/2142/4219 1082/2192/4220 1083/2194/4221
f 1091/2159/4222 1090/2144/4223 1083/2194/4224 1084/2196/4225
f 1084/2196/4226 1085/2198/4227 1092/2160/4228 1091/2159/4229
f 1085/2198/4230 1086/2199/4231 1093/2161/4232 1092/2160/4233
f 1087/2201/4234 1094/2202/4235 1112/2203/4236 1113/2200/4237
f 1096/2204/4238 1095/2205/4239 1050/2158/4240 1093/2161/4241
f 1079/2190/4242 1115/2189/4243 1116/2206/4244 1097/2207/4245
f 1097/2207/4246 1116/2206/4247 1117/2208/4248 1099/2209/4249
f 1099/2209/4250 1117/2208/4251 1118/2210/4252 1101/2211/4253
f 1118/2210/4254 1119/2212/4255 1102/2213/4256 1101/2211/4257
f 1119/2212/4258 1120/2214/4259 1104/2215/4260 1102/2213/4261
f 1104/2215/4262 1120/2214/4263 1121/2216/4264 1107/2217/4265
f 1121/2216/4266 1122/2218/4267 1108/2219/4268 1107/2217/4269
f 1108/2219/4270 1122/2218/4271 1123/2220/4272 1111/2221/4273
f 1113/2200/4274 1112/2203/4275 1093/2161/4276 1086/2199/4277
f 1052/2186/4278 1114/2188/4279 1113/2200/4280 1086/2199/4281
f 1073/2185/4282 1115/2189/4283 1114/2188/4284 1052/2186/4285
f 1116/2206/4286 1115/2189/4287 1073/2185/4288 1071/2182/4289
f 1117/2208/4290 1116/2206/4291 1071/2182/4292 1098/2222/4293
f 1118/2210/4294 1117/2208/4295 1098/2222/4296 1100/2223/4297
f 1103/2224/4298 1119/2212/4299 1118/2210/4300 1100/2223/4301
f 1105/2225/4302 1120/2214/4303 1119/2212/4304 1103/2224/4305
f 1121/2216/4306 1120/2214/4307 1105/2225/4308 1106/2226/4309
f 1109/2227/4310 1122/2218/4311 1121/2216/4312 1106/2226/4313
f 1123/2220/4314 1122/2218/4315 1109/2227/4316 1110/2228/4317
f 1123/2220/4318 1124/2229/4319 1125/2230/4320 1111/2221/4321
f 1127/2231/4322 1123/2220/4323 1110/2228/4324 1126/2232/4325
f 1129/2233/4326 1128/2234/4327 1123/2220/4328 1127/2231/4329
f 1128/2234/4330 1130/2235/4331 1124/2229/4332 1123/2220/4333
f 1047/2154/4334 1131/2236/4335 1132/2237/4336 1048/2155/4337
f 1134/2238/4338 1131/2236/4339 1047/2154/4340 1133/2239/4341
f 1050/2158/4342 1135/2240/4343 1133/2239/4344 1047/2154/4345
f 1135/2240/4346 1050/2158/4347 1095/2205/4348 1136/2241/4349
f 1138/2242/4350 1137/2243/4351 1133/2239/4352 1135/2240/4353
f 1139/2244/4354 1138/2242/4355 1135/2240/4356 1136/2241/4357
f 1137/2243/4358 1140/2245/4359 1134/2238/4360 1133/2239/4361
f 1140/2245/4362 1137/2243/4363 1141/2246/4364 1142/2247/4365
f 1143/2248/4366 1141/2246/4367 1137/2243/4368 1138/2242/4369
f 1139/2244/4370 1144/2249/4371 1143/2248/4372 1138/2242/4373
f 1141/2246/4374 1145/2250/4375 1146/2251/4376 1142/2247/4377
f 1145/2250/4378 1141/2246/4379 1143/2248/4380 1147/2252/4381
f 1144/2249/4382 1148/2253/4383 1147/2252/4384 1143/2248/4385
f 1150/2254/4386 1146/2251/4387 1145/2250/4388 1149/2255/4389
f 1147/2252/4390 1151/2256/4391 1149/2255/4392 1145/2250/4393
f 1148/2253/4394 1152/2257/4395 1151/2256/4396 1147/2252/4397
f 1154/2258/4398 1150/2254/4399 1149/2255/4400 1153/2259/4401
f 1153/2259/4402 1149/2255/4403 1151/2256/4404 1155/2260/4405
f 1152/2257/4406 1156/2261/4407 1155/2260/4408 1151/2256/4409
f 1156/2261/4410 1157/2262/4411 1158/2263/4412 1155/2260/4413
f 1155/2260/4414 1158/2263/4415 1159/2264/4416 1153/2259/4417
f 1159/2264/4418 1160/2265/4419 1154/2258/4420 1153/2259/4421
f 1158/2263/4422 1157/2262/4423 1161/2266/4424 1162/2267/4425
f 1164/2268/4426 1163/2269/4427 1162/2267/4428 1161/2266/4429
f 1165/2270/4430 1158/2263/4431 1162/2267/4432 1163/2269/4433
f 1167/2271/4434 1166/2272/4435 1165/2270/4436 1163/2269/4437
f 1163/2269/4438 1164/2268/4439 1168/2273/4440
f 1170/2274/4441 1169/2275/4442 1163/2269/4443 1168/2273/4444
f 1163/2269/4445 1169/2275/4446 1173/2276/4447 1167/2271/4448
f 1167/2271/4449 1172/2277/4450 1166/2272/4451
f 1167/2271/4452 1173/2276/4453 1171/2278/4454 1172/2277/4455
f 1165/2270/4456 1174/2279/4457 1159/2264/4458 1158/2263/4459
f 1174/2279/4460 1165/2270/4461 1166/2272/4462 1175/2280/4463
f 1166/2272/4464 1172/2277/4465 1176/2281/4466 1175/2280/4467
f 1174/2279/4468 1177/2282/4469 1160/2265/4470 1159/2264/4471
f 1174/2279/4472 1175/2280/4473 1178/2283/4474 1177/2282/4475
f 1176/2281/4476 1179/2284/4477 1178/2283/4478 1175/2280/4479
f 1181/2285/4480 1180/2286/4481 1023/2129/4482 1025/2130/4483
f 1180/2286/4484 1181/2285/4485 1182/2287/4486 1183/2288/4487
f 1183/2288/4488 1182/2287/4489 1184/2289/4490 1185/2290/4491
f 1185/2290/4492 1184/2289/4493 1186/2291/4494 1187/2292/4495
f 1187/2292/4496 1186/2291/4497 1188/2293/4498 1189/2294/4499
f 1191/2295/4500 1190/2296/4501 1189/2294/4502 1188/2293/4503
f 1189/2294/4504 1190/2296/4505 1192/2297/4506 1193/2298/4507
f 1193/2298/4508 1194/2299/4509 1187/2292/4510 1189/2294/4511
f 1194/2299/4512 1195/2300/4513 1185/2290/4514 1187/2292/4515
f 1197/2301/4516 1196/2302/4517 1191/2295/4518 1188/2293/4519
f 1188/2293/4520 1186/2291/4521 1198/2303/4522 1199/2304/4523
f 1028/2305/4524 1002/2306/4525 1200/2307/4526 1201/2308/4527
f 1005/2309/4528 1008/2310/4529 1202/2311/4530 1203/2312/4531
f 1008/2310/4532 1007/2313/4533 1204/2314/4534 1202/2311/4535
f 1007/2313/4536 1003/2315/4537 1205/2316/4538 1204/2314/4539
f 1009/2317/4540 1005/2309/4541 1203/2312/4542 1206/2318/4543
f 1010/2319/4544 1009/2317/4545 1206/2318/4546 1207/2320/4547
f 1003/2315/4548 1013/2321/4549 1208/2322/4550 1205/2316/4551
f 1014/2323/4552 1010/2319/4553 1207/2320/4554 1209/2324/4555
f 1015/2325/4556 1014/2323/4557 1209/2324/4558 1210/2326/4559
f 1017/2327/4560 1020/2328/4561 1211/2329/4562 1212/2330/4563
f 1018/2331/4564 1017/2327/4565 1212/2330/4566 1213/2332/4567
f 1021/2333/4568 1018/2331/4569 1213/2332/4570 1214/2334/4571
f 1020/2328/4572 1023/2335/4573 1215/2336/4574 1211/2329/4575
f 1025/2337/4576 1015/2325/4577 1210/2326/4578 1216/2338/4579
f 1029/2339/4580 1026/2340/4581 1217/2341/4582 1218/2342/4583
f 1026/2340/4584 1027/2343/4585 1219/2344/4586 1217/2341/4587
f 1027/2343/4588 1028/2345/4589 1201/2346/4590 1219/2344/4591
f 1013/2321/4592 1029/2339/4593 1218/2342/4594 1208/2322/4595
f 1002/2306/4596 1030/2347/4597 1220/2348/4598 1200/2307/4599
f 1032/2349/4600 1021/2333/4601 1214/2334/4602 1221/2350/4603
f 1033/2351/4604 1032/2349/4605 1221/2350/4606 1222/2352/4607
f 1030/2347/4608 1035/2353/4609 1223/2354/4610 1220/2348/4611
f 1088/2355/4612 1033/2351/4613 1222/2352/4614 1224/2356/4615
f 1039/2357/4616 1037/2358/4617 1225/2359/4618 1226/2360/4619
f 1035/2353/4620 1043/2361/4621 1227/2362/4622 1223/2354/4623
f 1043/2361/4624 1044/2363/4625 1228/2364/4626 1227/2362/4627
f 1044/2363/4628 1046/2365/4629 1229/2366/4630 1228/2364/4631
f 1076/2367/4632 1048/2368/4633 1230/2369/4634 1231/2370/4635
f 1051/2371/4636 1039/2357/4637 1226/2360/4638 1232/2372/4639
f 1075/2373/4640 1051/2371/4641 1232/2372/4642 1233/2374/4643
f 1037/2358/4644 1054/2375/4645 1234/2376/4646 1225/2359/4647
f 1053/2377/4648 1036/2378/4649 1235/2379/4650 1236/2380/4651
f 1055/2381/4652 1053/2377/4653 1236/2380/4654 1237/2382/4655
f 1054/2375/4656 1056/2383/4657 1238/2384/4658 1234/2376/4659
f 1056/2383/4660 1057/2385/4661 1239/2386/4662 1238/2384/4663
f 1058/2387/4664 1055/2381/4665 1237/2382/4666 1240/2388/4667
f 1059/2389/4668 1058/2387/4669 1240/2388/4670 1241/2390/4671
f 1057/2385/4672 1060/2391/4673 1242/2392/4674 1239/2386/4675
f 1061/2393/4676 1059/2389/4677 1241/2390/4678 1243/2394/4679
f 1060/2391/4680 1062/2395/4681 1244/2396/4682 1242/2392/4683
f 1063/2397/4684 1061/2393/4685 1243/2394/4686 1245/2398/4687
f 1062/2395/4688 1064/2399/4689 1246/2400/4690 1244/2396/4691
f 1064/2399/4692 1066/2401/4693 1247/2402/4694 1246/2400/4695
f 1065/2403/4696 1063/2397/4697 1245/2398/4698 1248/2404/4699
f 1066/2401/4700 1068/2405/4701 1249/2406/4702 1247/2402/4703
f 1067/2407/4704 1065/2403/4705 1248/2404/4706 1250/2408/4707
f 1069/2409/4708 1067/2407/4709 1250/2408/4710 1251/2410/4711
f 1068/2405/4712 1070/2411/4713 1252/2412/4714 1249/2406/4715
f 1071/2413/4716 1069/2409/4717 1251/2410/4718 1253/2414/4719
f 1070/2411/4720 1072/2415/4721 1254/2416/4722 1252/2412/4723
f 1072/2417/4724 1074/2418/4725 1255/2419/4726 1254/2420/4727
f 1074/2418/4728 1075/2373/4729 1233/2374/4730 1255/2419/4731
f 1046/2365/4732 1076/2367/4733 1231/2370/4734 1229/2366/4735
f 1080/2421/4736 1079/2422/4737 1256/2423/4738 1257/2424/4739
f 1036/2378/4740 1081/2425/4741 1258/2426/4742 1235/2379/4743
f 1087/2427/4744 1080/2421/4745 1257/2424/4746 1259/2428/4747
f 1081/2425/4748 1088/2355/4749 1224/2356/4750 1258/2426/4751
f 1094/2429/4752 1087/2427/4753 1259/2428/4754 1260/2430/4755
f 1112/2431/4756 1094/2429/4757 1260/2430/4758 1261/2432/4759
f 1095/2433/4760 1096/2434/4761 1262/2435/4762 1263/2436/4763
f 1096/2434/4764 1093/2437/4765 1264/2438/4766 1262/2435/4767
f 1079/2422/4768 1097/2439/4769 1265/2440/4770 1256/2423/4771
f 1098/2441/4772 1071/2413/4773 1253/2414/4774 1266/2442/4775
f 1097/2439/4776 1099/2443/4777 1267/2444/4778 1265/2440/4779
f 1100/2445/4780 1098/2441/4781 1266/2442/4782 1268/2446/4783
f 1099/2443/4784 1101/2447/4785 1269/2448/4786 1267/2444/4787
f 1101/2447/4788 1102/2449/4789 1270/2450/4790 1269/2448/4791
f 1103/2451/4792 1100/2445/4793 1268/2446/4794 1271/2452/4795
f 1102/2449/4796 1104/2453/4797 1272/2454/4798 1270/2450/4799
f 1105/2455/4800 1103/2451/4801 1271/2452/4802 1273/2456/4803
f 1106/2457/4804 1105/2455/4805 1273/2456/4806 1274/2458/4807
f 1104/2453/4808 1107/2459/4809 1275/2460/4810 1272/2454/4811
f 1107/2459/4812 1108/2461/4813 1276/2462/4814 1275/2460/4815
f 1109/2463/4816 1106/2457/4817 1274/2458/4818 1277/2464/4819
f 1110/2465/4820 1109/2463/4821 1277/2464/4822 1278/2466/4823
f 1108/2461/4824 1111/2467/4825 1279/2468/4826 1276/2462/4827
f 1093/2437/4828 1112/2431/4829 1261/2432/4830 1264/2438/4831
f 1125/2469/4832 1124/2470/4833 1280/2471/4834 1281/2472/4835
f 1111/2467/4836 1125/2469/4837 1281/2472/4838 1279/2468/4839
f 1126/2473/4840 1110/2465/4841 1278/2466/4842 1282/2474/4843
f 1127/2475/4844 1126/2473/4845 1282/2474/4846 1283/2476/4847
f 1128/2477/4848 1129/2478/4849 1284/2479/4850 1285/2480/4851
f 1129/2478/4852 1127/2475/4853 1283/2476/4854 1284/2479/4855
f 1130/2481/4856 1128/2477/4857 1285/2480/4858 1286/2482/4859
f 1124/2470/4860 1130/2483/4861 1286/2484/4862 1280/2471/4863
f 1132/2485/4864 1131/2486/4865 1287/2487/4866 1288/2488/4867
f 1048/2368/4868 1132/2485/4869 1288/2488/4870 1230/2369/4871
f 1131/2486/4872 1134/2489/4873 1289/2490/4874 1287/2487/4875
f 1136/2491/4876 1095/2433/4877 1263/2436/4878 1290/2492/4879
f 1139/2493/4880 1136/2491/4881 1290/2492/4882 1291/2494/4883
f 1134/2489/4884 1140/2495/4885 1292/2496/4886 1289/2490/4887
f 1140/2495/4888 1142/2497/4889 1293/2498/4890 1292/2496/4891
f 1144/2499/4892 1139/2493/4893 1291/2494/4894 1294/2500/4895
f 1142/2497/4896 1146/2501/4897 1295/2502/4898 1293/2498/4899
f 1148/2503/4900 1144/2499/4901 1294/2500/4902 1296/2504/4903
f 1146/2501/4904 1150/2505/4905 1297/2506/4906 1295/2502/4907
f 1152/2507/4908 1148/2503/4909 1296/2504/4910 1298/2508/4911
f 1150/2505/4912 1154/2509/4913 1299/2510/4914 1297/2506/4915
f 1156/2511/4916 1152/2507/4917 1298/2508/4918 1300/2512/4919
f 1157/2513/4920 1156/2511/4921 1300/2512/4922 1301/2514/4923
f 1154/2509/4924 1160/2515/4925 1302/2516/4926 1299/2510/4927
f 1161/2517/4928 1157/2513/4929 1301/2514/4930 1303/2518/4931
f 1164/2519/4932 1161/2517/4933 1303/2518/4934 1304/2520/4935
f 1168/2521/4936 1164/2519/4937 1304/2520/4938 1305/2522/4939
f 1169/2523/4940 1170/2524/4941 1306/2525/4942 1307/2526/4943
f 1170/2524/4944 1168/2521/4945 1305/2522/4946 1306/2525/4947
f 1173/2527/4948 1169/2523/4949 1307/2526/4950 1308/2528/4951
f 1172/2529/4952 1171/2530/4953 1309/2531/4954 1310/2532/4955
f 1171/2533/4956 1173/2527/4957 1308/2528/4958 1309/2534/4959
f 1176/2535/4960 1172/2529/4961 1310/2532/4962 1311/2536/4963
f 1160/2515/4964 1177/2537/4965 1312/2538/4966 1302/2516/4967
f 1177/2537/4968 1178/2539/4969 1313/2540/4970 1312/2538/4971
f 1179/2541/4972 1176/2535/4973 1311/2536/4974 1314/2542/4975
f 1178/2539/4976 1179/2541/4977 1314/2542/4978 1313/2540/4979
f 1023/2335/4980 1180/2543/4981 1315/2544/4982 1215/2336/4983
f 1181/2545/4984 1025/2546/4985 1216/2547/4986 1316/2548/4987
f 1182/2549/4988 1181/2545/4989 1316/2548/4990 1317/2550/4991
f 1180/2543/4992 1183/2551/4993 1318/2552/4994 1315/2544/4995
f 1184/2553/4996 1182/2549/4997 1317/2550/4998 1319/2554/4999
f 1183/2551/5000 1185/2555/5001 1320/2556/5002 1318/2552/5003
f 1186/2557/5004 1184/2553/5005 1319/2554/5006 1321/2558/5007
f 1190/2559/5008 1191/2560/5009 1322/2561/5010 1323/2562/5011
f 1192/2563/5012 1190/2559/5013 1323/2562/5014 1324/2564/5015
f 1193/2565/5016 1192/2563/5017 1324/2564/5018 1325/2566/5019
f 1194/2567/5020 1193/2565/5021 1325/2566/5022 1326/2568/5023
f 1195/2569/5024 1194/2567/5025 1326/2568/5026 1327/2570/5027
f 1185/2555/5028 1195/2569/5029 1327/2570/5030 1320/2556/5031
f 1196/2571/5032 1197/2572/5033 1328/2573/5034 1329/2574/5035
f 1191/2560/5036 1196/2571/5037 1329/2574/5038 1322/2561/5039
f 1197/2572/5040 1188/2575/5041 1330/2576/5042 1328/2573/5043
f 1198/2577/5044 1186/2557/5045 1321/2558/5046 1331/2578/5047
f 1199/2579/5048 1198/2577/5049 1331/2578/5050 1332/2580/5051
f 1188/2575/5052 1199/2579/5053 1332/2580/5054 1330/2576/5055
f 1336/2581/5056 1335/2582/5057 1345/2583/5058 1344/2584/5059
f 1340/2585/5060 1339/2586/5061 1338/2587/5062 1337/2588/5063
f 1339/2586/5064 1335/2582/5065 1336/2581/5066 1338/2587/5067
f 1337/2588/5068 1338/2587/5069 1342/2589/5070 1341/2590/5071
f 1343/2591/5072 1342/2589/5073 1338/2587/5074 1336/2581/5075
f 1360/2592/5076 1334/2593/5077 1333/2594/5078 1351/2595/5079
f 1343/2591/5080 1336/2581/5081 1344/2584/5082
f 1342/2589/5083 1343/2591/5084 1344/2584/5085 1346/2596/5086
f 1346/2596/5087 1344/2584/5088 1348/2597/5089 1347/2598/5090
f 1352/2599/5091 1351/2595/5092 1350/2600/5093 1349/2601/5094
f 1350/2600/5095 1351/2595/5096 1333/2594/5097 1353/2602/5098
f 1351/2595/5099 1352/2599/5100 1355/2603/5101 1354/2604/5102
f 1357/2605/5103 1356/2606/5104 1354/2604/5105 1355/2603/5106
f 1348/2597/5107 1356/2606/5108 1357/2605/5109 1347/2598/5110
f 1345/2583/5111 1361/2607/5112 1348/2597/5113 1344/2584/5114
f 1358/2608/5115 1359/2609/5116 1354/2604/5117 1356/2606/5118
f 1359/2609/5119 1360/2592/5120 1351/2595/5121 1354/2604/5122
f 1361/2607/5123 1358/2608/5124 1356/2606/5125 1348/2597/5126
f 1363/2610/5127 1333/2594/5128 1334/2593/5129 1362/2611/5130
f 1333/2594/5131 1363/2610/5132 1364/2612/5133 1353/2602/5134
f 1366/2613/5135 1365/2614/5136 1364/2612/5137 1363/2610/5138
f 1362/2611/5139 1367/2615/5140 1366/2613/5141 1363/2610/5142
f 1365/2614/5143 1370/2616/5144 1421/2617/5145 1420/2618/5146
f 1370/2616/5147 1372/2619/5148 1422/2620/5149 1421/2617/5150
f 1373/2621/5151 1370/2616/5152 1365/2614/5153 1366/2613/5154
f 1373/2621/5155 1374/2622/5156 1372/2619/5157 1370/2616/5158
f 1373/2621/5159 1366/2613/5160 1367/2615/5161 1375/2623/5162
f 1375/2623/5163 1376/2624/5164 1374/2622/5165 1373/2621/5166
f 1374/2622/5167 1376/2624/5168 1378/2625/5169 1377/2626/5170
f 1408/2627/5171 1380/2628/5172 1379/2629/5173 1409/2630/5174
f 1377/2626/5175 1381/2631/5176 1372/2619/5177 1374/2622/5178
f 1379/2629/5179 1382/2632/5180 1410/2633/5181 1409/2630/5182
f 1372/2619/5183 1381/2631/5184 1423/2634/5185 1422/2620/5186
f 1424/2635/5187 1410/2633/5188 1382/2632/5189 1425/2636/5190
f 1386/2637/5191 1385/2638/5192 1368/2639/5193 1369/2640/5194
f 1385/2638/5195 1386/2637/5196 1388/2641/5197 1387/2642/5198
f 1390/2643/5199 1387/2642/5200 1388/2641/5201 1389/2644/5202
f 1390/2643/5203 1389/2644/5204 1392/2645/5205 1391/2646/5206
f 1391/2646/5207 1392/2645/5208 1394/2647/5209 1393/2648/5210
f 1393/2648/5211 1394/2647/5212 1396/2649/5213 1395/2650/5214
f 1398/2651/5215 1397/2652/5216 1395/2650/5217 1396/2649/5218
f 1400/2653/5219 1399/2654/5220 1397/2652/5221 1398/2651/5222
f 1400/2653/5223 1402/2655/5224 1401/2656/5225 1399/2654/5226
f 1402/2655/5227 1404/2657/5228 1403/2658/5229 1401/2656/5230
f 1406/2659/5231 1405/2660/5232 1403/2658/5233 1404/2657/5234
f 1384/2661/5235 1405/2660/5236 1406/2659/5237 1407/2662/5238
f 1377/2626/5239 1378/2625/5240 1408/2627/5241 1409/2630/5242
f 1410/2633/5243 1381/2631/5244 1377/2626/5245 1409/2630/5246
f 1423/2634/5247 1381/2631/5248 1410/2633/5249 1424/2635/5250
f 1446/2663/5251 1412/2664/5252 1411/2665/5253 1447/2666/5254
f 1414/2667/5255 1369/2640/5256 1368/2639/5257 1413/2668/5258
f 1415/2669/5259 1371/2670/5260 1369/2640/5261 1414/2667/5262
f 1416/2671/5263 1383/2672/5264 1371/2670/5265 1415/2669/5266
f 1407/2662/5267 1383/2672/5268 1416/2671/5269 1417/2673/5270
f 1384/2661/5271 1407/2662/5272 1417/2673/5273 1418/2674/5274
f 1445/2675/5275 1419/2676/5276 1412/2664/5277 1446/2663/5278
f 1421/2617/5279 1414/2667/5280 1413/2668/5281 1420/2618/5282
f 1422/2620/5283 1415/2669/5284 1414/2667/5285 1421/2617/5286
f 1423/2634/5287 1416/2671/5288 1415/2669/5289 1422/2620/5290
f 1416/2671/5291 1423/2634/5292 1424/2635/5293 1417/2673/5294
f 1417/2673/5295 1424/2635/5296 1425/2636/5297 1418/2674/5298
f 1419/2676/5299 1445/2675/5300 1444/2677/5301 1426/2678/5302
f 1428/2679/5303 1425/2636/5304 1382/2632/5305 1427/2680/5306
f 1411/2665/5307 1429/2681/5308 1448/2682/5309 1447/2666/5310
f 1429/2681/5311 1431/2683/5312 1449/2684/5313 1448/2682/5314
f 1431/2683/5315 1433/2685/5316 1450/2686/5317 1449/2684/5318
f 1450/2686/5319 1433/2685/5320 1434/2687/5321 1451/2688/5322
f 1451/2688/5323 1434/2687/5324 1436/2689/5325 1452/2690/5326
f 1436/2689/5327 1439/2691/5328 1453/2692/5329 1452/2690/5330
f 1453/2692/5331 1439/2691/5332 1440/2693/5333 1454/2694/5334
f 1440/2693/5335 1443/2695/5336 1455/2696/5337 1454/2694/5338
f 1445/2675/5339 1418/2674/5340 1425/2636/5341 1444/2677/5342
f 1384/2661/5343 1418/2674/5344 1445/2675/5345 1446/2663/5346
f 1405/2660/5347 1384/2661/5348 1446/2663/5349 1447/2666/5350
f 1448/2682/5351 1403/2658/5352 1405/2660/5353 1447/2666/5354
f 1449/2684/5355 1430/2697/5356 1403/2658/5357 1448/2682/5358
f 1450/2686/5359 1432/2698/5360 1430/2697/5361 1449/2684/5362
f 1435/2699/5363 1432/2698/5364 1450/2686/5365 1451/2688/5366
f 1437/2700/5367 1435/2699/5368 1451/2688/5369 1452/2690/5370
f 1453/2692/5371 1438/2701/5372 1437/2700/5373 1452/2690/5374
f 1441/2702/5375 1438/2701/5376 1453/2692/5377 1454/2694/5378
f 1455/2696/5379 1442/2703/5380 1441/2702/5381 1454/2694/5382
f 1455/2696/5383 1443/2695/5384 1457/2704/5385 1456/2705/5386
f 1459/2706/5387 1458/2707/5388 1442/2703/5389 1455/2696/5390
f 1461/2708/5391 1459/2706/5392 1455/2696/5393 1460/2709/5394
f 1460/2709/5395 1455/2696/5396 1456/2705/5397 1462/2710/5398
f 1379/2629/5399 1380/2628/5400 1464/2711/5401 1463/2712/5402
f 1466/2713/5403 1465/2714/5404 1379/2629/5405 1463/2712/5406
f 1382/2632/5407 1379/2629/5408 1465/2714/5409 1467/2715/5410
f 1467/2715/5411 1468/2716/5412 1427/2680/5413 1382/2632/5414
f 1470/2717/5415 1467/2715/5416 1465/2714/5417 1469/2718/5418
f 1471/2719/5419 1468/2716/5420 1467/2715/5421 1470/2717/5422
f 1469/2718/5423 1465/2714/5424 1466/2713/5425 1472/2720/5426
f 1472/2720/5427 1474/2721/5428 1473/2722/5429 1469/2718/5430
f 1475/2723/5431 1470/2717/5432 1469/2718/5433 1473/2722/5434
f 1471/2719/5435 1470/2717/5436 1475/2723/5437 1476/2724/5438
f 1473/2722/5439 1474/2721/5440 1478/2725/5441 1477/2726/5442
f 1477/2726/5443 1479/2727/5444 1475/2723/5445 1473/2722/5446
f 1476/2724/5447 1475/2723/5448 1479/2727/5449 1480/2728/5450
f 1482/2729/5451 1481/2730/5452 1477/2726/5453 1478/2725/5454
f 1479/2727/5455 1477/2726/5456 1481/2730/5457 1483/2731/5458
f 1480/2728/5459 1479/2727/5460 1483/2731/5461 1484/2732/5462
f 1486/2733/5463 1485/2734/5464 1481/2730/5465 1482/2729/5466
f 1485/2734/5467 1487/2735/5468 1483/2731/5469 1481/2730/5470
f 1484/2732/5471 1483/2731/5472 1487/2735/5473 1488/2736/5474
f 1488/2736/5475 1487/2735/5476 1490/2737/5477 1489/2738/5478
f 1487/2735/5479 1485/2734/5480 1491/2739/5481 1490/2737/5482
f 1491/2739/5483 1485/2734/5484 1486/2733/5485 1492/2740/5486
f 1490/2737/5487 1494/2741/5488 1493/2742/5489 1489/2738/5490
f 1496/2743/5491 1493/2742/5492 1494/2741/5493 1495/2744/5494
f 1497/2745/5495 1495/2744/5496 1494/2741/5497 1490/2737/5498
f 1499/2746/5499 1495/2744/5500 1497/2745/5501 1498/2747/5502
f 1495/2744/5503 1500/2748/5504 1496/2743/5505
f 1502/2749/5506 1500/2748/5507 1495/2744/5508 1501/2750/5509
f 1495/2744/5510 1499/2746/5511 1505/2751/5512 1501/2750/5513
f 1499/2746/5514 1498/2747/5515 1504/2752/5516
f 1499/2746/5517 1504/2752/5518 1503/2753/5519 1505/2751/5520
f 1497/2745/5521 1490/2737/5522 1491/2739/5523 1506/2754/5524
f 1506/2754/5525 1507/2755/5526 1498/2747/5527 1497/2745/5528
f 1498/2747/5529 1507/2755/5530 1508/2756/5531 1504/2752/5532
f 1506/2754/5533 1491/2739/5534 1492/2740/5535 1509/2757/5536
f 1506/2754/5537 1509/2757/5538 1510/2758/5539 1507/2755/5540
f 1508/2756/5541 1507/2755/5542 1510/2758/5543 1511/2759/5544
f 1513/2760/5545 1357/2605/5546 1355/2603/5547 1512/2761/5548
f 1512/2761/5549 1515/2762/5550 1514/2763/5551 1513/2760/5552
f 1515/2762/5553 1517/2764/5554 1516/2765/5555 1514/2763/5556
f 1517/2764/5557 1519/2766/5558 1518/2767/5559 1516/2765/5560
f 1519/2766/5561 1521/2768/5562 1520/2769/5563 1518/2767/5564
f 1523/2770/5565 1520/2769/5566 1521/2768/5567 1522/2771/5568
f 1521/2768/5569 1525/2772/5570 1524/2773/5571 1522/2771/5572
f 1525/2772/5573 1521/2768/5574 1519/2766/5575 1526/2774/5576
f 1526/2774/5577 1519/2766/5578 1517/2764/5579 1527/2775/5580
f 1529/2776/5581 1520/2769/5582 1523/2770/5583 1528/2777/5584
f 1520/2769/5585 1531/2778/5586 1530/2779/5587 1518/2767/5588
f 1360/2780/5589 1201/2308/5590 1200/2307/5591 1334/2781/5592
f 1337/2782/5593 1203/2312/5594 1202/2311/5595 1340/2783/5596
f 1340/2783/5597 1202/2311/5598 1204/2314/5599 1339/2784/5600
f 1339/2784/5601 1204/2314/5602 1205/2316/5603 1335/2785/5604
f 1341/2786/5605 1206/2318/5606 1203/2312/5607 1337/2782/5608
f 1342/2787/5609 1207/2320/5610 1206/2318/5611 1341/2786/5612
f 1335/2785/5613 1205/2316/5614 1208/2322/5615 1345/2788/5616
f 1346/2789/5617 1209/2324/5618 1207/2320/5619 1342/2787/5620
f 1347/2790/5621 1210/2326/5622 1209/2324/5623 1346/2789/5624
f 1349/2791/5625 1212/2330/5626 1211/2329/5627 1352/2792/5628
f 1350/2793/5629 1213/2332/5630 1212/2330/5631 1349/2791/5632
f 1353/2794/5633 1214/2334/5634 1213/2332/5635 1350/2793/5636
f 1352/2792/5637 1211/2329/5638 1215/2336/5639 1355/2795/5640
f 1357/2796/5641 1216/2338/5642 1210/2326/5643 1347/2790/5644
f 1361/2797/5645 1218/2342/5646 1217/2341/5647 1358/2798/5648
f 1358/2798/5649 1217/2341/5650 1219/2344/5651 1359/2799/5652
f 1359/2799/5653 1219/2344/5654 1201/2346/5655 1360/2800/5656
f 1345/2788/5657 1208/2322/5658 1218/2342/5659 1361/2797/5660
f 1334/2781/5661 1200/2307/5662 1220/2348/5663 1362/2801/5664
f 1364/2802/5665 1221/2350/5666 1214/2334/5667 1353/2794/5668
f 1365/2803/5669 1222/2352/5670 1221/2350/5671 1364/2802/5672
f 1362/2801/5673 1220/2348/5674 1223/2354/5675 1367/2804/5676
f 1420/2805/5677 1224/2356/5678 1222/2352/5679 1365/2803/5680
f 1371/2806/5681 1226/2360/5682 1225/2359/5683 1369/2807/5684
f 1367/2804/5685 1223/2354/5686 1227/2362/5687 1375/2808/5688
f 1375/2808/5689 1227/2362/5690 1228/2364/5691 1376/2809/5692
f 1376/2809/5693 1228/2364/5694 1229/2366/5695 1378/2810/5696
f 1408/2811/5697 1231/2370/5698 1230/2369/5699 1380/2812/5700
f 1383/2813/5701 1232/2372/5702 1226/2360/5703 1371/2806/5704
f 1407/2814/5705 1233/2374/5706 1232/2372/5707 1383/2813/5708
f 1369/2807/5709 1225/2359/5710 1234/2376/5711 1386/2815/5712
f 1385/2816/5713 1236/2380/5714 1235/2379/5715 1368/2817/5716
f 1387/2818/5717 1237/2382/5718 1236/2380/5719 1385/2816/5720
f 1386/2815/5721 1234/2376/5722 1238/2384/5723 1388/2819/5724
f 1388/2819/5725 1238/2384/5726 1239/2386/5727 1389/2820/5728
f 1390/2821/5729 1240/2388/5730 1237/2382/5731 1387/2818/5732
f 1391/2822/5733 1241/2390/5734 1240/2388/5735 1390/2821/5736
f 1389/2820/5737 1239/2386/5738 1242/2392/5739 1392/2823/5740
f 1393/2824/5741 1243/2394/5742 1241/2390/5743 1391/2822/5744
f 1392/2823/5745 1242/2392/5746 1244/2396/5747 1394/2825/5748
f 1395/2826/5749 1245/2398/5750 1243/2394/5751 1393/2824/5752
f 1394/2825/5753 1244/2396/5754 1246/2400/5755 1396/2827/5756
f 1396/2827/5757 1246/2400/5758 1247/2402/5759 1398/2828/5760
f 1397/2829/5761 1248/2404/5762 1245/2398/5763 1395/2826/5764
f 1398/2828/5765 1247/2402/5766 1249/2406/5767 1400/2830/5768
f 1399/2831/5769 1250/2408/5770 1248/2404/5771 1397/2829/5772
f 1401/2832/5773 1251/2410/5774 1250/2408/5775 1399/2831/5776
f 1400/2830/5777 1249/2406/5778 1252/2412/5779 1402/2833/5780
f 1403/2834/5781 1253/2414/5782 1251/2410/5783 1401/2832/5784
f 1402/2833/5785 1252/2412/5786 1254/2416/5787 1404/2835/5788
f 1404/2836/5789 1254/2420/5790 1255/2419/5791 1406/2837/5792
f 1406/2837/5793 1255/2419/5794 1233/2374/5795 1407/2814/5796
f 1378/2810/5797 1229/2366/5798 1231/2370/5799 1408/2811/5800
f 1412/2838/5801 1257/2424/5802 1256/2423/5803 1411/2839/5804
f 1368/2817/5805 1235/2379/5806 1258/2426/5807 1413/2840/5808
f 1419/2841/5809 1259/2428/5810 1257/2424/5811 1412/2838/5812
f 1413/2840/5813 1258/2426/5814 1224/2356/5815 1420/2805/5816
f 1426/2842/5817 1260/2430/5818 1259/2428/5819 1419/2841/5820
f 1444/2843/5821 1261/2432/5822 1260/2430/5823 1426/2842/5824
f 1427/2844/5825 1263/2436/5826 1262/2435/5827 1428/2845/5828
f 1428/2845/5829 1262/2435/5830 1264/2438/5831 1425/2846/5832
f 1411/2839/5833 1256/2423/5834 1265/2440/5835 1429/2847/5836
f 1430/2848/5837 1266/2442/5838 1253/2414/5839 1403/2834/5840
f 1429/2847/5841 1265/2440/5842 1267/2444/5843 1431/2849/5844
f 1432/2850/5845 1268/2446/5846 1266/2442/5847 1430/2848/5848
f 1431/2849/5849 1267/2444/5850 1269/2448/5851 1433/2851/5852
f 1433/2851/5853 1269/2448/5854 1270/2450/5855 1434/2852/5856
f 1435/2853/5857 1271/2452/5858 1268/2446/5859 1432/2850/5860
f 1434/2852/5861 1270/2450/5862 1272/2454/5863 1436/2854/5864
f 1437/2855/5865 1273/2456/5866 1271/2452/5867 1435/2853/5868
f 1438/2856/5869 1274/2458/5870 1273/2456/5871 1437/2855/5872
f 1436/2854/5873 1272/2454/5874 1275/2460/5875 1439/2857/5876
f 1439/2857/5877 1275/2460/5878 1276/2462/5879 1440/2858/5880
f 1441/2859/5881 1277/2464/5882 1274/2458/5883 1438/2856/5884
f 1442/2860/5885 1278/2466/5886 1277/2464/5887 1441/2859/5888
f 1440/2858/5889 1276/2462/5890 1279/2468/5891 1443/2861/5892
f 1425/2846/5893 1264/2438/5894 1261/2432/5895 1444/2843/5896
f 1457/2862/5897 1281/2472/5898 1280/2471/5899 1456/2863/5900
f 1443/2861/5901 1279/2468/5902 1281/2472/5903 1457/2862/5904
f 1458/2864/5905 1282/2474/5906 1278/2466/5907 1442/2860/5908
f 1459/2865/5909 1283/2476/5910 1282/2474/5911 1458/2864/5912
f 1460/2866/5913 1285/2480/5914 1284/2479/5915 1461/2867/5916
f 1461/2867/5917 1284/2479/5918 1283/2476/5919 1459/2865/5920
f 1462/2868/5921 1286/2482/5922 1285/2480/5923 1460/2866/5924
f 1456/2863/5925 1280/2471/5926 1286/2484/5927 1462/2869/5928
f 1464/2870/5929 1288/2488/5930 1287/2487/5931 1463/2871/5932
f 1380/2812/5933 1230/2369/5934 1288/2488/5935 1464/2870/5936
f 1463/2871/5937 1287/2487/5938 1289/2490/5939 1466/2872/5940
f 1468/2873/5941 1290/2492/5942 1263/2436/5943 1427/2844/5944
f 1471/2874/5945 1291/2494/5946 1290/2492/5947 1468/2873/5948
f 1466/2872/5949 1289/2490/5950 1292/2496/5951 1472/2875/5952
f 1472/2875/5953 1292/2496/5954 1293/2498/5955 1474/2876/5956
f 1476/2877/5957 1294/2500/5958 1291/2494/5959 1471/2874/5960
f 1474/2876/5961 1293/2498/5962 1295/2502/5963 1478/2878/5964
f 1480/2879/5965 1296/2504/5966 1294/2500/5967 1476/2877/5968
f 1478/2878/5969 1295/2502/5970 1297/2506/5971 1482/2880/5972
f 1484/2881/5973 1298/2508/5974 1296/2504/5975 1480/2879/5976
f 1482/2880/5977 1297/2506/5978 1299/2510/5979 1486/2882/5980
f 1488/2883/5981 1300/2512/5982 1298/2508/5983 1484/2881/5984
f 1489/2884/5985 1301/2514/5986 1300/2512/5987 1488/2883/5988
f 1486/2882/5989 1299/2510/5990 1302/2516/5991 1492/2885/5992
f 1493/2886/5993 1303/2518/5994 1301/2514/5995 1489/2884/5996
f 1496/2887/5997 1304/2520/5998 1303/2518/5999 1493/2886/6000
f 1500/2888/6001 1305/2522/6002 1304/2520/6003 1496/2887/6004
f 1501/2889/6005 1307/2526/6006 1306/2525/6007 1502/2890/6008
f 1502/2890/6009 1306/2525/6010 1305/2522/6011 1500/2888/6012
f 1505/2891/6013 1308/2528/6014 1307/2526/6015 1501/2889/6016
f 1504/2892/6017 1310/2532/6018 1309/2531/6019 1503/2893/6020
f 1503/2894/6021 1309/2534/6022 1308/2528/6023 1505/2891/6024
f 1508/2895/6025 1311/2536/6026 1310/2532/6027 1504/2892/6028
f 1492/2885/6029 1302/2516/6030 1312/2538/6031 1509/2896/6032
f 1509/2896/6033 1312/2538/6034 1313/2540/6035 1510/2897/6036
f 1511/2898/6037 1314/2542/6038 1311/2536/6039 1508/2895/6040
f 1510/2897/6041 1313/2540/6042 1314/2542/6043 1511/2898/6044
f 1355/2795/6045 1215/2336/6046 1315/2544/6047 1512/2899/6048
f 1513/2900/6049 1316/2548/6050 1216/2547/6051 1357/2901/6052
f 1514/2902/6053 1317/2550/6054 1316/2548/6055 1513/2900/6056
f 1512/2899/6057 1315/2544/6058 1318/2552/6059 1515/2903/6060
f 1516/2904/6061 1319/2554/6062 1317/2550/6063 1514/2902/6064
f 1515/2903/6065 1318/2552/6066 1320/2556/6067 1517/2905/6068
f 1518/2906/6069 1321/2558/6070 1319/2554/6071 1516/2904/6072
f 1522/2907/6073 1323/2562/6074 1322/2561/6075 1523/2908/6076
f 1524/2909/6077 1324/2564/6078 1323/2562/6079 1522/2907/6080
f 1525/2910/6081 1325/2566/6082 1324/2564/6083 1524/2909/6084
f 1526/2911/6085 1326/2568/6086 1325/2566/6087 1525/2910/6088
f 1527/2912/6089 1327/2570/6090 1326/2568/6091 1526/2911/6092
f 1517/2905/6093 1320/2556/6094 1327/2570/6095 1527/2912/6096
f 1528/2913/6097 1329/2574/6098 1328/2573/6099 1529/2914/6100
f 1523/2908/6101 1322/2561/6102 1329/2574/6103 1528/2913/6104
f 1529/2914/6105 1328/2573/6106 1330/2576/6107 1520/2915/6108
f 1530/2916/6109 1331/2578/6110 1321/2558/6111 1518/2906/6112
f 1531/2917/6113 1332/2580/6114 1331/2578/6115 1530/2916/6116
f 1520/2915/6117 1330/2576/6118 1332/2580/6119 1531/2917/6120
