# This file uses centimeters as units for non-parametric coordinates.

mtllib arma 3.mtl
g default
v 0.142074 -0.961077 3.313421
v 0.120932 -0.954764 3.320108
v 0.103258 -0.965231 3.330534
v 0.099374 -0.986498 3.338550
v 0.111586 -1.006103 3.339547
v 0.132708 -1.012416 3.332860
v 0.150402 -1.001949 3.322434
v 0.154265 -0.980682 3.314376
v 0.148782 -0.946623 3.287128
v 0.109738 -0.934826 3.299506
v 0.077048 -0.954265 3.318737
v 0.069904 -0.993642 3.333608
v 0.092438 -1.029696 3.335394
v 0.131503 -1.041493 3.323016
v 0.164172 -1.022053 3.303784
v 0.171337 -0.982843 3.288914
v 0.148118 -0.940807 3.256972
v 0.097111 -0.925356 3.273130
v 0.054411 -0.950776 3.298260
v 0.045065 -1.002116 3.317699
v 0.074515 -1.049301 3.320025
v 0.125543 -1.064753 3.303867
v 0.168221 -1.039332 3.278738
v 0.177588 -0.987993 3.259298
v 0.140184 -0.944463 3.227523
v 0.084982 -0.927848 3.245010
v 0.038772 -0.955428 3.272216
v 0.028637 -1.010921 3.293234
v 0.060517 -1.061929 3.295768
v 0.115740 -1.078709 3.278281
v 0.161949 -1.051129 3.251074
v 0.172084 -0.995636 3.230015
v 0.126207 -0.957090 3.203265
v 0.075179 -0.941804 3.219423
v 0.032500 -0.967225 3.244553
v 0.023134 -1.018564 3.263992
v 0.052583 -1.065750 3.266277
v 0.103611 -1.081035 3.250160
v 0.146290 -1.055615 3.224989
v 0.155657 -1.004275 3.205591
v 0.108263 -0.976861 3.187897
v 0.069219 -0.965064 3.200233
v 0.036550 -0.984504 3.219506
v 0.029385 -1.023714 3.234376
v 0.051939 -1.059935 3.236121
v 0.090984 -1.071731 3.223784
v 0.123653 -1.052292 3.204511
v 0.130818 -1.012915 3.189683
v 0.089136 -1.000454 3.183743
v 0.068014 -0.994141 3.190431
v 0.050320 -1.004608 3.200856
v 0.046457 -1.025875 3.208873
v 0.058648 -1.045480 3.209870
v 0.079790 -1.051793 3.203182
v 0.097464 -1.041326 3.192756
v 0.101347 -1.020060 3.184698
v 0.129011 -0.982012 3.331821
v 0.071711 -1.024545 3.191469
v 0.165065 -0.994141 3.610450
v 0.309197 -0.978689 3.546982
v 0.048720 -1.080869 3.325425
v 0.192832 -1.065417 3.261915
v 0.017796 -0.929177 3.291988
v 0.161929 -0.913892 3.228478
v 0.134161 -0.842614 3.577054
v 0.278273 -0.827163 3.513544
v 0.294472 -0.623135 2.669311
v 0.257380 -0.759707 2.447505
v 0.192687 -1.008595 2.923806
v 0.155594 -1.145168 2.702000
v -0.061601 -0.940807 2.924637
v -0.098714 -1.077546 2.702831
v 0.040185 -0.555347 2.670142
v 0.003072 -0.692086 2.448336
v 0.227702 -0.614661 2.609955
v 0.235303 -0.565481 2.578387
v 0.199789 -0.523114 2.558200
v 0.141929 -0.512314 2.561191
v 0.095678 -0.539396 2.585614
v 0.088076 -0.588576 2.617182
v 0.123590 -0.630944 2.637369
v 0.181430 -0.641743 2.634379
v 0.205667 -0.695907 2.478201
v 0.213268 -0.646728 2.446632
v 0.177733 -0.604194 2.426404
v 0.119893 -0.593394 2.429395
v 0.073622 -0.620476 2.453860
v 0.066020 -0.669656 2.485428
v 0.101555 -0.712189 2.505615
v 0.159395 -0.722989 2.502624
v 0.161680 -0.576946 2.597785
v 0.139644 -0.658192 2.466030
v 0.532031 -0.620643 2.584618
v 0.505250 -0.719334 2.424577
v 0.199312 -0.646229 2.656019
v 0.172541 -0.744754 2.495978
v 0.166705 -0.484568 2.561897
v 0.139935 -0.583259 2.401856
v 0.499414 -0.458982 2.490495
v 0.472644 -0.557673 2.330454
v 0.264151 -1.085023 2.127797
v 0.267536 -1.046809 2.177724
v 0.270277 -1.038668 2.240070
v 0.271648 -1.062759 2.298139
v 0.271253 -1.112769 2.336394
v 0.269239 -1.175075 2.344618
v 0.266124 -1.233226 2.320527
v 0.262738 -1.271440 2.270642
v 0.259997 -1.279415 2.208295
v 0.258647 -1.255323 2.150185
v 0.259021 -1.205313 2.111930
v 0.261035 -1.143008 2.103747
v 0.225168 -1.052791 2.089417
v 0.229945 -0.998793 2.159988
v 0.233829 -0.987328 2.248129
v 0.235739 -1.021555 2.330288
v 0.235220 -1.092167 2.384411
v 0.232375 -1.180391 2.395999
v 0.227951 -1.262468 2.361939
v 0.223175 -1.316465 2.291368
v 0.219291 -1.327929 2.203186
v 0.217359 -1.293703 2.121068
v 0.217899 -1.223091 2.066945
v 0.220745 -1.134867 2.055357
v 0.174556 -1.027370 2.060757
v 0.180413 -0.961243 2.147194
v 0.185168 -0.947121 2.255148
v 0.187536 -0.988990 2.355750
v 0.186871 -1.075553 2.422043
v 0.183382 -1.183548 2.436248
v 0.177983 -1.284067 2.394546
v 0.172126 -1.350276 2.308108
v 0.167391 -1.364316 2.200112
v 0.165023 -1.322447 2.099510
v 0.165667 -1.235884 2.033218
v 0.169156 -1.127889 2.019054
v 0.115802 -1.010423 2.043768
v 0.122344 -0.936487 2.140175
v 0.127640 -0.920870 2.260631
v 0.130278 -0.967557 2.372863
v 0.129551 -1.064088 2.446757
v 0.125646 -1.184545 2.462583
v 0.119624 -1.296694 2.416061
v 0.113102 -1.370546 2.319696
v 0.107806 -1.386164 2.199240
v 0.105169 -1.339477 2.087008
v 0.105896 -1.243029 2.013072
v 0.109779 -1.122572 1.997288
v -0.009867 -1.005605 2.048711
v -0.003325 -0.931835 2.145076
v 0.001971 -0.916217 2.265533
v 0.004608 -0.962905 2.377765
v 0.003881 -1.059437 2.451700
v -0.000023 -1.179893 2.467484
v -0.006046 -1.292041 2.421004
v -0.012567 -1.365811 2.324598
v -0.017863 -1.381429 2.204141
v -0.020501 -1.334742 2.091909
v -0.019794 -1.238210 2.018015
v -0.015890 -1.117754 2.002190
v -0.068226 -1.018232 2.070227
v -0.062370 -0.952105 2.156665
v -0.057614 -0.938149 2.264660
v -0.055246 -0.979852 2.365262
v -0.055911 -1.066414 2.431555
v -0.059400 -1.174410 2.445719
v -0.064799 -1.275095 2.404016
v -0.070656 -1.341221 2.317578
v -0.075391 -1.355178 2.209624
v -0.077759 -1.313392 2.108981
v -0.077115 -1.226746 2.042729
v -0.073626 -1.118751 2.028524
v -0.118195 -1.039997 2.102833
v -0.113418 -0.985833 2.173404
v -0.109534 -0.974535 2.261586
v -0.107603 -1.008595 2.343705
v -0.108143 -1.079207 2.397827
v -0.110988 -1.167431 2.409416
v -0.115391 -1.249509 2.375356
v -0.120168 -1.303672 2.304785
v -0.124052 -1.315053 2.216644
v -0.125983 -1.280910 2.134484
v -0.125443 -1.210298 2.080362
v -0.122598 -1.122074 2.068773
v -0.156367 -1.069239 2.144245
v -0.152982 -1.031025 2.194131
v -0.150240 -1.022884 2.256477
v -0.148870 -1.047142 2.314587
v -0.149244 -1.096986 2.352843
v -0.151258 -1.159457 2.361025
v -0.154394 -1.217442 2.336976
v -0.157759 -1.255656 2.287048
v -0.160500 -1.263797 2.224702
v -0.161871 -1.239540 2.166634
v -0.161497 -1.189529 2.128378
v -0.159482 -1.127224 2.120154
v -0.155890 -1.104961 2.190725
v -0.154145 -1.085189 2.216561
v -0.152712 -1.081035 2.248835
v -0.152006 -1.093496 2.278907
v -0.152214 -1.119415 2.298720
v -0.153252 -1.151648 2.302957
v -0.154872 -1.181721 2.290496
v -0.156616 -1.201492 2.264660
v -0.158029 -1.205645 2.232386
v -0.158735 -1.193185 2.202314
v -0.158548 -1.167265 2.182501
v -0.157509 -1.135033 2.178264
v -0.155370 -1.143341 2.240610
v 0.112645 -1.025875 2.064246
v 0.118461 -0.960080 2.150102
v 0.059146 -0.950610 2.149437
v 0.053123 -1.018896 2.060383
v 0.123175 -0.946290 2.257391
v 0.064047 -0.936155 2.260756
v 0.125522 -0.987827 2.357370
v 0.066477 -0.979354 2.364431
v 0.124878 -1.073725 2.423206
v 0.065813 -1.068574 2.432759
v 0.121410 -1.181056 2.437287
v 0.062220 -1.179893 2.447380
v 0.116051 -1.280910 2.395875
v 0.056654 -1.283568 2.404390
v 0.110236 -1.346704 2.310018
v 0.050610 -1.351688 2.315335
v 0.105501 -1.360660 2.202729
v 0.045709 -1.366143 2.204017
v 0.103154 -1.319041 2.102750
v 0.043279 -1.323028 2.100341
v 0.103798 -1.233060 2.036914
v 0.043944 -1.233891 2.032013
v 0.107287 -1.125728 2.022834
v 0.047557 -1.122572 2.017392
v -0.000459 -0.955761 2.154754
v -0.006274 -1.021388 2.068898
v 0.004255 -0.941804 2.262043
v 0.006602 -0.983341 2.362022
v 0.005958 -1.069239 2.427858
v 0.002490 -1.176570 2.441939
v -0.002868 -1.276424 2.400527
v -0.008704 -1.342218 2.314629
v -0.013419 -1.356174 2.207381
v -0.015765 -1.314555 2.107402
v -0.015122 -1.228573 2.041567
v -0.011653 -1.121243 2.027486
v -0.181351 -1.068242 2.145242
v -0.177966 -1.030029 2.195128
v -0.179129 -1.084192 2.217516
v -0.180874 -1.103964 2.191722
v -0.175225 -1.021887 2.257474
v -0.177696 -1.080038 2.249790
v -0.173854 -1.046145 2.315543
v -0.176990 -1.092499 2.279863
v -0.174228 -1.096155 2.353840
v -0.177198 -1.118418 2.299676
v -0.176263 -1.158460 2.362022
v -0.178236 -1.150651 2.303912
v -0.179378 -1.216445 2.337931
v -0.179856 -1.180724 2.291451
v -0.182764 -1.254659 2.288045
v -0.181601 -1.200495 2.265616
v -0.185505 -1.262800 2.225699
v -0.183013 -1.204649 2.233341
v -0.186855 -1.238543 2.167589
v -0.183719 -1.192188 2.203311
v -0.186481 -1.188698 2.129334
v -0.183532 -1.166269 2.183497
v -0.184467 -1.126228 2.121151
v -0.182494 -1.134036 2.179261
v -0.099836 -1.643608 3.173940
v 0.224483 -1.655737 3.161272
v -0.164778 -1.420224 2.335522
v 0.246311 -1.435676 2.319447
v -0.141788 -0.880994 2.406674
v 0.269301 -0.896280 2.390599
v -0.067645 -0.888471 3.273587
v 0.256674 -0.900599 3.260918
v 0.265147 -1.159124 2.224162
v 0.540204 -0.611338 2.555625
v 0.593402 -0.594723 2.536518
v 0.614097 -0.549365 2.505116
v 0.590151 -0.501847 2.479820
v 0.535614 -0.479916 2.475459
v 0.482405 -0.496531 2.494607
v 0.461720 -0.542055 2.526009
v 0.485666 -0.589573 2.551305
v 0.518168 -0.692584 2.423870
v 0.571366 -0.675970 2.404722
v 0.592052 -0.630611 2.373320
v 0.568116 -0.583094 2.348024
v 0.513558 -0.561162 2.343705
v 0.460370 -0.577776 2.362811
v 0.439685 -0.623135 2.394255
v 0.463631 -0.670652 2.419509
v 0.537909 -0.545710 2.515542
v 0.515873 -0.626790 2.383788
v 0.636392 -0.778315 2.664202
v 0.609622 -0.876841 2.504202
v 0.485936 -0.599542 2.579259
v 0.459165 -0.698067 2.419218
v 0.634689 -0.511816 2.500381
v 0.607919 -0.610341 2.340340
v 0.785146 -0.690590 2.585324
v 0.758375 -0.789115 2.425283
v -0.224757 -1.227411 0.937874
v -0.226170 -1.151648 0.829349
v -0.230884 -1.140349 0.697605
v -0.237675 -1.196341 0.577937
v -0.244695 -1.304835 0.502403
v -0.250053 -1.436506 0.491255
v -0.252358 -1.556298 0.547470
v -0.250946 -1.631978 0.655985
v -0.246211 -1.643359 0.787729
v -0.239441 -1.587285 0.907407
v -0.232421 -1.478874 0.982931
v -0.227042 -1.347119 0.994083
v 0.221908 -1.244191 0.920408
v 0.220516 -1.168429 0.811883
v 0.215781 -1.157131 0.680138
v 0.209011 -1.213122 0.560471
v 0.201991 -1.321533 0.484937
v 0.196612 -1.453287 0.473789
v 0.194327 -1.572996 0.530004
v 0.195740 -1.648759 0.638519
v 0.200454 -1.660057 0.770273
v 0.207245 -1.604065 0.889940
v 0.214265 -1.495655 0.965475
v 0.219623 -1.363900 0.976617
v -0.228329 -1.269944 0.887344
v -0.229368 -1.213786 0.806919
v -0.232878 -1.205480 0.709266
v -0.237904 -1.247016 0.620575
v -0.243096 -1.327348 0.564594
v -0.247083 -1.424959 0.556323
v -0.248786 -1.513765 0.597989
v -0.247727 -1.569839 0.678425
v -0.244238 -1.578230 0.776067
v -0.239212 -1.536693 0.864769
v -0.233999 -1.456361 0.920750
v -0.230032 -1.358667 0.929016
v 0.218356 -1.286725 0.869889
v 0.217297 -1.230568 0.789453
v 0.213808 -1.222094 0.691800
v 0.208782 -1.263630 0.603109
v 0.203569 -1.344046 0.547128
v 0.199603 -1.441740 0.538862
v 0.197899 -1.530463 0.580523
v 0.198938 -1.586537 0.660959
v 0.202448 -1.595010 0.758601
v 0.207474 -1.553474 0.847303
v 0.212666 -1.473059 0.903284
v 0.216653 -1.375448 0.911550
v -0.164529 -1.272271 0.884852
v -0.165568 -1.216279 0.804416
v -0.169057 -1.207806 0.706774
v -0.174083 -1.249342 0.618072
v -0.179295 -1.329674 0.562096
v -0.183283 -1.427368 0.553831
v -0.184965 -1.516091 0.595497
v -0.183927 -1.572248 0.675922
v -0.180417 -1.580639 0.773575
v -0.175391 -1.539102 0.862267
v -0.170199 -1.458770 0.918258
v -0.166211 -1.361076 0.926524
v 0.154535 -1.284233 0.872381
v 0.153497 -1.228242 0.791945
v 0.149987 -1.219768 0.694302
v 0.144961 -1.261305 0.605601
v 0.139769 -1.341637 0.549620
v 0.135781 -1.439331 0.541354
v 0.134078 -1.528054 0.583026
v 0.135117 -1.584211 0.663451
v 0.138627 -1.592601 0.761104
v 0.143652 -1.551065 0.849795
v 0.148845 -1.470733 0.905776
v 0.152832 -1.373039 0.914042
v -0.169867 -1.336154 0.809068
v -0.170365 -1.309487 0.770772
v -0.172047 -1.305500 0.724271
v -0.174436 -1.325271 0.682028
v -0.176907 -1.363485 0.655372
v -0.178797 -1.410006 0.651437
v -0.179607 -1.452290 0.671281
v -0.179108 -1.478957 0.709578
v -0.177447 -1.483028 0.756078
v -0.175059 -1.463173 0.798321
v -0.172587 -1.424959 0.824977
v -0.170677 -1.378438 0.828913
v 0.149177 -1.348116 0.796597
v 0.148678 -1.321450 0.758290
v 0.147017 -1.317379 0.711789
v 0.144629 -1.337234 0.669557
v 0.142136 -1.375448 0.642901
v 0.140247 -1.421969 0.638965
v 0.139437 -1.464253 0.658799
v 0.139935 -1.490920 0.697106
v 0.141597 -1.494990 0.743607
v 0.144006 -1.475135 0.785839
v 0.146477 -1.436922 0.812506
v 0.148367 -1.390401 0.816441
v -0.201787 -1.334991 0.810315
v -0.202286 -1.308324 0.772018
v -0.206647 -1.393059 0.741426
v -0.203947 -1.304336 0.725517
v -0.206336 -1.324025 0.683274
v -0.208807 -1.362322 0.656618
v -0.210718 -1.408843 0.652683
v -0.211507 -1.451044 0.672527
v -0.211029 -1.477794 0.710824
v -0.209347 -1.481781 0.757324
v -0.206959 -1.462010 0.799567
v -0.204487 -1.423713 0.826223
v -0.202597 -1.377275 0.830159
v 0.181077 -1.349363 0.795351
v 0.180579 -1.322613 0.757044
v 0.176217 -1.407348 0.726452
v 0.178917 -1.318625 0.710543
v 0.176529 -1.338397 0.668311
v 0.174057 -1.376694 0.641655
v 0.172147 -1.423132 0.637719
v 0.171337 -1.465416 0.657553
v 0.171835 -1.492166 0.695860
v 0.173517 -1.496153 0.742360
v 0.175906 -1.476382 0.784593
v 0.178377 -1.438085 0.811260
v 0.180267 -1.391564 0.815185
v -0.129036 -1.230899 0.934125
v -0.130448 -1.155303 0.825610
v 0.124795 -1.164773 0.815631
v 0.126207 -1.240537 0.924146
v -0.135183 -1.144005 0.693866
v 0.120060 -1.153475 0.683887
v -0.141954 -1.199996 0.574194
v 0.113289 -1.209467 0.564215
v -0.148974 -1.308324 0.498659
v 0.106269 -1.317961 0.488680
v -0.154353 -1.440078 0.487512
v 0.100891 -1.449715 0.477533
v -0.156637 -1.559871 0.543727
v 0.098606 -1.569424 0.533747
v -0.155225 -1.635550 0.652247
v 0.100018 -1.645104 0.642267
v -0.150510 -1.646931 0.783991
v 0.104733 -1.656485 0.774011
v -0.143719 -1.590857 0.903658
v 0.111524 -1.600410 0.893679
v -0.136700 -1.482446 0.979192
v 0.118544 -1.492000 0.969213
v -0.131341 -1.350692 0.990345
v 0.123902 -1.360328 0.980366
v -0.127250 -1.209633 0.959390
v -0.128849 -1.124233 0.836825
v 0.126394 -1.133704 0.826846
v 0.127993 -1.219270 0.949411
v -0.134187 -1.111440 0.688030
v 0.121057 -1.120910 0.678051
v -0.141850 -1.174742 0.552875
v 0.113393 -1.184213 0.542896
v -0.149763 -1.297192 0.467569
v 0.105480 -1.306663 0.457590
v -0.155827 -1.445894 0.454973
v 0.099416 -1.455447 0.444994
v -0.158423 -1.581137 0.518462
v 0.096820 -1.590691 0.508483
v -0.156824 -1.666620 0.641032
v 0.098419 -1.676256 0.631042
v -0.151487 -1.679496 0.789827
v 0.103757 -1.689050 0.779837
v -0.143844 -1.616194 0.924977
v 0.111399 -1.625748 0.914997
v -0.135910 -1.493744 1.010272
v 0.119333 -1.503297 1.000303
v -0.129846 -1.344960 1.022879
v 0.125397 -1.354513 1.012910
v -0.271299 -1.355344 0.919992
v -0.223491 -1.156964 2.035544
v 0.314514 -1.177068 2.014485
v 0.266684 -1.375531 0.898964
v -0.282680 -1.548988 0.855984
v -0.228869 -1.333661 2.067195
v 0.309114 -1.353765 2.046177
v 0.255303 -1.569175 0.834946
v -0.175287 -1.349612 2.067568
v 0.254701 -1.365728 2.050788
v 0.260578 -1.173080 2.016271
v -0.169430 -1.156964 2.033093
v -0.171923 -1.336486 2.141421
v 0.257962 -1.352436 2.121525
v 0.263943 -1.159955 2.090081
v -0.166045 -1.143839 2.106904
v -0.188517 -1.445478 2.085222
v -0.230905 -1.400785 2.079240
v -0.285692 -1.615779 0.867988
v -0.243636 -1.660805 0.874063
v 0.307079 -1.420888 2.058181
v 0.262053 -1.462342 2.067610
v 0.252271 -1.636547 0.847064
v 0.206954 -1.677669 0.856451
v -0.263864 -1.155137 0.884053
v -0.218714 -1.113933 0.874655
v -0.217385 -0.956757 1.999697
v -0.172359 -0.915387 1.990269
v 0.274119 -1.175573 0.863077
v 0.231877 -1.130713 0.857033
v 0.278211 -0.932334 1.972616
v 0.320599 -0.977028 1.978638
v 0.209696 -1.407098 2.060175
v -0.132899 -1.394305 2.073591
v -0.165007 -1.012085 2.007091
v -0.120002 -0.970548 1.997662
v 0.222593 -0.983507 1.984287
v 0.264981 -1.028201 1.990269
v 0.213060 -1.393973 2.134027
v -0.129534 -1.381180 2.147444
v -0.161642 -0.998959 2.080943
v -0.116617 -0.957422 2.071514
v 0.268366 -1.015075 2.064121
v 0.225978 -0.970382 2.058098
v 0.319228 0.065046 -0.012406
v 0.320329 0.052418 0.028124
v 0.320287 0.021183 0.056959
v 0.319124 -0.020188 0.066378
v 0.317110 -0.060561 0.053847
v 0.314805 -0.089471 0.022734
v 0.312852 -0.098775 -0.018631
v 0.311731 -0.086148 -0.059160
v 0.311772 -0.055079 -0.088000
v 0.312956 -0.013708 -0.097413
v 0.314971 0.026832 -0.084885
v 0.317255 0.055575 -0.053771
v 0.290589 0.142470 -0.008270
v 0.292749 0.118213 0.070029
v 0.292666 0.058067 0.125735
v 0.290381 -0.022015 0.143924
v 0.286497 -0.100271 0.119722
v 0.282053 -0.155764 0.059612
v 0.278252 -0.173873 -0.020298
v 0.276113 -0.149616 -0.098592
v 0.276196 -0.089471 -0.154303
v 0.278481 -0.009388 -0.172491
v 0.282344 0.068867 -0.148290
v 0.286788 0.124360 -0.088182
v 0.242863 0.209926 -0.003813
v 0.245895 0.175533 0.106916
v 0.245791 0.090466 0.185699
v 0.242551 -0.022680 0.211423
v 0.237069 -0.133334 0.177196
v 0.230797 -0.211921 0.092189
v 0.225418 -0.237507 -0.020822
v 0.222385 -0.203115 -0.131551
v 0.222489 -0.118048 -0.210331
v 0.225729 -0.005068 -0.236058
v 0.231212 0.105752 -0.201831
v 0.237484 0.184339 -0.116821
v 0.179291 0.262594 0.000660
v 0.183009 0.220559 0.136278
v 0.182863 0.116219 0.232763
v 0.178917 -0.022181 0.264268
v 0.172188 -0.157757 0.222349
v 0.164525 -0.254122 0.118239
v 0.157920 -0.285358 -0.020171
v 0.154203 -0.243323 -0.155788
v 0.154348 -0.138983 -0.252272
v 0.158294 -0.000583 -0.283783
v 0.165023 0.134994 -0.241857
v 0.172707 0.231359 -0.137751
v 0.104193 0.297153 0.004845
v 0.108346 0.250133 0.156105
v 0.108201 0.133830 0.263725
v 0.103798 -0.020520 0.298865
v 0.096301 -0.171714 0.252109
v 0.087723 -0.279210 0.135987
v 0.080392 -0.314101 -0.018387
v 0.076239 -0.267082 -0.169646
v 0.076384 -0.150945 -0.277267
v 0.080787 0.003571 -0.312402
v 0.088284 0.154765 -0.265652
v 0.096861 0.262262 -0.149526
v -0.059587 0.303301 0.011249
v -0.055433 0.256280 0.162510
v -0.055578 0.139978 0.270130
v -0.060002 -0.014373 0.305270
v -0.067499 -0.165566 0.258512
v -0.076056 -0.273063 0.142391
v -0.083408 -0.307954 -0.011983
v -0.087562 -0.261100 -0.163239
v -0.087416 -0.144798 -0.270860
v -0.082993 0.009719 -0.305995
v -0.075495 0.160912 -0.259245
v -0.066939 0.268409 -0.143124
v -0.137136 0.274557 0.013033
v -0.133418 0.232356 0.148650
v -0.133543 0.128181 0.245135
v -0.137509 -0.010385 0.276640
v -0.144218 -0.145961 0.234722
v -0.151902 -0.242160 0.130611
v -0.158485 -0.273561 -0.007798
v -0.162224 -0.231360 -0.143415
v -0.162078 -0.127187 -0.239900
v -0.158132 0.011380 -0.271405
v -0.151404 0.146790 -0.229484
v -0.143719 0.243155 -0.125378
v -0.204633 0.226707 0.013685
v -0.201601 0.192314 0.124413
v -0.201704 0.107247 0.203196
v -0.204924 -0.005899 0.228920
v -0.210427 -0.116553 0.194693
v -0.216699 -0.195306 0.109686
v -0.222057 -0.220727 -0.003325
v -0.225110 -0.186334 -0.114054
v -0.225007 -0.101267 -0.192833
v -0.221767 0.011712 -0.218560
v -0.216284 0.122532 -0.184334
v -0.210012 0.201120 -0.099324
v -0.257467 0.163073 0.013160
v -0.255328 0.138649 0.091458
v -0.255391 0.078503 0.147163
v -0.257675 -0.001413 0.165353
v -0.261559 -0.079668 0.141151
v -0.266003 -0.135328 0.081041
v -0.269804 -0.153437 0.001133
v -0.271943 -0.129014 -0.077164
v -0.271860 -0.068869 -0.132875
v -0.269575 0.011048 -0.151063
v -0.265713 0.089303 -0.126858
v -0.261268 0.144963 -0.066751
v -0.260437 0.086644 0.010258
v -0.259337 0.074184 0.050788
v -0.259378 0.042948 0.079624
v -0.260562 0.001578 0.089041
v -0.262556 -0.038963 0.076511
v -0.264861 -0.067706 0.045398
v -0.266834 -0.077010 0.004032
v -0.267935 -0.064549 -0.036497
v -0.267893 -0.033314 -0.065334
v -0.266709 0.008058 -0.074750
v -0.264716 0.048597 -0.062221
v -0.262410 0.077341 -0.031108
v 0.326809 -0.017363 -0.015942
v -0.263636 0.004900 0.007145
v 0.098502 0.263924 0.003747
v 0.102199 0.222054 0.138476
v 0.025231 0.233518 0.146945
v 0.021410 0.277049 0.007166
v 0.102074 0.118545 0.234331
v 0.025107 0.126188 0.246393
v 0.098128 -0.019024 0.265631
v 0.021015 -0.016532 0.278868
v 0.091462 -0.153770 0.223986
v 0.014100 -0.156262 0.235662
v 0.083840 -0.249471 0.120556
v 0.006187 -0.255618 0.128352
v 0.077298 -0.280540 -0.016946
v -0.000605 -0.287851 -0.014301
v 0.073580 -0.238671 -0.151671
v -0.004447 -0.244486 -0.154080
v 0.073725 -0.135161 -0.247532
v -0.004301 -0.136989 -0.253529
v 0.077651 0.002408 -0.278830
v -0.000231 0.005731 -0.286005
v 0.084338 0.137153 -0.237184
v 0.006706 0.145461 -0.242797
v 0.091960 0.232854 -0.133753
v 0.014619 0.244651 -0.135487
v -0.052795 0.227869 0.144537
v -0.056492 0.269739 0.009809
v -0.052941 0.124360 0.240392
v -0.056866 -0.013209 0.271692
v -0.063533 -0.147954 0.230047
v -0.071175 -0.243655 0.126618
v -0.077717 -0.274725 -0.010884
v -0.081414 -0.232856 -0.145611
v -0.081269 -0.129346 -0.241473
v -0.077344 0.008223 -0.272766
v -0.070677 0.142968 -0.231125
v -0.063034 0.238669 -0.127693
v -0.290032 0.164235 0.014432
v -0.287872 0.139978 0.092731
v -0.291901 0.075347 0.052062
v -0.293002 0.087974 0.011532
v -0.287955 0.079833 0.148436
v -0.291943 0.044277 0.080897
v -0.290240 -0.000250 0.166626
v -0.293106 0.002740 0.090315
v -0.294124 -0.078505 0.142424
v -0.295121 -0.037633 0.077785
v -0.298568 -0.134164 0.082315
v -0.297426 -0.066543 0.046671
v -0.302369 -0.152108 0.002405
v -0.299378 -0.075847 0.005307
v -0.304508 -0.127851 -0.075892
v -0.300499 -0.063220 -0.035222
v -0.304425 -0.067706 -0.131603
v -0.300458 -0.032150 -0.064062
v -0.302140 0.012377 -0.149786
v -0.299274 0.009220 -0.073478
v -0.298277 0.090632 -0.125585
v -0.297260 0.049760 -0.060947
v -0.293833 0.146125 -0.065477
v -0.294975 0.078670 -0.029833
v -0.290614 -1.398459 0.550092
v -0.270427 -0.201122 -0.081297
v 0.267557 -0.221225 -0.102330
v 0.247370 -1.418563 0.529059
v -0.279856 -1.230734 0.664448
v -0.261580 -0.146792 0.092809
v 0.276404 -0.166895 0.071774
v 0.258128 -1.251004 0.643410
v -0.294103 -1.429695 0.490705
v -0.251715 -1.452208 0.449371
v -0.273916 -0.232358 -0.140684
v -0.231528 -0.254787 -0.182018
v 0.243881 -1.449881 0.469672
v 0.196820 -1.468988 0.431832
v 0.264067 -0.252461 -0.161722
v 0.217006 -0.271734 -0.199557
v -0.251071 -0.052586 0.271666
v -0.204010 -0.033479 0.309501
v -0.269326 -1.136695 0.843305
v -0.222286 -1.117422 0.881135
v 0.286933 -0.072690 0.250631
v 0.244524 -0.050260 0.291965
v 0.268657 -1.156798 0.822267
v 0.226248 -1.134202 0.863606
v 0.300516 -0.949779 3.554666
v 0.303050 -0.944795 3.600730
v 0.273704 -0.951274 3.636119
v 0.229654 -0.965397 3.640024
v 0.196716 -0.978855 3.610200
v 0.194182 -0.983839 3.564136
v 0.223548 -0.977359 3.528788
v 0.267577 -0.963237 3.524843
v 0.262198 -0.833144 3.544406
v 0.264732 -0.828160 3.590512
v 0.235386 -0.834806 3.625818
v 0.191337 -0.848928 3.629806
v 0.158398 -0.862386 3.599982
v 0.155864 -0.867204 3.553877
v 0.185231 -0.860724 3.518487
v 0.229260 -0.846602 3.514583
v 0.248616 -0.964234 3.582454
v 0.210298 -0.847765 3.572194
v 0.503444 -0.883819 3.752755
v 0.552903 -0.880829 3.602475
v 0.242344 -0.977359 3.664946
v 0.291814 -0.974369 3.514666
v 0.193102 -0.827495 3.651737
v 0.242572 -0.824505 3.501416
v 0.454202 -0.733955 3.739546
v 0.503672 -0.730964 3.589266
v 0.591356 -0.845439 3.652485
v 0.593890 -0.840621 3.698591
v 0.564544 -0.847101 3.733980
v 0.520494 -0.861223 3.737884
v 0.487556 -0.874681 3.708061
v 0.485022 -0.879665 3.661955
v 0.514368 -0.873019 3.626649
v 0.558417 -0.858897 3.622662
v 0.553038 -0.728970 3.642184
v 0.555572 -0.723986 3.688290
v 0.526226 -0.730466 3.723679
v 0.482177 -0.744588 3.727583
v 0.449238 -0.758046 3.697760
v 0.446704 -0.763030 3.651654
v 0.476050 -0.756551 3.616348
v 0.520100 -0.742428 3.612360
v 0.539456 -0.860060 3.680314
v 0.501138 -0.743425 3.670013
v 0.674315 -0.822511 3.810241
v 0.723785 -0.819520 3.659961
v 0.533537 -0.873019 3.762889
v 0.583007 -0.870029 3.612609
v 0.484295 -0.723155 3.749681
v 0.533776 -0.720165 3.599401
v 0.625073 -0.672813 3.797032
v 0.674544 -0.669656 3.646753
v 0.723194 0.347661 4.962636
v 0.658770 0.347661 3.772941
v 0.723194 0.770339 4.962636
v 0.658770 0.770339 3.772941
v 0.329799 0.770339 4.983903
v 0.265376 0.770339 3.794208
v 0.329799 0.347661 4.983903
v 0.265376 0.347661 3.794208
v 0.670089 0.347661 3.981954
v 0.276695 0.347661 4.003304
v 0.276695 0.770339 4.003304
v 0.670089 0.770339 3.981954
v 0.675239 0.347661 4.077073
v 0.281845 0.347661 4.098423
v 0.281845 0.770339 4.098423
v 0.675239 0.770339 4.077073
v 0.709050 0.347661 4.701370
v 0.315656 0.347661 4.722637
v 0.315656 0.770339 4.722637
v 0.709050 0.770339 4.701370
v 0.714845 0.347661 4.808368
v 0.321450 0.347661 4.829635
v 0.321450 0.770339 4.829635
v 0.714845 0.770339 4.808368
v 0.594866 0.245813 4.081476
v 0.362219 0.245813 4.094020
v 0.357068 0.245813 3.998901
v 0.589715 0.245813 3.986357
v 0.594866 0.347661 4.081476
v 0.362219 0.347661 4.094020
v 0.357068 0.347661 3.998901
v 0.589715 0.347661 3.986357
v 0.634471 0.245813 4.812688
v 0.401824 0.245813 4.825316
v 0.396030 0.245813 4.718317
v 0.628677 0.245813 4.705690
v 0.634471 0.347661 4.812688
v 0.401824 0.347661 4.825316
v 0.396030 0.347661 4.718317
v 0.628677 0.347661 4.705690
v 0.367016 0.393851 4.981909
v 0.685987 0.393851 4.964629
v 0.685987 0.723984 4.964629
v 0.367016 0.723984 4.981909
v 0.302593 0.393851 3.792214
v 0.621553 0.393851 3.774935
v 0.621553 0.723984 3.774935
v 0.302593 0.723984 3.792214
v 0.622810 0.732125 3.783658
v 0.622810 0.389863 3.783658
v 0.302717 0.732125 3.801020
v 0.302717 0.389863 3.801020
v 0.099499 -1.603733 3.077077
v 0.104110 -1.608801 3.122975
v 0.074722 -1.614118 3.158530
v 0.028554 -1.616444 3.162892
v -0.007333 -1.614450 3.133525
v -0.011944 -1.609299 3.087627
v 0.017443 -1.604065 3.052072
v 0.063611 -1.601740 3.047710
v 0.082718 -1.180225 3.125965
v 0.087329 -1.185375 3.171864
v 0.057942 -1.190693 3.207419
v 0.011773 -1.193018 3.211780
v -0.024114 -1.191024 3.182414
v -0.028704 -1.185874 3.136516
v 0.000683 -1.180557 3.100960
v 0.046830 -1.178231 3.096599
v 0.046083 -1.609050 3.105322
v 0.029302 -1.185708 3.154210
v 0.344524 -1.639538 3.276993
v 0.390235 -1.620348 3.126713
v 0.038565 -1.640867 3.183743
v 0.084276 -1.621760 3.033505
v 0.019915 -1.169924 3.238156
v 0.065626 -1.150651 3.087876
v 0.325853 -1.168429 3.331365
v 0.371564 -1.149321 3.181126
v 0.650390 -1.540099 2.949351
v 0.695779 -1.533204 2.942581
v 0.733214 -1.531709 2.969995
v 0.740764 -1.536527 3.015561
v 0.714004 -1.544834 3.052529
v 0.668604 -1.551812 3.059341
v 0.631169 -1.553308 3.031926
v 0.623630 -1.548490 2.986361
v 0.594118 -1.120744 3.003349
v 0.639507 -1.113766 2.996579
v 0.676942 -1.112271 3.023993
v 0.684492 -1.117089 3.069517
v 0.657721 -1.125563 3.106526
v 0.612332 -1.132374 3.113297
v 0.574897 -1.133870 3.085882
v 0.567348 -1.129051 3.040317
v 0.682197 -1.542508 3.000940
v 0.625925 -1.123071 3.054938
v 0.801023 -1.530296 2.853692
v 0.648230 -1.545914 2.815645
v 0.765883 -1.554388 3.004637
v 0.613090 -1.570006 2.966589
v 0.703287 -1.087848 3.064699
v 0.550484 -1.103466 3.026610
v 0.738427 -1.063756 2.913755
v 0.585634 -1.079374 2.875665
v 0.432312 -1.594014 3.140794
v 0.471689 -1.591854 3.165301
v 0.482717 -1.596174 3.210160
v 0.458916 -1.604398 3.249163
v 0.414243 -1.611708 3.259423
v 0.374867 -1.613868 3.234958
v 0.363839 -1.609549 3.190057
v 0.387639 -1.601324 3.151054
v 0.376030 -1.174576 3.194750
v 0.415427 -1.172582 3.219257
v 0.426435 -1.176736 3.264158
v 0.402655 -1.185044 3.303120
v 0.357982 -1.192354 3.313421
v 0.318584 -1.194514 3.288914
v 0.307556 -1.190193 3.244054
v 0.331357 -1.181886 3.205051
v 0.423278 -1.602903 3.200108
v 0.366995 -1.183548 3.254106
v 0.719050 -1.571169 3.085758
v 0.626060 -1.567181 2.957783
v 0.486808 -1.623837 3.252860
v 0.393828 -1.619850 3.124885
v 0.424212 -1.157297 3.312922
v 0.331232 -1.153309 3.184948
v 0.656454 -1.104628 3.145779
v 0.563464 -1.100641 3.017804
v 0.638583 -1.506953 4.902657
v 0.624398 -1.564439 4.640892
v 0.633962 -1.256653 4.817257
v 0.619269 -1.277421 4.546023
v 0.625250 -0.412461 4.656593
v 0.637908 -0.397175 4.890196
v 0.641013 -0.668825 4.947683
v 0.626621 -0.700725 4.681765
v 0.644533 -0.925023 5.012480
v 0.629559 -0.977028 4.736095
v 0.648189 -1.174244 5.080102
v 0.651917 -1.419310 5.148886
v 0.614876 -0.992313 4.464860
v 0.611667 -0.704713 4.405795
v 0.609933 -0.418608 4.373645
v 0.642965 -1.702508 4.983653
v 0.655852 -1.645519 5.221576
v 0.652675 -1.965435 5.162926
v 0.647410 -1.875217 5.065730
v 0.660286 -1.875051 5.303403
v 0.658687 -1.923732 5.273995
v 0.639580 -2.056733 4.921016
v 0.634014 -1.962777 4.818254
v 0.629123 -1.786744 4.727953
v 0.622394 -2.175943 4.603759
v 0.619923 -2.132246 4.558151
v 0.615094 -1.917169 4.469013
v 0.610639 -1.686391 4.386771
v 0.603817 -1.296195 4.260665
v 0.598978 -1.010257 4.171444
v 0.595250 -0.706540 4.102660
v 0.594523 -0.400996 4.089119
v 0.522343 -0.397175 4.896426
v 0.525448 -0.668825 4.953913
v 0.528968 -0.925023 5.018710
v 0.532623 -1.174244 5.086332
v 0.536351 -1.419310 5.155117
v 0.540287 -1.645519 5.227806
v 0.543121 -1.923732 5.280225
v 0.537109 -1.965435 5.169157
v 0.544721 -1.875051 5.309633
v 0.524015 -2.056733 4.927247
v 0.506829 -2.175943 4.609989
v 0.504357 -2.132246 4.564382
v 0.499539 -1.917169 4.475244
v 0.495074 -1.686391 4.393001
v 0.488241 -1.296195 4.266979
v 0.483423 -1.010257 4.177758
v 0.479685 -0.706540 4.108890
v 0.478958 -0.400996 4.095349
v 0.407452 -1.506953 4.915118
v 0.393267 -1.564439 4.653353
v 0.402821 -1.256653 4.829802
v 0.388138 -1.277421 4.558567
v 0.394119 -0.412461 4.669138
v 0.406767 -0.397175 4.902740
v 0.409882 -0.668825 4.960144
v 0.395490 -0.700725 4.694309
v 0.413392 -0.925023 5.025024
v 0.398439 -0.977028 4.748639
v 0.417068 -1.174244 5.092563
v 0.420785 -1.419310 5.161431
v 0.383735 -0.992313 4.477404
v 0.380536 -0.704713 4.418339
v 0.378792 -0.418608 4.386189
v 0.411834 -1.702508 4.996114
v 0.424731 -1.645519 5.234120
v 0.421554 -1.965435 5.175470
v 0.416279 -1.875217 5.078191
v 0.429155 -1.875051 5.315947
v 0.427556 -1.923732 5.286456
v 0.408449 -2.056733 4.933560
v 0.402883 -1.962777 4.830798
v 0.397982 -1.786744 4.740498
v 0.391253 -2.175943 4.616303
v 0.388802 -2.132246 4.570695
v 0.383963 -1.917169 4.481558
v 0.379519 -1.686391 4.399232
v 0.372686 -1.296195 4.273210
v 0.367847 -1.010257 4.183988
v 0.364129 -0.706540 4.115121
v 0.363382 -0.400996 4.101580
v 0.625250 -0.211589 4.656593
v 0.637908 -0.196303 4.890196
v 0.509695 -0.211589 4.662824
v 0.522343 -0.196303 4.896426
v 0.609933 -0.217737 4.373645
v 0.494368 -0.217737 4.379876
v 0.594523 -0.200125 4.089119
v 0.478958 -0.200125 4.095349
v 0.406767 -0.196303 4.902740
v 0.394119 -0.211589 4.669138
v 0.378792 -0.217737 4.386189
v 0.363382 -0.200125 4.101580
v 0.661376 -0.171049 4.701785
v 0.665167 0.270237 4.771816
v 0.845332 0.277216 8.098408
v 0.842954 -0.083988 8.054546
v 0.850555 -0.073355 8.194940
v 0.847129 -0.075847 8.131472
v 0.847523 0.243985 8.138782
v 0.850950 0.248970 8.202250
v 0.850296 -0.327227 8.190122
v 0.846329 -0.339356 8.116851
v 0.841584 -0.241828 8.029125
v 0.831282 -0.153936 7.839053
v 0.831085 0.280870 7.835398
v 0.830888 -0.341848 7.831743
v 0.799860 -0.351650 7.258868
v 0.800255 -0.141641 7.266179
v 0.678801 -0.337029 5.023612
v 0.672602 -0.390695 4.909053
v 0.683287 -0.190488 5.106436
v 0.686589 -0.337029 5.167412
v 0.660058 -0.407808 4.677445
v 0.706787 -0.195473 5.540328
v 0.704066 -0.348660 5.490069
v 0.733453 -0.187996 6.032788
v 0.736838 -0.361453 6.095176
v 0.748770 0.280870 6.315487
v 0.710743 0.280870 5.613350
v 0.687119 0.277216 5.177048
v 0.800099 0.280870 7.263354
v 0.644367 0.252293 4.387685
v 0.646849 -0.158754 4.433707
v 0.647254 -0.417611 4.441018
v 0.628500 -0.395514 4.094851
v 0.626226 -0.154767 4.052732
v 0.628209 0.252293 4.089451
v 0.628895 -0.773996 4.102161
v 0.612394 -0.739770 3.797448
v 0.612924 -0.385877 3.807251
v 0.602758 -0.727641 3.619505
v 0.603682 -0.400498 3.636618
v 0.613589 -0.158754 3.819379
v 0.600515 -0.136823 3.578051
v 0.613775 0.242490 3.822952
v 0.595728 0.242490 3.489619
v 0.569622 -0.146626 3.007669
v 0.570017 0.242490 3.014979
v 0.539653 -0.158754 2.454358
v 0.547836 0.234183 2.605469
v 0.571605 -0.415119 3.044263
v 0.538864 -0.405316 2.439737
v 0.592332 -0.749572 3.426941
v 0.585333 -0.837464 3.297761
v 0.625468 -0.861888 4.038776
v 0.621107 -0.847267 3.958361
v 0.623485 -1.037671 4.002224
v 0.619528 -0.996134 3.929119
v 0.618511 -1.056279 3.910428
v 0.622695 -1.101139 3.987603
v 0.620068 -1.142344 3.939088
v 0.616288 -1.079042 3.869306
v 0.611761 -1.149654 3.785818
v 0.610442 -1.080703 3.761477
v 0.605125 -1.147328 3.663284
v 0.604295 -1.077380 3.647833
v 0.598801 -1.149654 3.546442
v 0.598843 -1.076550 3.547272
v 0.591159 -1.147328 3.405300
v 0.591854 -1.066747 3.418259
v 0.588739 -1.140682 3.360648
v 0.589965 -1.045646 3.383369
v 0.584918 -1.119582 3.290077
v 0.589051 -1.016404 3.366338
v 0.584035 -0.892957 3.273836
v 0.589269 -0.854744 3.370409
v 0.589456 -0.791441 3.373857
v 0.559227 0.242490 2.815769
v 0.555043 -0.152441 2.738469
v 0.555676 -0.410300 2.750141
v 0.557099 -0.768181 2.776392
v 0.556932 -0.627454 2.773443
v 0.628656 -0.538068 4.097592
v 0.613765 -0.557507 3.822702
v 0.601086 -0.566312 3.588601
v 0.584139 -0.580102 3.275705
v 0.571605 -0.590071 3.044263
v 0.557732 -0.584920 2.788189
v 0.555614 -0.593394 2.748937
v 0.628614 -0.501349 4.096928
v 0.613547 -0.513145 3.818715
v 0.601751 -0.523613 3.600979
v 0.580899 -0.537403 3.215975
v 0.567493 -0.543716 2.968375
v 0.552862 -0.538566 2.698262
v 0.553163 -0.553353 2.703786
v 0.539373 -0.509324 2.449166
v 0.550152 -0.529926 2.648210
v 0.553121 -0.866207 2.703080
v 0.579206 -1.173911 3.184657
v 0.550484 -0.925522 2.654316
v 0.576486 -1.240537 3.134397
v 0.545520 -1.024545 2.562728
v 0.542644 -1.094161 2.509561
v 0.573682 -1.354430 3.082726
v 0.539124 -1.181388 2.444556
v 0.571283 -1.496485 3.038406
v 0.567690 -1.656236 2.971906
v 0.534960 -1.308656 2.367754
v 0.531200 -1.514263 2.298305
v 0.564721 -1.814574 2.917243
v 0.563526 -1.835259 2.895104
v 0.530006 -1.583796 2.276166
v 0.553038 -0.547040 2.701419
v 0.556527 -0.589739 2.765967
v 0.569248 -0.718503 3.000774
v 0.568781 -0.822344 2.992051
v 0.566912 -0.976197 2.957576
v 0.562934 -1.033185 2.884222
v 0.558947 -1.118252 2.810577
v 0.556102 -1.206975 2.758033
v 0.553070 -1.317961 2.702000
v 0.549155 -1.459352 2.629685
v 0.545738 -1.644439 2.566674
v 0.544534 -1.692788 2.544493
v 0.530723 -1.662217 2.289458
v 0.530245 -1.632560 2.280569
v 0.564482 -1.844148 2.912841
v 0.562883 -1.878208 2.883266
v 0.543049 -1.752435 2.516954
v 0.561522 -1.879620 2.858178
v 0.536320 -1.709486 2.392842
v 0.536237 0.141141 2.391181
v 0.542446 0.224879 2.505822
v 0.516901 -0.144300 2.034131
v 0.522675 0.131670 2.140922
v 0.520359 -0.370591 2.098015
v 0.520619 -0.482242 2.102916
v 0.514056 -0.182014 1.981712
v 0.516008 -0.380394 2.017766
v 0.515323 -0.467123 2.005222
v 0.518480 0.102262 2.063373
v 0.508677 -0.177030 1.882315
v 0.509342 0.097444 1.894527
v 0.507722 -0.392024 1.864869
v 0.507722 -0.451339 1.864869
v 0.467743 -0.139315 1.126679
v 0.467265 0.097444 1.117915
v 0.467992 -0.301641 1.131061
v 0.468117 -0.453166 1.133616
v 0.445147 -0.152606 0.709526
v 0.444773 0.097444 0.702548
v 0.445064 -0.337860 0.707781
v 0.445541 -0.454994 0.716504
v 0.433724 -0.143801 0.498353
v 0.430318 0.097444 0.435524
v 0.435136 -0.356967 0.524532
v 0.435614 -0.454994 0.533259
v 0.430380 -0.550196 0.436583
v 0.422842 -0.365773 0.297650
v 0.420765 -0.150779 0.259257
v 0.418605 0.097444 0.219116
v 0.425874 -0.613664 0.353611
v 0.417130 -0.462803 0.192016
v 0.410567 -0.703051 0.070770
v 0.420931 -0.703882 0.262129
v 0.411315 -0.355306 0.084733
v 0.405645 -0.371090 -0.019981
v 0.409612 -0.698233 0.053181
v 0.415676 -0.809718 0.165014
v 0.411170 -0.861721 0.082076
v 0.413849 -0.858398 0.131524
v 0.395760 -0.851919 -0.202730
v 0.395157 -0.792272 -0.213700
v 0.403714 -0.862552 -0.055765
v 0.414347 -0.147290 0.140580
v 0.401866 -0.154268 -0.089791
v 0.396196 -0.458483 -0.194505
v 0.409986 0.097444 0.060299
v 0.396092 0.081660 -0.196250
v 0.393932 0.041453 -0.236390
v 0.705665 -0.503675 5.519560
v 0.735551 -0.519625 6.071417
v 0.732913 -0.709697 6.022736
v 0.704190 -0.638752 5.492395
v 0.730016 -0.910402 5.969237
v 0.702072 -0.761369 5.453267
v 0.727399 -1.066414 5.920888
v 0.702643 -0.886809 5.463735
v 0.724554 -1.226414 5.868302
v 0.699995 -0.990485 5.414971
v 0.700909 -1.098813 5.431835
v 0.722197 -1.271107 5.824855
v 0.696880 -1.059270 5.357318
v 0.697057 -1.008595 5.360557
v 0.699881 -0.882158 5.412727
v 0.700919 -0.824505 5.431917
v 0.724138 -1.270443 5.860743
v 0.724990 -1.242696 5.876526
v 0.727482 -1.092001 5.922383
v 0.725447 -1.223755 5.884751
v 0.516019 0.270237 4.779874
v 0.537981 0.277216 5.185107
v 0.701812 0.248970 8.210391
v 0.701418 -0.073355 8.202915
v 0.698386 0.243985 8.146924
v 0.696195 0.277216 8.106549
v 0.701158 -0.327227 8.198097
v 0.697192 -0.339356 8.124992
v 0.681948 0.280870 7.843539
v 0.681750 -0.341848 7.839717
v 0.650722 -0.351650 7.267010
v 0.537452 -0.337029 5.175470
v 0.529664 -0.337029 5.031670
v 0.523464 -0.390695 4.917112
v 0.510920 -0.407808 4.685503
v 0.554928 -0.348660 5.498210
v 0.587701 -0.361453 6.103234
v 0.599632 0.280870 6.323545
v 0.650961 0.280870 7.271329
v 0.561605 0.280870 5.621408
v 0.495219 0.252293 4.395743
v 0.498106 -0.417611 4.449076
v 0.479373 -0.395514 4.102909
v 0.479082 0.252293 4.097509
v 0.479477 -0.501349 4.104986
v 0.463257 -0.739770 3.805589
v 0.453620 -0.727641 3.627563
v 0.464627 0.242490 3.831010
v 0.446580 0.242490 3.497678
v 0.420889 0.242490 3.023079
v 0.398709 0.234183 2.613569
v 0.410090 0.242490 2.823828
v 0.443194 -0.749572 3.435040
v 0.440308 -0.791441 3.381915
v 0.471979 -0.847267 3.966419
v 0.479768 -0.773996 4.110219
v 0.476320 -0.861888 4.046835
v 0.474347 -1.037671 4.010282
v 0.470380 -0.996134 3.937178
v 0.469383 -1.056279 3.918486
v 0.473558 -1.101139 3.995661
v 0.470920 -1.142344 3.947229
v 0.467161 -1.079042 3.877448
v 0.462634 -1.149654 3.793876
v 0.461305 -1.080703 3.769535
v 0.455988 -1.147328 3.671342
v 0.455157 -1.077380 3.655974
v 0.449716 -1.076550 3.555330
v 0.449653 -1.149654 3.554541
v 0.442717 -1.066747 3.426359
v 0.442011 -1.147328 3.413358
v 0.439602 -1.140682 3.368747
v 0.440827 -1.045646 3.391468
v 0.435780 -1.119582 3.298135
v 0.439913 -1.016404 3.374397
v 0.440121 -0.854744 3.378467
v 0.407951 -0.768181 2.784492
v 0.407805 -0.627454 2.781543
v 0.479518 -0.538068 4.105650
v 0.406476 -0.593394 2.757036
v 0.404025 -0.553353 2.711886
v 0.403901 -0.547040 2.709477
v 0.401014 -0.529926 2.656268
v 0.390235 -0.509324 2.457224
v 0.403735 -0.538566 2.706320
v 0.403984 -0.866207 2.711138
v 0.430069 -1.173911 3.192715
v 0.401346 -0.925522 2.662416
v 0.427348 -1.240537 3.142497
v 0.396383 -1.024545 2.570827
v 0.393517 -1.094161 2.517619
v 0.424545 -1.354430 3.090784
v 0.389986 -1.181388 2.452614
v 0.422156 -1.496485 3.046464
v 0.418542 -1.656236 2.980006
v 0.385832 -1.308656 2.375813
v 0.382073 -1.514263 2.306405
v 0.415593 -1.814574 2.925343
v 0.414389 -1.835259 2.903163
v 0.380869 -1.583796 2.284224
v 0.381596 -1.662217 2.297516
v 0.381097 -1.632560 2.288668
v 0.415344 -1.844148 2.920899
v 0.413745 -1.878208 2.891366
v 0.412395 -1.879620 2.866236
v 0.393911 -1.752435 2.525012
v 0.387182 -1.709486 2.400942
v 0.387099 0.141141 2.399281
v 0.393309 0.224879 2.513922
v 0.373538 0.131670 2.148980
v 0.371481 -0.482242 2.110974
v 0.366186 -0.467123 2.013280
v 0.369342 0.102262 2.071473
v 0.360204 0.097444 1.902626
v 0.358584 -0.451339 1.872969
v 0.318127 0.097444 1.125994
v 0.318979 -0.453166 1.141694
v 0.295635 0.097444 0.710626
v 0.296404 -0.454994 0.724583
v 0.281181 0.097444 0.443602
v 0.286477 -0.454994 0.541333
v 0.281243 -0.550196 0.444662
v 0.269467 0.097444 0.227192
v 0.276736 -0.613664 0.361687
v 0.271793 -0.703882 0.270205
v 0.266539 -0.809718 0.173091
v 0.264711 -0.858398 0.139601
v 0.262032 -0.861721 0.090154
v 0.254576 -0.862552 -0.047689
v 0.246622 -0.851919 -0.194651
v 0.246020 -0.792272 -0.205627
v 0.247058 -0.458483 -0.186426
v 0.260848 0.097444 0.068377
v 0.246954 0.081660 -0.188171
v 0.244794 0.041453 -0.228311
v 0.556527 -0.503675 5.527618
v 0.586413 -0.519625 6.079558
v 0.583776 -0.709697 6.030794
v 0.555053 -0.638752 5.500453
v 0.580878 -0.910402 5.977378
v 0.552935 -0.761369 5.461325
v 0.578262 -1.066414 5.928946
v 0.573059 -1.271107 5.832913
v 0.551771 -1.098813 5.439893
v 0.547742 -1.059270 5.365376
v 0.547919 -1.008595 5.368616
v 0.550743 -0.882158 5.420786
v 0.551782 -0.824505 5.439976
v 0.575852 -1.242696 5.884585
v 0.575001 -1.270443 5.868801
v 0.575416 -1.226414 5.876360
v 0.578345 -1.092001 5.930441
v 0.576309 -1.223755 5.892809
v 0.363091 -0.171049 4.717985
v 0.366892 0.270237 4.787932
v 0.547057 0.277216 8.114691
v 0.544679 -0.083988 8.070662
v 0.552280 -0.073355 8.211056
v 0.548854 -0.075847 8.147754
v 0.549248 0.243985 8.155065
v 0.552675 0.248970 8.218366
v 0.552021 -0.327227 8.206238
v 0.548054 -0.339356 8.133133
v 0.543308 -0.241828 8.045241
v 0.533007 -0.153936 7.855169
v 0.532810 0.280870 7.851514
v 0.532613 -0.341848 7.847859
v 0.501595 -0.351650 7.274985
v 0.501990 -0.141641 7.282295
v 0.380536 -0.337029 5.039728
v 0.374327 -0.390695 4.925170
v 0.385022 -0.190488 5.122635
v 0.388325 -0.337029 5.183528
v 0.361783 -0.407808 4.693644
v 0.408511 -0.195473 5.556528
v 0.405791 -0.348660 5.506268
v 0.435178 -0.187996 6.048904
v 0.438563 -0.361453 6.111292
v 0.450484 0.280870 6.331603
v 0.412478 0.280870 5.629549
v 0.388844 0.277216 5.193248
v 0.501824 0.280870 7.279470
v 0.346082 0.252293 4.403884
v 0.348574 -0.158754 4.449824
v 0.348969 -0.417611 4.457134
v 0.330235 -0.395514 4.111050
v 0.327951 -0.154767 4.068932
v 0.329945 0.252293 4.105567
v 0.330630 -0.773996 4.118360
v 0.314119 -0.739770 3.813647
v 0.314659 -0.385877 3.823367
v 0.304483 -0.727641 3.635704
v 0.305417 -0.400498 3.652734
v 0.315303 -0.158754 3.835579
v 0.302240 -0.136823 3.594250
v 0.315490 0.242490 3.839068
v 0.297442 0.242490 3.505777
v 0.271357 -0.146626 3.023827
v 0.271752 0.242490 3.031137
v 0.241388 -0.158754 2.470516
v 0.249571 0.234183 2.621627
v 0.273330 -0.415119 3.060420
v 0.240578 -0.405316 2.455895
v 0.294057 -0.749572 3.443098
v 0.287058 -0.837464 3.313919
v 0.327182 -0.861888 4.054976
v 0.322842 -0.847267 3.974477
v 0.325210 -1.037671 4.018423
v 0.321243 -0.996134 3.945236
v 0.320246 -1.056279 3.926544
v 0.324420 -1.101139 4.003719
v 0.321783 -1.142344 3.955287
v 0.318024 -1.079042 3.885506
v 0.313496 -1.149654 3.801934
v 0.312167 -1.080703 3.777593
v 0.306850 -1.147328 3.679401
v 0.306020 -1.077380 3.664032
v 0.300516 -1.149654 3.562599
v 0.300578 -1.076550 3.563430
v 0.292873 -1.147328 3.421416
v 0.293579 -1.066747 3.434417
v 0.290464 -1.140682 3.376806
v 0.291689 -1.045646 3.399526
v 0.286643 -1.119582 3.306235
v 0.290776 -1.016404 3.382496
v 0.285770 -0.892957 3.289994
v 0.290983 -0.854744 3.386567
v 0.291170 -0.791441 3.389973
v 0.260952 0.242490 2.831927
v 0.256778 -0.152441 2.754627
v 0.257401 -0.410300 2.766299
v 0.258813 -0.768181 2.792550
v 0.258668 -0.627454 2.789601
v 0.330381 -0.538068 4.113792
v 0.315490 -0.557507 3.838819
v 0.302800 -0.566312 3.604801
v 0.285854 -0.580102 3.291863
v 0.273330 -0.590071 3.060420
v 0.259457 -0.584920 2.804347
v 0.257338 -0.593394 2.765095
v 0.330339 -0.501349 4.113044
v 0.315261 -0.513145 3.834831
v 0.303486 -0.523613 3.617179
v 0.282634 -0.537403 3.232133
v 0.269218 -0.543716 2.984533
v 0.254597 -0.538566 2.714420
v 0.254888 -0.553353 2.719944
v 0.241098 -0.509324 2.465324
v 0.251876 -0.529926 2.664368
v 0.254846 -0.866207 2.719238
v 0.280931 -1.173911 3.200815
v 0.252209 -0.925522 2.670474
v 0.278211 -1.240537 3.150555
v 0.247245 -1.024545 2.578885
v 0.244379 -1.094161 2.525719
v 0.275407 -1.354430 3.098884
v 0.240848 -1.181388 2.460713
v 0.273019 -1.496485 3.054564
v 0.269405 -1.656236 2.988064
v 0.236695 -1.308656 2.383912
v 0.232936 -1.514263 2.314463
v 0.266456 -1.814574 2.933401
v 0.265251 -1.835259 2.911262
v 0.231731 -1.583796 2.292324
v 0.254763 -0.547040 2.717535
v 0.258252 -0.589739 2.782125
v 0.270963 -0.718503 3.016932
v 0.270506 -0.822344 3.008209
v 0.268637 -0.976197 2.973733
v 0.264670 -1.033185 2.900380
v 0.260682 -1.118252 2.826735
v 0.257837 -1.206975 2.774191
v 0.254784 -1.317961 2.718158
v 0.250880 -1.459352 2.645843
v 0.247453 -1.644439 2.582831
v 0.246269 -1.692788 2.560651
v 0.232458 -1.662217 2.305615
v 0.231960 -1.632560 2.296727
v 0.266207 -1.844148 2.928998
v 0.264607 -1.878208 2.899424
v 0.244774 -1.752435 2.533112
v 0.263257 -1.879620 2.874336
v 0.238045 -1.709486 2.409000
v 0.237962 0.141141 2.407339
v 0.244171 0.224879 2.521980
v 0.218626 -0.144300 2.050289
v 0.224400 0.131670 2.157080
v 0.222074 -0.370591 2.114173
v 0.222344 -0.482242 2.119074
v 0.215781 -0.182014 1.997870
v 0.217733 -0.380394 2.033882
v 0.217048 -0.467123 2.021380
v 0.220205 0.102262 2.079531
v 0.210402 -0.177030 1.898473
v 0.211067 0.097444 1.910684
v 0.209447 -0.392024 1.881027
v 0.209447 -0.451339 1.881027
v 0.169468 -0.139315 1.142837
v 0.168990 0.097444 1.134072
v 0.169717 -0.301641 1.147198
v 0.169841 -0.453166 1.149773
v 0.146872 -0.152606 0.725683
v 0.146498 0.097444 0.718705
v 0.146789 -0.337860 0.723939
v 0.147266 -0.454994 0.732662
v 0.135449 -0.143801 0.514506
v 0.132043 0.097444 0.451681
v 0.136861 -0.356967 0.540684
v 0.137339 -0.454994 0.549412
v 0.132105 -0.550196 0.452741
v 0.124566 -0.365773 0.313805
v 0.122490 -0.150779 0.275410
v 0.120330 0.097444 0.235270
v 0.127599 -0.613664 0.369766
v 0.118855 -0.462803 0.208170
v 0.112292 -0.703051 0.086925
v 0.122656 -0.703882 0.278281
v 0.113040 -0.355306 0.100887
v 0.107370 -0.371090 -0.003826
v 0.111337 -0.698233 0.069336
v 0.117401 -0.809718 0.181168
v 0.112895 -0.861721 0.098231
v 0.115574 -0.858398 0.147678
v 0.097484 -0.851919 -0.186577
v 0.096882 -0.792272 -0.197548
v 0.105439 -0.862552 -0.039610
v 0.116072 -0.147290 0.156735
v 0.103590 -0.154268 -0.073639
v 0.097921 -0.458483 -0.178353
v 0.111711 0.097444 0.076454
v 0.097817 0.081660 -0.180097
v 0.095657 0.041453 -0.220237
v 0.407390 -0.503675 5.535676
v 0.437276 -0.519625 6.087616
v 0.434638 -0.709697 6.038852
v 0.405915 -0.638752 5.508594
v 0.431751 -0.910402 5.985436
v 0.403797 -0.761369 5.469384
v 0.429114 -1.066414 5.937004
v 0.404358 -0.886809 5.479851
v 0.426268 -1.226414 5.884419
v 0.401720 -0.990485 5.431170
v 0.402634 -1.098813 5.447951
v 0.423921 -1.271107 5.840971
v 0.398605 -1.059270 5.373434
v 0.398771 -1.008595 5.376674
v 0.401595 -0.882158 5.428927
v 0.402634 -0.824505 5.448117
v 0.425874 -1.270443 5.876859
v 0.426725 -1.242696 5.892643
v 0.429197 -1.092001 5.938499
v 0.427161 -1.223755 5.900950
vt 0.142639 0.084482
vt 0.143453 0.087666
vt 0.138721 0.086169
vt 0.140078 0.083671
vt 0.134760 0.083837
vt 0.137935 0.082409
vt 0.620387 0.005504
vt 0.621662 0.008562
vt 0.617074 0.009398
vt 0.617904 0.005956
vt 0.612856 0.006765
vt 0.615621 0.004532
vt 0.611480 0.002207
vt 0.614876 0.002064
vt 0.749140 0.390478
vt 0.745427 0.389226
vt 0.747909 0.386769
vt 0.750483 0.389149
vt 0.752924 0.384872
vt 0.753197 0.388122
vt 0.757536 0.384645
vt 0.755693 0.387999
vt 0.143373 0.091322
vt 0.137190 0.089366
vt 0.132016 0.086318
vt 0.644799 0.032846
vt 0.645241 0.035460
vt 0.638688 0.032981
vt 0.639783 0.030949
vt 0.616072 0.012298
vt 0.610562 0.008859
vt 0.440310 0.017335
vt 0.438138 0.015471
vt 0.444320 0.013515
vt 0.445043 0.015837
vt 0.742456 0.386780
vt 0.745700 0.383570
vt 0.752253 0.381091
vt 0.758277 0.380795
vt 0.142411 0.094891
vt 0.135720 0.092774
vt 0.130120 0.089475
vt 0.644665 0.038786
vt 0.637572 0.036102
vt 0.631052 0.035782
vt 0.632664 0.032685
vt 0.436442 0.012531
vt 0.443134 0.010414
vt 0.740682 0.383513
vt 0.744193 0.380039
vt 0.751285 0.377355
vt 0.757806 0.377035
vt 0.140715 0.097832
vt 0.134533 0.095875
vt 0.648176 0.042260
vt 0.646401 0.045527
vt 0.643157 0.042317
vt 0.636604 0.039837
vt 0.630580 0.039541
vt 0.435481 0.008962
vt 0.441663 0.007005
vt 0.446837 0.003958
vt 0.448733 0.007115
vt 0.743616 0.376714
vt 0.750169 0.374234
vt 0.756193 0.373938
vt 0.138543 0.099695
vt 0.133811 0.098198
vt 0.643431 0.047973
vt 0.640949 0.045516
vt 0.635933 0.043618
vt 0.631322 0.043391
vt 0.435401 0.005306
vt 0.440133 0.003809
vt 0.444093 0.001476
vt 0.744058 0.374100
vt 0.749074 0.372202
vt 0.235722 0.000043
vt 0.236724 0.002943
vt 0.232506 0.005576
vt 0.230212 0.003483
vt 0.235272 0.007810
vt 0.234526 0.010277
vt 0.231130 0.010134
vt 0.639718 0.049226
vt 0.638374 0.047896
vt 0.635659 0.046869
vt 0.633165 0.046746
vt 0.436214 0.002121
vt 0.438775 0.001311
vt 0.440918 0.000048
vt 0.241312 0.003779
vt 0.240037 0.006838
vt 0.237554 0.006385
vt 0.621616 0.003439
vt 0.618435 0.002497
vt 0.620870 0.000972
vt 0.616105 0.000000
vt 0.753030 0.390347
vt 0.238086 0.009844
vt 0.235756 0.012341
vt 0.635826 0.049095
vt 0.240520 0.011369
vt 0.241266 0.008902
vt 0.858976 0.378905
vt 0.845778 0.346571
vt 0.862126 0.339368
vt 0.875324 0.371702
vt 0.785334 0.160983
vt 0.767514 0.164619
vt 0.765705 0.147672
vt 0.783524 0.144037
vt 0.645594 0.350842
vt 0.658792 0.318508
vt 0.675140 0.325711
vt 0.661942 0.358045
vt 0.112907 0.158290
vt 0.095087 0.154654
vt 0.096897 0.137708
vt 0.114717 0.141343
vt 0.915912 0.170232
vt 0.905834 0.137076
vt 0.923461 0.133186
vt 0.933539 0.166343
vt 0.513152 0.332395
vt 0.503074 0.365552
vt 0.485447 0.361663
vt 0.495525 0.328506
vt 0.599264 0.127723
vt 0.570525 0.084194
vt 0.595574 0.068763
vt 0.624312 0.112292
vt 0.731554 0.066933
vt 0.695846 0.067050
vt 0.690636 0.035903
vt 0.726344 0.035786
vt 0.213934 0.494994
vt 0.185196 0.538523
vt 0.160147 0.523093
vt 0.188886 0.479563
vt 0.870080 0.138779
vt 0.905788 0.138896
vt 0.900578 0.170043
vt 0.864870 0.169926
vt 0.740636 0.000051
vt 0.704928 0.000168
vt 0.855788 0.103044
vt 0.891496 0.103161
vt 0.483956 0.022971
vt 0.473817 0.006513
vt 0.479959 0.002570
vt 0.490098 0.019028
vt 0.485261 0.000046
vt 0.495400 0.016504
vt 0.756172 0.011010
vt 0.753116 0.029282
vt 0.745095 0.028867
vt 0.748152 0.010596
vt 0.555455 0.009549
vt 0.545316 0.026007
vt 0.541932 0.022955
vt 0.552070 0.006497
vt 0.535790 0.019013
vt 0.545928 0.002555
vt 0.530488 0.016489
vt 0.540627 0.000031
vt 0.133214 0.083686
vt 0.130113 0.065150
vt 0.138249 0.064730
vt 0.141350 0.083266
vt 0.480572 0.026022
vt 0.470433 0.009564
vt 0.761099 0.008208
vt 0.750890 0.005519
vt 0.760045 0.003831
vt 0.741736 0.007207
vt 0.740682 0.002830
vt 0.745608 0.000029
vt 0.138572 0.078116
vt 0.753629 0.000443
vt 0.144759 0.061293
vt 0.135472 0.059580
vt 0.145828 0.056853
vt 0.140830 0.054010
vt 0.132693 0.054430
vt 0.126184 0.057867
vt 0.125115 0.062308
vt 0.894873 0.621537
vt 0.904448 0.666152
vt 0.882988 0.669742
vt 0.873413 0.625127
vt 0.599098 0.028556
vt 0.588517 0.046727
vt 0.570525 0.035643
vt 0.581106 0.017472
vt 0.147745 0.404279
vt 0.157320 0.359664
vt 0.178780 0.363254
vt 0.169205 0.407869
vt 0.616138 0.084243
vt 0.605557 0.066071
vt 0.623549 0.054988
vt 0.634130 0.073159
vt 0.870367 0.674115
vt 0.860792 0.629500
vt 0.135124 0.399905
vt 0.144699 0.355290
vt 0.215805 0.368484
vt 0.219907 0.363585
vt 0.226798 0.372587
vt 0.220678 0.374850
vt 0.228259 0.383836
vt 0.221711 0.382804
vt 0.223899 0.394316
vt 0.218628 0.390214
vt 0.214886 0.401220
vt 0.212255 0.395096
vt 0.203635 0.402698
vt 0.204299 0.396141
vt 0.193160 0.398353
vt 0.196893 0.393069
vt 0.186269 0.389351
vt 0.192020 0.386703
vt 0.184808 0.378102
vt 0.190987 0.378750
vt 0.189168 0.367622
vt 0.194070 0.371339
vt 0.198181 0.360718
vt 0.200443 0.366457
vt 0.209432 0.359241
vt 0.208399 0.365412
vt 0.223153 0.359929
vt 0.231593 0.370955
vt 0.233382 0.384731
vt 0.228043 0.397566
vt 0.217004 0.406022
vt 0.203224 0.407831
vt 0.190396 0.402511
vt 0.181956 0.391485
vt 0.180166 0.377709
vt 0.185506 0.364873
vt 0.196545 0.356418
vt 0.210324 0.354608
vt 0.948370 0.250907
vt 0.940866 0.253073
vt 0.941700 0.240762
vt 0.949118 0.239869
vt 0.942377 0.225379
vt 0.949724 0.226076
vt 0.942714 0.211046
vt 0.950027 0.213227
vt 0.942621 0.201604
vt 0.949943 0.204761
vt 0.863773 0.153342
vt 0.856965 0.154700
vt 0.856503 0.140395
vt 0.863358 0.140516
vt 0.855788 0.127077
vt 0.862717 0.128575
vt 0.169282 0.672434
vt 0.161962 0.675136
vt 0.161142 0.663045
vt 0.168547 0.661593
vt 0.160478 0.647937
vt 0.167952 0.648048
vt 0.160147 0.633861
vt 0.167655 0.635428
vt 0.160239 0.624589
vt 0.167737 0.627115
vt 0.517453 0.158722
vt 0.510470 0.159547
vt 0.510925 0.145473
vt 0.517861 0.146104
vt 0.511628 0.132370
vt 0.518492 0.134357
vt 0.995464 0.435883
vt 0.988175 0.436359
vt 0.988915 0.425453
vt 0.996176 0.425371
vt 0.989514 0.411825
vt 0.996754 0.412235
vt 0.989812 0.399129
vt 0.997042 0.399997
vt 0.989730 0.390764
vt 0.996962 0.391935
vt 0.800279 0.396123
vt 0.793549 0.396717
vt 0.793139 0.384033
vt 0.799884 0.383897
vt 0.792505 0.372225
vt 0.799273 0.372515
vt 0.086203 0.690160
vt 0.078931 0.691205
vt 0.078191 0.680299
vt 0.085491 0.679647
vt 0.077592 0.666671
vt 0.084913 0.666512
vt 0.077294 0.653974
vt 0.084625 0.654274
vt 0.077376 0.645610
vt 0.084705 0.646212
vt 0.849319 0.396516
vt 0.842499 0.396602
vt 0.842909 0.383918
vt 0.849714 0.384290
vt 0.843543 0.372109
vt 0.850325 0.372908
vt 0.980903 0.435314
vt 0.981615 0.424801
vt 0.982193 0.411666
vt 0.982481 0.399428
vt 0.982401 0.391366
vt 0.786730 0.396631
vt 0.786334 0.384405
vt 0.785723 0.373023
vt 0.071642 0.690729
vt 0.070930 0.680217
vt 0.070352 0.667081
vt 0.070064 0.654843
vt 0.070144 0.646781
vt 0.835769 0.396008
vt 0.836165 0.383782
vt 0.836776 0.372400
vt 0.317605 0.285603
vt 0.310286 0.282901
vt 0.311020 0.272061
vt 0.318425 0.273512
vt 0.311616 0.258515
vt 0.319089 0.258404
vt 0.311913 0.245896
vt 0.319420 0.244329
vt 0.311831 0.237582
vt 0.319329 0.235056
vt 0.998934 0.243624
vt 0.991951 0.242800
vt 0.991543 0.230182
vt 0.998479 0.229551
vt 0.990912 0.218435
vt 0.997775 0.216448
vt 0.229363 0.092036
vt 0.221859 0.089870
vt 0.221111 0.078831
vt 0.228529 0.079725
vt 0.220505 0.065040
vt 0.227852 0.064342
vt 0.220203 0.052189
vt 0.227516 0.050009
vt 0.220286 0.043724
vt 0.227608 0.040567
vt 0.061858 0.129406
vt 0.055051 0.128047
vt 0.055465 0.115221
vt 0.062321 0.115101
vt 0.056107 0.103280
vt 0.063036 0.101782
vt 0.193125 0.622102
vt 0.190360 0.617944
vt 0.197251 0.608942
vt 0.201565 0.611076
vt 0.198712 0.597694
vt 0.203355 0.597300
vt 0.194352 0.587213
vt 0.198015 0.584465
vt 0.185339 0.580310
vt 0.186976 0.576009
vt 0.174088 0.578832
vt 0.173196 0.574200
vt 0.163613 0.583176
vt 0.160368 0.579520
vt 0.156722 0.592179
vt 0.151928 0.590546
vt 0.155262 0.603427
vt 0.150138 0.604322
vt 0.159621 0.613907
vt 0.155478 0.617158
vt 0.168634 0.620811
vt 0.166517 0.625613
vt 0.179885 0.622289
vt 0.180296 0.627423
vt 0.186627 0.612660
vt 0.191500 0.606294
vt 0.192533 0.598341
vt 0.189451 0.590930
vt 0.183077 0.586049
vt 0.175121 0.585004
vt 0.167715 0.588076
vt 0.162842 0.594441
vt 0.161809 0.602395
vt 0.164892 0.609805
vt 0.171265 0.614687
vt 0.179221 0.615732
vt 0.457012 0.077492
vt 0.453040 0.072328
vt 0.455236 0.069459
vt 0.461255 0.071948
vt 0.455702 0.065874
vt 0.462154 0.065023
vt 0.454312 0.062534
vt 0.459470 0.058570
vt 0.451440 0.060333
vt 0.453920 0.054319
vt 0.447854 0.059862
vt 0.446993 0.053409
vt 0.444515 0.061247
vt 0.440543 0.056084
vt 0.442319 0.064116
vt 0.436301 0.061627
vt 0.441853 0.067701
vt 0.435401 0.068553
vt 0.443243 0.071042
vt 0.438085 0.075006
vt 0.446116 0.073242
vt 0.443635 0.079257
vt 0.449701 0.073713
vt 0.450562 0.080166
vt 0.431574 0.078961
vt 0.427311 0.073420
vt 0.433770 0.076091
vt 0.434236 0.072506
vt 0.432846 0.069166
vt 0.429973 0.066965
vt 0.426387 0.066495
vt 0.423049 0.067879
vt 0.420852 0.070749
vt 0.420387 0.074334
vt 0.421776 0.077674
vt 0.424649 0.079874
vt 0.428235 0.080345
vt 0.582287 0.654865
vt 0.580561 0.652588
vt 0.587869 0.643042
vt 0.590492 0.644147
vt 0.589419 0.631112
vt 0.592232 0.630754
vt 0.584795 0.619998
vt 0.587041 0.618276
vt 0.575236 0.612677
vt 0.576309 0.610056
vt 0.563304 0.611110
vt 0.562913 0.608297
vt 0.552196 0.615717
vt 0.550442 0.613469
vt 0.544888 0.625264
vt 0.542238 0.624188
vt 0.543339 0.637193
vt 0.540497 0.637581
vt 0.547962 0.648307
vt 0.545689 0.650058
vt 0.557521 0.655629
vt 0.556420 0.658279
vt 0.569453 0.657196
vt 0.569816 0.660038
vt 0.295220 0.616916
vt 0.292569 0.617992
vt 0.285261 0.608445
vt 0.287015 0.606198
vt 0.296960 0.630309
vt 0.294119 0.629921
vt 0.291769 0.642787
vt 0.289495 0.641035
vt 0.281037 0.651007
vt 0.279936 0.648357
vt 0.267642 0.652766
vt 0.268005 0.649924
vt 0.255170 0.647594
vt 0.256897 0.645317
vt 0.246966 0.636875
vt 0.249588 0.635770
vt 0.245226 0.623482
vt 0.248039 0.623841
vt 0.250417 0.611005
vt 0.252663 0.612726
vt 0.261148 0.602784
vt 0.262221 0.605405
vt 0.274544 0.601025
vt 0.274153 0.603838
vt 0.228254 0.039012
vt 0.225207 0.038893
vt 0.225620 0.032808
vt 0.228667 0.032927
vt 0.743942 0.012463
vt 0.740895 0.012582
vt 0.740682 0.009432
vt 0.743729 0.009313
vt 0.225954 0.025205
vt 0.229001 0.025324
vt 0.744115 0.016398
vt 0.741068 0.016517
vt 0.226121 0.018121
vt 0.229168 0.018240
vt 0.744202 0.020065
vt 0.741154 0.020184
vt 0.226075 0.013455
vt 0.229122 0.013574
vt 0.744178 0.022481
vt 0.741131 0.022600
vt 0.118524 0.013714
vt 0.115689 0.013820
vt 0.115460 0.006743
vt 0.118295 0.006637
vt 0.218217 0.003818
vt 0.215381 0.003712
vt 0.215500 0.000049
vt 0.218335 0.000155
vt 0.115106 0.000155
vt 0.117942 0.000049
vt 0.218034 0.007229
vt 0.215198 0.007123
vt 0.369297 0.047343
vt 0.366250 0.047462
vt 0.365837 0.041377
vt 0.368884 0.041258
vt 0.964191 0.003319
vt 0.961143 0.003200
vt 0.961357 0.000050
vt 0.964404 0.000169
vt 0.365503 0.033774
vt 0.368550 0.033655
vt 0.964018 0.007254
vt 0.960970 0.007135
vt 0.365336 0.026690
vt 0.368383 0.026571
vt 0.963931 0.010921
vt 0.960884 0.010802
vt 0.365382 0.022024
vt 0.368429 0.021904
vt 0.963955 0.013337
vt 0.960908 0.013218
vt 0.793563 0.013822
vt 0.790728 0.013716
vt 0.790956 0.006639
vt 0.793792 0.006745
vt 0.213148 0.003712
vt 0.210312 0.003818
vt 0.210193 0.000155
vt 0.213029 0.000049
vt 0.791310 0.000051
vt 0.794146 0.000157
vt 0.213331 0.007122
vt 0.210495 0.007229
vt 0.007334 0.096554
vt 0.000000 0.001866
vt 0.046425 0.000050
vt 0.043960 0.095122
vt 0.245226 0.599903
vt 0.247790 0.539753
vt 0.293638 0.541471
vt 0.291073 0.601621
vt 0.895824 0.336272
vt 0.904057 0.240004
vt 0.940072 0.241412
vt 0.941474 0.338057
vt 0.053637 0.565139
vt 0.050046 0.480920
vt 0.086217 0.479565
vt 0.089808 0.563784
vt 0.000000 0.312917
vt 0.024449 0.219417
vt 0.084350 0.227321
vt 0.083870 0.323983
vt 0.904754 0.000044
vt 0.905596 0.096477
vt 0.845604 0.104393
vt 0.820755 0.011128
vt 0.206349 0.380777
vt 0.599273 0.170800
vt 0.596262 0.152797
vt 0.603530 0.150182
vt 0.606542 0.168186
vt 0.474853 0.083380
vt 0.465428 0.068082
vt 0.470695 0.064436
vt 0.480119 0.079734
vt 0.476214 0.061501
vt 0.485638 0.076799
vt 0.828478 0.072516
vt 0.825467 0.090519
vt 0.818014 0.091113
vt 0.821026 0.073110
vt 0.810746 0.088499
vt 0.813758 0.070496
vt 0.375537 0.006630
vt 0.366113 0.021928
vt 0.360846 0.018282
vt 0.370270 0.002984
vt 0.355327 0.015347
vt 0.364751 0.000049
vt 0.591821 0.170206
vt 0.588810 0.152202
vt 0.828922 0.064771
vt 0.821340 0.067634
vt 0.821654 0.062157
vt 0.831749 0.069062
vt 0.810931 0.066205
vt 0.814202 0.062751
vt 0.595948 0.147320
vt 0.606357 0.145891
vt 0.603086 0.142437
vt 0.595634 0.141843
vt 0.588366 0.144457
vt 0.585539 0.148748
vt 0.838515 0.113760
vt 0.827295 0.137369
vt 0.806156 0.124347
vt 0.817376 0.100738
vt 0.816871 0.148955
vt 0.795732 0.135932
vt 0.657229 0.053612
vt 0.646009 0.030003
vt 0.667147 0.016980
vt 0.678367 0.040590
vt 0.635585 0.018417
vt 0.656724 0.005395
vt 0.450634 0.374619
vt 0.437548 0.397796
vt 0.425391 0.374881
vt 0.438477 0.351704
vt 0.317438 0.360649
vt 0.330523 0.383826
vt 0.318366 0.406742
vt 0.305281 0.383564
vt 0.968643 0.630960
vt 0.999874 0.632181
vt 0.999680 0.647178
vt 0.968449 0.645957
vt 0.999027 0.665384
vt 0.967795 0.664163
vt 0.998090 0.681922
vt 0.966859 0.680701
vt 0.997121 0.692361
vt 0.965889 0.691139
vt 0.296257 0.486332
vt 0.325326 0.487422
vt 0.324635 0.504366
vt 0.295566 0.503277
vt 0.324341 0.519771
vt 0.295272 0.518681
vt 0.020018 0.635480
vt 0.051250 0.634259
vt 0.051444 0.649256
vt 0.020213 0.650477
vt 0.052098 0.667463
vt 0.020866 0.668684
vt 0.053034 0.684001
vt 0.021803 0.685222
vt 0.054004 0.694439
vt 0.022772 0.695660
vt 0.065060 0.368039
vt 0.094129 0.366950
vt 0.094820 0.383895
vt 0.065751 0.384984
vt 0.095115 0.399298
vt 0.066046 0.400388
vt 0.718906 0.165691
vt 0.715507 0.156275
vt 0.723161 0.162723
vt 0.713740 0.166136
vt 0.709048 0.163939
vt 0.706087 0.159688
vt 0.705649 0.154523
vt 0.707853 0.149827
vt 0.712108 0.146859
vt 0.717274 0.146414
vt 0.721966 0.148611
vt 0.724928 0.152862
vt 0.725365 0.158028
vt 0.497660 0.310046
vt 0.505314 0.303598
vt 0.501915 0.313014
vt 0.507080 0.313459
vt 0.511772 0.311261
vt 0.514734 0.307010
vt 0.515171 0.301845
vt 0.512967 0.297149
vt 0.508712 0.294182
vt 0.503547 0.293737
vt 0.498855 0.295934
vt 0.495893 0.300185
vt 0.495456 0.305350
vt 0.222729 0.583259
vt 0.220237 0.576354
vt 0.229172 0.570122
vt 0.234784 0.574850
vt 0.208094 0.584519
vt 0.209389 0.577288
vt 0.194800 0.578293
vt 0.199536 0.572674
vt 0.186409 0.566250
vt 0.193317 0.563747
vt 0.185170 0.551616
vt 0.192399 0.552901
vt 0.191415 0.538311
vt 0.197028 0.543040
vt 0.203470 0.529903
vt 0.205962 0.536808
vt 0.218106 0.528642
vt 0.216810 0.535874
vt 0.231400 0.534868
vt 0.226663 0.540488
vt 0.239790 0.546912
vt 0.232882 0.549414
vt 0.241029 0.561546
vt 0.233800 0.560261
vt 0.221443 0.525771
vt 0.227055 0.521042
vt 0.235990 0.527274
vt 0.233498 0.534179
vt 0.246838 0.528209
vt 0.248133 0.535439
vt 0.256691 0.523594
vt 0.261427 0.529214
vt 0.262910 0.514667
vt 0.269818 0.517170
vt 0.263828 0.503821
vt 0.271057 0.502536
vt 0.259199 0.493960
vt 0.264812 0.489231
vt 0.250264 0.487728
vt 0.252757 0.480823
vt 0.239417 0.486794
vt 0.238121 0.479562
vt 0.229564 0.491408
vt 0.224827 0.485788
vt 0.223345 0.500335
vt 0.216437 0.497832
vt 0.222427 0.511181
vt 0.215198 0.512467
vt 0.457099 0.328318
vt 0.464907 0.328013
vt 0.465034 0.337855
vt 0.457226 0.338160
vt 0.456670 0.316370
vt 0.464478 0.316065
vt 0.456055 0.305517
vt 0.463863 0.305212
vt 0.455419 0.298668
vt 0.463227 0.298362
vt 0.931050 0.144395
vt 0.938317 0.144123
vt 0.938771 0.155243
vt 0.931504 0.155515
vt 0.930857 0.134286
vt 0.938124 0.134013
vt 0.935989 0.367685
vt 0.943796 0.367990
vt 0.943669 0.377831
vt 0.935861 0.377526
vt 0.936417 0.355736
vt 0.944225 0.356042
vt 0.937032 0.344883
vt 0.944840 0.345189
vt 0.937669 0.338033
vt 0.945476 0.338339
vt 0.575983 0.155384
vt 0.583250 0.155657
vt 0.582797 0.166777
vt 0.575530 0.166505
vt 0.576177 0.145276
vt 0.583444 0.145548
vt 0.950481 0.292447
vt 0.942673 0.292752
vt 0.942546 0.282910
vt 0.950354 0.282605
vt 0.942117 0.270962
vt 0.949925 0.270657
vt 0.941502 0.260109
vt 0.949310 0.259804
vt 0.940866 0.253259
vt 0.948674 0.252954
vt 0.703555 0.124612
vt 0.696287 0.124884
vt 0.695834 0.113764
vt 0.703101 0.113492
vt 0.695640 0.103655
vt 0.702908 0.103383
vt 0.318094 0.325272
vt 0.310286 0.324966
vt 0.310413 0.315125
vt 0.318221 0.315430
vt 0.310842 0.303177
vt 0.318650 0.303482
vt 0.311457 0.292324
vt 0.319265 0.292629
vt 0.312093 0.285474
vt 0.319901 0.285779
vt 0.843037 0.140956
vt 0.835769 0.140684
vt 0.836223 0.129563
vt 0.843490 0.129836
vt 0.836416 0.119454
vt 0.843683 0.119727
vt 0.313100 0.145875
vt 0.309362 0.135518
vt 0.313617 0.132550
vt 0.322035 0.139642
vt 0.302253 0.146809
vt 0.304196 0.135962
vt 0.292399 0.142194
vt 0.299504 0.133765
vt 0.286181 0.133268
vt 0.296543 0.129514
vt 0.285263 0.122421
vt 0.296106 0.124349
vt 0.289891 0.112560
vt 0.298310 0.119653
vt 0.298826 0.106328
vt 0.302565 0.116685
vt 0.309674 0.105394
vt 0.307730 0.116240
vt 0.319527 0.110008
vt 0.312422 0.118438
vt 0.325746 0.118935
vt 0.315384 0.122688
vt 0.326664 0.129782
vt 0.315821 0.127854
vt 0.515098 0.278724
vt 0.523517 0.271632
vt 0.527772 0.274600
vt 0.524034 0.284957
vt 0.532937 0.275044
vt 0.534881 0.285891
vt 0.537629 0.272847
vt 0.544734 0.281276
vt 0.540591 0.268596
vt 0.550953 0.272350
vt 0.541028 0.263431
vt 0.551871 0.261503
vt 0.538824 0.258735
vt 0.547243 0.251643
vt 0.534569 0.255767
vt 0.538308 0.245410
vt 0.529404 0.255322
vt 0.527460 0.244476
vt 0.524711 0.257520
vt 0.517607 0.249090
vt 0.521750 0.261771
vt 0.511388 0.258017
vt 0.521313 0.266936
vt 0.510470 0.268864
vt 0.054750 0.035722
vt 0.050846 0.035569
vt 0.050907 0.030883
vt 0.054810 0.031035
vt 0.054545 0.041412
vt 0.050642 0.041259
vt 0.054253 0.046580
vt 0.050349 0.046427
vt 0.053950 0.049842
vt 0.050046 0.049689
vt 0.258960 0.005481
vt 0.255327 0.005344
vt 0.255543 0.000049
vt 0.259176 0.000185
vt 0.258868 0.010295
vt 0.255235 0.010159
vt 0.549466 0.030327
vt 0.545563 0.030480
vt 0.545502 0.025793
vt 0.549406 0.025640
vt 0.549671 0.036017
vt 0.545767 0.036169
vt 0.549963 0.041185
vt 0.546060 0.041338
vt 0.550266 0.044447
vt 0.546363 0.044600
vt 0.254080 0.005344
vt 0.250446 0.005480
vt 0.250230 0.000184
vt 0.253864 0.000048
vt 0.254172 0.010158
vt 0.250538 0.010294
vt 0.140990 0.000049
vt 0.144894 0.000202
vt 0.144833 0.004889
vt 0.140929 0.004736
vt 0.144629 0.010578
vt 0.140725 0.010426
vt 0.144336 0.015747
vt 0.140432 0.015594
vt 0.144033 0.019009
vt 0.140129 0.018856
vt 0.225515 0.000049
vt 0.229149 0.000186
vt 0.228933 0.005481
vt 0.225299 0.005345
vt 0.228841 0.010295
vt 0.225207 0.010159
vt 0.815751 0.010753
vt 0.819655 0.010601
vt 0.819715 0.015287
vt 0.815811 0.015440
vt 0.819920 0.020977
vt 0.816015 0.021129
vt 0.820212 0.026145
vt 0.816308 0.026298
vt 0.820515 0.029407
vt 0.816611 0.029560
vt 0.245226 0.000184
vt 0.248859 0.000048
vt 0.249075 0.005344
vt 0.245442 0.005480
vt 0.249167 0.010158
vt 0.245534 0.010294
vt 0.057489 0.645609
vt 0.069201 0.646067
vt 0.069029 0.659346
vt 0.057317 0.658888
vt 0.454384 0.624956
vt 0.442672 0.624498
vt 0.442844 0.611219
vt 0.454556 0.611677
vt 0.068450 0.675466
vt 0.056739 0.675008
vt 0.453805 0.641076
vt 0.442093 0.640618
vt 0.067621 0.690109
vt 0.055909 0.689651
vt 0.452976 0.655719
vt 0.441264 0.655261
vt 0.066762 0.699351
vt 0.055051 0.698893
vt 0.452117 0.664961
vt 0.440405 0.664503
vt 0.581407 0.580102
vt 0.592308 0.580511
vt 0.591696 0.595514
vt 0.580795 0.595105
vt 0.736830 0.474585
vt 0.725929 0.474177
vt 0.726541 0.459174
vt 0.737442 0.459582
vt 0.591435 0.609154
vt 0.580534 0.608745
vt 0.736569 0.488225
vt 0.725668 0.487816
vt 0.295272 0.634470
vt 0.306983 0.634012
vt 0.307156 0.647290
vt 0.295444 0.647748
vt 0.587414 0.488569
vt 0.575702 0.489027
vt 0.575530 0.475749
vt 0.587242 0.475291
vt 0.307734 0.663411
vt 0.296022 0.663869
vt 0.587992 0.504690
vt 0.576280 0.505148
vt 0.308563 0.678054
vt 0.296852 0.678512
vt 0.588822 0.519333
vt 0.577110 0.519790
vt 0.309422 0.687296
vt 0.297710 0.687754
vt 0.589680 0.528575
vt 0.577968 0.529033
vt 0.655603 0.648775
vt 0.666504 0.648367
vt 0.667116 0.663370
vt 0.656215 0.663779
vt 0.802241 0.474175
vt 0.791340 0.474584
vt 0.790728 0.459581
vt 0.801629 0.459172
vt 0.667377 0.677010
vt 0.656476 0.677418
vt 0.802502 0.487815
vt 0.791600 0.488223
vt 0.683809 0.363751
vt 0.686615 0.366115
vt 0.673000 0.375612
vt 0.671753 0.372160
vt 0.522375 0.295899
vt 0.521129 0.299352
vt 0.507514 0.289855
vt 0.510320 0.287491
vt 0.656470 0.377035
vt 0.657118 0.373420
vt 0.537010 0.297160
vt 0.537658 0.300775
vt 0.641456 0.370004
vt 0.643824 0.367194
vt 0.550304 0.290934
vt 0.552673 0.293744
vt 0.631979 0.356402
vt 0.635433 0.355151
vt 0.558695 0.278890
vt 0.562149 0.280141
vt 0.630580 0.339874
vt 0.634195 0.340516
vt 0.559934 0.264256
vt 0.563548 0.263613
vt 0.637633 0.324848
vt 0.640439 0.327212
vt 0.553689 0.250952
vt 0.556495 0.248588
vt 0.651248 0.315351
vt 0.652495 0.318804
vt 0.541634 0.242543
vt 0.542880 0.239091
vt 0.667778 0.313928
vt 0.667130 0.317543
vt 0.526998 0.241283
vt 0.526351 0.237667
vt 0.682792 0.320959
vt 0.680424 0.323769
vt 0.513704 0.247509
vt 0.511336 0.244699
vt 0.692268 0.334562
vt 0.688815 0.335813
vt 0.505314 0.259552
vt 0.501860 0.258301
vt 0.693668 0.351090
vt 0.690053 0.350447
vt 0.504075 0.274187
vt 0.500461 0.274829
vt 0.316727 0.661409
vt 0.311723 0.656664
vt 0.310286 0.618314
vt 0.314936 0.613288
vt 0.437022 0.263001
vt 0.437860 0.240442
vt 0.498471 0.242746
vt 0.497635 0.265273
vt 0.197965 0.005751
vt 0.175189 0.133797
vt 0.152960 0.141145
vt 0.177683 0.002117
vt 0.338285 0.660752
vt 0.336481 0.612618
vt 0.062506 0.000047
vt 0.084743 0.007397
vt 0.107527 0.135491
vt 0.087238 0.139127
vt 0.435740 0.284820
vt 0.496353 0.287092
vt 0.307181 0.479923
vt 0.307628 0.485960
vt 0.286071 0.486616
vt 0.287404 0.480526
vt 0.289660 0.540743
vt 0.287875 0.534747
vt 0.309432 0.534090
vt 0.309438 0.540140
vt 0.058662 0.079188
vt 0.050123 0.080706
vt 0.046487 0.058444
vt 0.054671 0.056913
vt 0.888897 0.245233
vt 0.897437 0.246751
vt 0.893446 0.269028
vt 0.884905 0.267510
vt 0.435401 0.292344
vt 0.496010 0.294686
vt 0.354513 0.660258
vt 0.352709 0.612124
vt 0.277143 0.536227
vt 0.282872 0.530002
vt 0.282146 0.540972
vt 0.169977 0.000736
vt 0.145294 0.139767
vt 0.140129 0.139069
vt 0.164846 0.000047
vt 0.279890 0.480755
vt 0.281434 0.491655
vt 0.275253 0.485794
vt 0.074773 0.141590
vt 0.050046 0.002516
vt 0.054766 0.001439
vt 0.079529 0.140508
vt 0.198172 0.137922
vt 0.220938 0.009867
vt 0.225692 0.010949
vt 0.202910 0.139002
vt 0.331840 0.539458
vt 0.325659 0.533596
vt 0.330296 0.528557
vt 0.336477 0.534419
vt 0.112851 0.002583
vt 0.135641 0.130684
vt 0.130509 0.131374
vt 0.107702 0.003276
vt 0.334587 0.483986
vt 0.328858 0.490211
vt 0.323855 0.485465
vt 0.329583 0.479240
vt 0.045041 0.053640
vt 0.053581 0.052122
vt 0.889592 0.240063
vt 0.898132 0.241581
vt 0.881901 0.284279
vt 0.890441 0.285798
vt 0.889351 0.290589
vt 0.880811 0.289071
vt 0.062361 0.101126
vt 0.053822 0.102644
vt 0.053127 0.097474
vt 0.061667 0.095956
vt 0.151300 0.357190
vt 0.145134 0.221646
vt 0.195559 0.219674
vt 0.201726 0.355219
vt 0.380532 0.235792
vt 0.430957 0.237763
vt 0.425771 0.362613
vt 0.375345 0.360641
vt 0.690636 0.357697
vt 0.698898 0.357319
vt 0.700397 0.395659
vt 0.692135 0.396037
vt 0.208447 0.258393
vt 0.200184 0.258015
vt 0.201684 0.219674
vt 0.209946 0.220052
vt 0.442947 0.235792
vt 0.493712 0.237694
vt 0.490904 0.299316
vt 0.440140 0.297414
vt 0.357713 0.616869
vt 0.359150 0.655219
vt 0.405935 0.045121
vt 0.405403 0.055091
vt 0.395330 0.051962
vt 0.400721 0.043502
vt 0.388163 0.044219
vt 0.397011 0.039493
vt 0.385823 0.033934
vt 0.395800 0.034169
vt 0.388937 0.023865
vt 0.397411 0.028957
vt 0.396670 0.016710
vt 0.401414 0.025253
vt 0.406950 0.014384
vt 0.406736 0.024050
vt 0.417023 0.017513
vt 0.411950 0.025669
vt 0.424190 0.025257
vt 0.415660 0.029678
vt 0.426530 0.035541
vt 0.416871 0.035001
vt 0.423416 0.045610
vt 0.415259 0.040213
vt 0.415683 0.052766
vt 0.411257 0.043918
vt 0.404829 0.063764
vt 0.390584 0.059340
vt 0.380449 0.048388
vt 0.377139 0.033844
vt 0.381543 0.019604
vt 0.392479 0.009484
vt 0.407017 0.006196
vt 0.421263 0.010620
vt 0.431398 0.021572
vt 0.434708 0.036116
vt 0.430304 0.050356
vt 0.419368 0.060476
vt 0.404254 0.070549
vt 0.386807 0.065130
vt 0.374394 0.051718
vt 0.370341 0.033905
vt 0.375734 0.016465
vt 0.389127 0.004070
vt 0.406934 0.000043
vt 0.424381 0.005462
vt 0.436794 0.018874
vt 0.440847 0.036687
vt 0.435454 0.054127
vt 0.422060 0.066522
vt 0.952440 0.167744
vt 0.942890 0.167211
vt 0.943418 0.147971
vt 0.952914 0.150493
vt 0.943399 0.134282
vt 0.952897 0.138221
vt 0.525714 0.363080
vt 0.516883 0.365160
vt 0.516361 0.346895
vt 0.525246 0.346704
vt 0.515474 0.329012
vt 0.524451 0.330671
vt 0.997897 0.387062
vt 0.988414 0.390780
vt 0.987344 0.376272
vt 0.996938 0.374055
vt 0.986426 0.356985
vt 0.996115 0.356762
vt 0.985907 0.338087
vt 0.995650 0.339818
vt 0.985926 0.324641
vt 0.995666 0.327763
vt 0.574593 0.273292
vt 0.565520 0.274672
vt 0.566034 0.256701
vt 0.575053 0.257180
vt 0.566906 0.239107
vt 0.575835 0.241404
vt 0.950626 0.198592
vt 0.940866 0.201618
vt 0.941956 0.186848
vt 0.951603 0.185349
vt 0.991524 0.580837
vt 0.982121 0.580420
vt 0.982589 0.563374
vt 0.991975 0.564407
vt 0.982572 0.551247
vt 0.991958 0.552717
vt 0.279033 0.637671
vt 0.270299 0.638540
vt 0.269836 0.622344
vt 0.278587 0.622060
vt 0.269050 0.606487
vt 0.277830 0.606776
vt 0.996979 0.549940
vt 0.987545 0.551364
vt 0.986579 0.538278
vt 0.996049 0.537327
vt 0.985752 0.520881
vt 0.995251 0.520559
vt 0.985284 0.503836
vt 0.994800 0.504129
vt 0.985300 0.491708
vt 0.994816 0.492439
vt 0.573101 0.646006
vt 0.564246 0.646215
vt 0.564709 0.630020
vt 0.573547 0.630395
vt 0.565495 0.614163
vt 0.574305 0.615112
vt 0.989795 0.610218
vt 0.980328 0.610902
vt 0.981294 0.597816
vt 0.990726 0.597605
vt 0.972622 0.580098
vt 0.973073 0.563668
vt 0.973057 0.551978
vt 0.261443 0.638330
vt 0.260997 0.622719
vt 0.260239 0.607435
vt 0.978078 0.550679
vt 0.977147 0.538066
vt 0.976349 0.521298
vt 0.975898 0.504868
vt 0.975914 0.493178
vt 0.555511 0.645347
vt 0.555957 0.629736
vt 0.556715 0.614452
vt 0.970894 0.609479
vt 0.971824 0.596865
vt 0.892282 0.322307
vt 0.882593 0.322084
vt 0.883058 0.305140
vt 0.892801 0.303409
vt 0.883042 0.293086
vt 0.892782 0.289963
vt 0.345623 0.400664
vt 0.336551 0.399283
vt 0.336090 0.383171
vt 0.345109 0.382693
vt 0.335309 0.367395
vt 0.344237 0.365097
vt 0.997956 0.326819
vt 0.988196 0.323793
vt 0.987219 0.310551
vt 0.996866 0.312049
vt 0.986381 0.292945
vt 0.995932 0.292413
vt 0.985907 0.275695
vt 0.995403 0.273173
vt 0.985924 0.263422
vt 0.995422 0.259484
vt 0.419209 0.125744
vt 0.410378 0.123664
vt 0.410846 0.107290
vt 0.419731 0.107479
vt 0.411640 0.091256
vt 0.420617 0.089598
vt 0.890294 0.356103
vt 0.880811 0.352385
vt 0.881770 0.339377
vt 0.891364 0.341594
vt 0.586794 0.069960
vt 0.586877 0.063858
vt 0.601003 0.059472
vt 0.604095 0.064586
vt 0.611054 0.048611
vt 0.616404 0.051286
vt 0.614335 0.034189
vt 0.620423 0.033622
vt 0.609969 0.020068
vt 0.615076 0.016328
vt 0.599124 0.010032
vt 0.601794 0.004036
vt 0.584707 0.006771
vt 0.584136 0.000043
vt 0.570580 0.011159
vt 0.566835 0.005417
vt 0.560530 0.022019
vt 0.554526 0.018717
vt 0.557248 0.036442
vt 0.550507 0.036381
vt 0.561615 0.050562
vt 0.555854 0.053676
vt 0.572460 0.060598
vt 0.569136 0.065967
vt 0.586810 0.055738
vt 0.596799 0.052636
vt 0.603905 0.044957
vt 0.606226 0.034759
vt 0.603138 0.024774
vt 0.595470 0.017678
vt 0.585276 0.015372
vt 0.575287 0.018474
vt 0.568180 0.026154
vt 0.565859 0.036352
vt 0.568947 0.046337
vt 0.576615 0.053433
vt 0.455537 0.105957
vt 0.447059 0.106280
vt 0.445661 0.101777
vt 0.452835 0.097259
vt 0.442200 0.098574
vt 0.446149 0.091071
vt 0.437603 0.097528
vt 0.437268 0.089050
vt 0.433102 0.098919
vt 0.428574 0.091739
vt 0.429903 0.102376
vt 0.422395 0.098416
vt 0.428864 0.106971
vt 0.420387 0.107293
vt 0.430262 0.111474
vt 0.423088 0.115991
vt 0.433724 0.114677
vt 0.429775 0.122180
vt 0.438321 0.115723
vt 0.438655 0.124200
vt 0.442821 0.114331
vt 0.447350 0.121512
vt 0.446020 0.110875
vt 0.453529 0.114834
vt 0.406390 0.034533
vt 0.293448 0.008797
vt 0.284351 0.009143
vt 0.292050 0.004295
vt 0.288589 0.001091
vt 0.283991 0.000045
vt 0.279491 0.001437
vt 0.276292 0.004893
vt 0.275253 0.009489
vt 0.276651 0.013991
vt 0.280113 0.017194
vt 0.284710 0.018240
vt 0.289210 0.016848
vt 0.292409 0.013392
vt 0.655847 0.068013
vt 0.655725 0.064317
vt 0.670706 0.059665
vt 0.672667 0.062790
vt 0.681365 0.048148
vt 0.684633 0.049860
vt 0.684845 0.032852
vt 0.688541 0.032687
vt 0.680215 0.017877
vt 0.683342 0.015874
vt 0.668714 0.007235
vt 0.670430 0.003926
vt 0.653424 0.003776
vt 0.653264 0.000044
vt 0.638444 0.008430
vt 0.636445 0.005268
vt 0.627785 0.019947
vt 0.624478 0.018198
vt 0.624305 0.035242
vt 0.620571 0.035370
vt 0.628935 0.050217
vt 0.625770 0.052182
vt 0.640436 0.060859
vt 0.638682 0.064131
vt 0.801597 0.158672
vt 0.803596 0.155510
vt 0.818577 0.160163
vt 0.818416 0.163896
vt 0.789630 0.145742
vt 0.792937 0.143993
vt 0.785723 0.128570
vt 0.789457 0.128698
vt 0.790922 0.111757
vt 0.794087 0.113722
vt 0.803834 0.099808
vt 0.805588 0.103080
vt 0.821000 0.095926
vt 0.820877 0.099622
vt 0.837819 0.101150
vt 0.835858 0.104275
vt 0.849785 0.114080
vt 0.846517 0.115792
vt 0.853692 0.131252
vt 0.849997 0.131087
vt 0.848494 0.148065
vt 0.845367 0.146062
vt 0.835582 0.160013
vt 0.833866 0.156705
vt 0.250181 0.318408
vt 0.246226 0.318253
vt 0.246487 0.308743
vt 0.250442 0.308898
vt 0.445013 0.031018
vt 0.441058 0.031173
vt 0.440923 0.026250
vt 0.444878 0.026095
vt 0.246478 0.301977
vt 0.250433 0.302132
vt 0.445009 0.034520
vt 0.441053 0.034675
vt 0.474810 0.035633
vt 0.471130 0.035770
vt 0.470871 0.026734
vt 0.474552 0.026597
vt 0.149041 0.004864
vt 0.145360 0.004726
vt 0.145494 0.000048
vt 0.149175 0.000186
vt 0.470433 0.017888
vt 0.474114 0.017750
vt 0.148814 0.009443
vt 0.145134 0.009305
vt 0.690848 0.078585
vt 0.686893 0.078740
vt 0.686354 0.071439
vt 0.690309 0.071284
vt 0.499785 0.003984
vt 0.495830 0.003830
vt 0.496109 0.000051
vt 0.500064 0.000205
vt 0.685892 0.061733
vt 0.689847 0.061578
vt 0.499546 0.009009
vt 0.495591 0.008854
vt 0.685631 0.052223
vt 0.689586 0.052068
vt 0.499411 0.013931
vt 0.495456 0.013777
vt 0.685640 0.045457
vt 0.689596 0.045302
vt 0.499416 0.017434
vt 0.495461 0.017279
vt 0.469109 0.051997
vt 0.465428 0.051859
vt 0.465687 0.042823
vt 0.469367 0.042961
vt 0.224017 0.004727
vt 0.220336 0.004864
vt 0.220203 0.000187
vt 0.223883 0.000049
vt 0.466125 0.033976
vt 0.469806 0.034114
vt 0.224244 0.009306
vt 0.220563 0.009444
vt 0.249181 0.335414
vt 0.245226 0.335260
vt 0.245764 0.327959
vt 0.249719 0.328114
vt 0.444639 0.021071
vt 0.440684 0.021225
vt 0.440405 0.017446
vt 0.444360 0.017292
vt 0.087462 0.219675
vt 0.140426 0.221660
vt 0.138043 0.363048
vt 0.085078 0.361063
vt 0.004407 0.380599
vt 0.000000 0.375118
vt 0.002043 0.322872
vt 0.006857 0.317934
vt 0.320295 0.237774
vt 0.373259 0.235790
vt 0.375417 0.363797
vt 0.322453 0.365782
vt 0.495738 0.025110
vt 0.561431 0.149688
vt 0.540877 0.160507
vt 0.475183 0.035928
vt 0.752760 0.160822
vt 0.732215 0.150008
vt 0.797880 0.025483
vt 0.818425 0.036297
vt 0.784744 0.006225
vt 0.712215 0.143766
vt 0.705393 0.140176
vt 0.777922 0.002635
vt 0.588265 0.139852
vt 0.581440 0.143444
vt 0.508879 0.005843
vt 0.515704 0.002251
vt 0.257692 0.304605
vt 0.252453 0.299231
vt 0.250230 0.242383
vt 0.255026 0.236419
vt 0.045521 0.382855
vt 0.025241 0.381825
vt 0.027691 0.319159
vt 0.047971 0.320189
vt 0.279712 0.302800
vt 0.265219 0.304163
vt 0.262553 0.235976
vt 0.277046 0.234613
vt 0.052439 0.383262
vt 0.054889 0.320596
vt 0.302382 0.301466
vt 0.299716 0.233279
vt 0.304954 0.238653
vt 0.307177 0.295502
vt 0.700645 0.137590
vt 0.773174 0.000049
vt 0.520052 0.000049
vt 0.592613 0.137650
vt 0.822772 0.038498
vt 0.757107 0.163023
vt 0.536126 0.163094
vt 0.470433 0.038515
vt 0.059296 0.326077
vt 0.057253 0.378323
vt 0.025363 0.097560
vt 0.026669 0.112371
vt 0.020813 0.112993
vt 0.019507 0.098182
vt 0.016320 0.112163
vt 0.015014 0.097353
vt 0.905000 0.099314
vt 0.900731 0.112301
vt 0.895824 0.110727
vt 0.900093 0.097739
vt 0.746115 0.030780
vt 0.744809 0.045591
vt 0.741021 0.043881
vt 0.742327 0.029071
vt 0.735166 0.043259
vt 0.736472 0.028448
vt 0.730672 0.044088
vt 0.731979 0.029278
vt 0.805006 0.094765
vt 0.800737 0.081778
vt 0.805643 0.080204
vt 0.809912 0.093191
vt 0.029151 0.095851
vt 0.030457 0.110661
vt 0.738088 0.161630
vt 0.731878 0.159541
vt 0.737799 0.156371
vt 0.734740 0.165664
vt 0.729715 0.166112
vt 0.725957 0.162710
vt 0.725668 0.157452
vt 0.729017 0.153416
vt 0.734042 0.152969
vt 0.572647 0.159886
vt 0.566726 0.156716
vt 0.572936 0.154627
vt 0.569588 0.150592
vt 0.564563 0.150144
vt 0.560805 0.153546
vt 0.560516 0.158805
vt 0.563865 0.162840
vt 0.568890 0.163288
vt 0.147276 0.584624
vt 0.137255 0.614412
vt 0.120111 0.608768
vt 0.130131 0.578979
vt 0.515474 0.299285
vt 0.533028 0.300833
vt 0.533380 0.318442
vt 0.515827 0.316894
vt 0.240232 0.523144
vt 0.230212 0.493356
vt 0.247357 0.487712
vt 0.257377 0.517500
vt 0.553046 0.317248
vt 0.535493 0.318796
vt 0.535845 0.301188
vt 0.553398 0.299639
vt 0.627626 0.353280
vt 0.638284 0.383021
vt 0.621220 0.388629
vt 0.610562 0.358888
vt 0.227906 0.546512
vt 0.217248 0.576253
vt 0.200184 0.570644
vt 0.210842 0.540903
vt 0.045381 0.095669
vt 0.046687 0.110480
vt 0.040831 0.111102
vt 0.039525 0.096292
vt 0.036338 0.110273
vt 0.035032 0.095462
vt 0.739848 0.045634
vt 0.735579 0.058622
vt 0.730672 0.057047
vt 0.734941 0.044060
vt 0.155572 0.143017
vt 0.154266 0.157828
vt 0.150478 0.156119
vt 0.151784 0.141308
vt 0.144622 0.155496
vt 0.145929 0.140685
vt 0.140129 0.156325
vt 0.141435 0.141515
vt 0.284527 0.079317
vt 0.280258 0.066329
vt 0.285164 0.064755
vt 0.289433 0.077743
vt 0.049169 0.093960
vt 0.050475 0.108771
vt 0.858199 0.161838
vt 0.851989 0.159749
vt 0.857910 0.156580
vt 0.854850 0.165873
vt 0.849825 0.166321
vt 0.846068 0.162919
vt 0.845778 0.157661
vt 0.849127 0.153625
vt 0.854152 0.153178
vt 0.632703 0.165880
vt 0.626781 0.162710
vt 0.632992 0.160621
vt 0.629643 0.156587
vt 0.624618 0.156139
vt 0.620860 0.159541
vt 0.620571 0.164799
vt 0.623920 0.168835
vt 0.628945 0.169282
vt 0.131167 0.155769
vt 0.115106 0.150366
vt 0.120750 0.133221
vt 0.136811 0.138624
vt 0.800737 0.372223
vt 0.818290 0.373771
vt 0.818642 0.391380
vt 0.801089 0.389832
vt 0.160147 0.140511
vt 0.176208 0.135109
vt 0.181852 0.152254
vt 0.165792 0.157656
vt 0.482982 0.316719
vt 0.465428 0.318267
vt 0.465781 0.300658
vt 0.483334 0.299110
vt 0.301902 0.098017
vt 0.285866 0.103763
vt 0.280258 0.086699
vt 0.296293 0.080953
vt 0.811768 0.022839
vt 0.795732 0.017093
vt 0.801341 0.000029
vt 0.817376 0.005775
vt 0.787632 0.263287
vt 0.740682 0.263287
vt 0.740682 0.240065
vt 0.787632 0.240065
vt 0.907090 0.108911
vt 0.950759 0.111276
vt 0.949503 0.134480
vt 0.905834 0.132115
vt 0.790728 0.349005
vt 0.837678 0.349005
vt 0.837678 0.372227
vt 0.790728 0.372227
vt 0.231469 0.036141
vt 0.230212 0.012937
vt 0.273881 0.010571
vt 0.275138 0.033776
vt 0.266216 0.034259
vt 0.240390 0.035658
vt 0.025573 0.382068
vt 0.026971 0.407893
vt 0.016413 0.408465
vt 0.015014 0.382639
vt 0.790728 0.338439
vt 0.837678 0.338439
vt 0.907662 0.098352
vt 0.951331 0.100717
vt 0.787632 0.273853
vt 0.740682 0.273853
vt 0.790728 0.269092
vt 0.837678 0.269092
vt 0.911415 0.029056
vt 0.955084 0.031421
vt 0.787632 0.343201
vt 0.740682 0.343201
vt 0.011880 0.381224
vt 0.013279 0.407049
vt 0.001399 0.407692
vt 0.000000 0.381867
vt 0.790728 0.257203
vt 0.837678 0.257203
vt 0.912059 0.017176
vt 0.955728 0.019541
vt 0.787632 0.355089
vt 0.740682 0.355089
vt 0.837678 0.240065
vt 0.790728 0.240065
vt 0.956655 0.002416
vt 0.912986 0.000051
vt 0.740682 0.372227
vt 0.787632 0.372227
vt 0.056362 0.383261
vt 0.056362 0.409106
vt 0.045041 0.409106
vt 0.045041 0.383261
vt 0.796290 0.169105
vt 0.785723 0.169105
vt 0.785723 0.157785
vt 0.796290 0.157785
vt 0.030028 0.408677
vt 0.030028 0.382832
vt 0.041348 0.382832
vt 0.041348 0.408677
vt 0.245783 0.156321
vt 0.235216 0.156321
vt 0.235216 0.145001
vt 0.245783 0.145001
vt 0.646905 0.649865
vt 0.646905 0.675709
vt 0.635585 0.675709
vt 0.635585 0.649865
vt 0.641901 0.240029
vt 0.641901 0.251918
vt 0.630580 0.251918
vt 0.630580 0.240029
vt 0.535493 0.679623
vt 0.535493 0.653779
vt 0.546813 0.653779
vt 0.546813 0.679623
vt 0.261551 0.223524
vt 0.261551 0.235413
vt 0.250230 0.235413
vt 0.250230 0.223524
vt 0.232040 0.046700
vt 0.240962 0.046216
vt 0.266788 0.044818
vt 0.275710 0.044335
vt 0.279463 0.113631
vt 0.270541 0.114114
vt 0.244715 0.115513
vt 0.235793 0.115996
vt 0.236437 0.127876
vt 0.245359 0.127393
vt 0.271184 0.125994
vt 0.280106 0.125511
vt 0.281033 0.142636
vt 0.237364 0.145001
vt 0.245226 0.652761
vt 0.288927 0.652761
vt 0.284793 0.657896
vt 0.249360 0.657896
vt 0.288927 0.699711
vt 0.284793 0.694575
vt 0.245226 0.699711
vt 0.249360 0.694575
vt 0.212341 0.219675
vt 0.247749 0.221593
vt 0.240596 0.353657
vt 0.205189 0.351740
vt 0.380350 0.478390
vt 0.417029 0.478390
vt 0.417029 0.610551
vt 0.380350 0.610551
vt 0.578053 0.607355
vt 0.542645 0.609272
vt 0.535493 0.477208
vt 0.570900 0.475290
vt 0.376992 0.611237
vt 0.340313 0.611237
vt 0.340313 0.479076
vt 0.376992 0.479076
vt 0.103756 0.361815
vt 0.103756 0.408765
vt 0.099622 0.403629
vt 0.099622 0.366950
vt 0.060055 0.408765
vt 0.064189 0.403629
vt 0.060055 0.361815
vt 0.064189 0.366950
vt 0.415909 0.362404
vt 0.415909 0.400425
vt 0.380350 0.400425
vt 0.380350 0.362404
vt 0.016175 0.552215
vt 0.010109 0.604762
vt 0.004411 0.604127
vt 0.010478 0.551580
vt 0.000000 0.603473
vt 0.006066 0.550926
vt 0.997937 0.169190
vt 0.996064 0.216456
vt 0.990912 0.216196
vt 0.992785 0.168930
vt 0.013754 0.605002
vt 0.019820 0.657549
vt 0.016175 0.657793
vt 0.010109 0.605246
vt 0.010478 0.658428
vt 0.004412 0.605882
vt 0.006066 0.659082
vt 0.000000 0.606535
vt 0.907706 0.696398
vt 0.905834 0.649133
vt 0.910986 0.648872
vt 0.912859 0.696138
vt 0.019820 0.552459
vt 0.013754 0.605006
vt 0.643973 0.065697
vt 0.642003 0.072161
vt 0.638858 0.066210
vt 0.647934 0.068971
vt 0.648420 0.074114
vt 0.645148 0.078113
vt 0.640033 0.078625
vt 0.636072 0.075352
vt 0.635585 0.070209
vt 0.089637 0.140911
vt 0.086491 0.146863
vt 0.084521 0.140399
vt 0.080560 0.143672
vt 0.080074 0.148815
vt 0.083347 0.152814
vt 0.088461 0.153327
vt 0.092423 0.150053
vt 0.092909 0.144910
vt 0.377455 0.369439
vt 0.367066 0.403527
vt 0.350322 0.398433
vt 0.360711 0.364345
vt 0.502503 0.105017
vt 0.508675 0.158481
vt 0.491619 0.160656
vt 0.485447 0.107192
vt 0.115486 0.401731
vt 0.105097 0.367644
vt 0.121840 0.362550
vt 0.132229 0.396638
vt 0.975898 0.489838
vt 0.982070 0.436374
vt 0.999126 0.438549
vt 0.992954 0.492013
vt 0.597492 0.713581
vt 0.562642 0.713736
vt 0.560516 0.660078
vt 0.595366 0.659923
vt 0.355145 0.715111
vt 0.320295 0.714957
vt 0.322421 0.661299
vt 0.357271 0.661454
vt 0.461726 0.673426
vt 0.455419 0.626426
vt 0.460506 0.625646
vt 0.466813 0.672646
vt 0.896319 0.558425
vt 0.889566 0.610906
vt 0.886135 0.611093
vt 0.892889 0.558612
vt 0.880436 0.610486
vt 0.887189 0.558005
vt 0.875806 0.609441
vt 0.882559 0.556960
vt 0.011393 0.219041
vt 0.005087 0.266041
vt 0.000000 0.265260
vt 0.006306 0.218260
vt 0.654350 0.595921
vt 0.661103 0.648402
vt 0.657673 0.648215
vt 0.650919 0.595734
vt 0.651973 0.648822
vt 0.645219 0.596340
vt 0.647343 0.649867
vt 0.640590 0.597386
vt 0.000000 0.101585
vt 0.006535 0.103106
vt 0.000759 0.106667
vt 0.003069 0.097394
vt 0.008168 0.096549
vt 0.012310 0.099545
vt 0.013069 0.104627
vt 0.010000 0.108818
vt 0.004901 0.109663
vt 0.397665 0.078561
vt 0.391889 0.075000
vt 0.398424 0.073479
vt 0.395355 0.069289
vt 0.390256 0.068444
vt 0.386114 0.071440
vt 0.385355 0.076522
vt 0.388424 0.080713
vt 0.393523 0.081557
vt 0.206211 0.141378
vt 0.202277 0.158277
vt 0.185170 0.154015
vt 0.189105 0.137116
vt 0.469784 0.001809
vt 0.462700 0.054603
vt 0.445410 0.052838
vt 0.452494 0.000044
vt 0.492544 0.086037
vt 0.496478 0.102937
vt 0.479372 0.107198
vt 0.475438 0.090299
vt 0.137401 0.000046
vt 0.144484 0.052840
vt 0.127194 0.054606
vt 0.120111 0.001812
vt 0.210193 0.098651
vt 0.227246 0.095924
vt 0.234028 0.148628
vt 0.216976 0.151356
vt 0.447448 0.352848
vt 0.430396 0.350121
vt 0.437178 0.297416
vt 0.454231 0.300143
vt 0.776173 0.531375
vt 0.769365 0.584275
vt 0.766277 0.584544
vt 0.773085 0.531644
vt 0.760615 0.584002
vt 0.767422 0.531102
vt 0.755695 0.582966
vt 0.762503 0.530066
vt 0.156529 0.000874
vt 0.150177 0.048216
vt 0.145134 0.047391
vt 0.151486 0.000048
vt 0.644250 0.542770
vt 0.651057 0.595670
vt 0.647970 0.595401
vt 0.641162 0.542500
vt 0.642307 0.595943
vt 0.635500 0.543042
vt 0.637388 0.596979
vt 0.630580 0.544078
vt 0.586887 0.580262
vt 0.580534 0.532919
vt 0.585577 0.532093
vt 0.591930 0.579436
vt 0.298013 0.001276
vt 0.301913 0.006696
vt 0.295272 0.005685
vt 0.303038 0.000042
vt 0.307404 0.002706
vt 0.308554 0.007708
vt 0.305814 0.012117
vt 0.300788 0.013351
vt 0.296421 0.010687
vt 0.693909 0.005692
vt 0.687267 0.006703
vt 0.691168 0.001283
vt 0.686143 0.000049
vt 0.681776 0.002713
vt 0.680626 0.007715
vt 0.683367 0.012124
vt 0.688392 0.013358
vt 0.692759 0.010694
vt 0.614879 0.120713
vt 0.633589 0.146713
vt 0.619262 0.157124
vt 0.600553 0.131124
vt 0.040264 0.479564
vt 0.048456 0.543224
vt 0.030995 0.543768
vt 0.022803 0.480108
vt 0.690636 0.093004
vt 0.709345 0.067004
vt 0.723672 0.077415
vt 0.704962 0.103415
vt 0.763484 0.530003
vt 0.771676 0.466343
vt 0.789137 0.466887
vt 0.780945 0.530548
vt 0.000000 0.487294
vt 0.008192 0.550955
vt 0.740682 0.522817
vt 0.748874 0.459157
vt 0.675099 0.533473
vt 0.704178 0.527091
vt 0.714717 0.558967
vt 0.684580 0.561280
vt 0.699633 0.623030
vt 0.702433 0.655059
vt 0.676481 0.656754
vt 0.670099 0.626580
vt 0.662898 0.598123
vt 0.693600 0.592341
vt 0.655388 0.570440
vt 0.647743 0.543208
vt 0.723727 0.590636
vt 0.730292 0.622602
vt 0.733863 0.654372
vt 0.639669 0.518082
vt 0.666103 0.511752
vt 0.633848 0.487179
vt 0.646184 0.482546
vt 0.656985 0.492563
vt 0.630580 0.492586
vt 0.673058 0.472398
vt 0.684474 0.482838
vt 0.694500 0.502391
vt 0.708303 0.459162
vt 0.713369 0.464015
vt 0.723271 0.487904
vt 0.732410 0.513545
vt 0.746411 0.556889
vt 0.756324 0.588656
vt 0.763971 0.622397
vt 0.765474 0.656331
vt 0.120577 0.578277
vt 0.119172 0.604228
vt 0.106334 0.603533
vt 0.107740 0.577582
vt 0.927298 0.595475
vt 0.926947 0.626168
vt 0.913888 0.626168
vt 0.914239 0.595475
vt 0.927695 0.566528
vt 0.914636 0.566528
vt 0.928109 0.538368
vt 0.915050 0.538368
vt 0.928530 0.510668
vt 0.915471 0.510668
vt 0.117470 0.635656
vt 0.104632 0.634961
vt 0.928975 0.485110
vt 0.915916 0.485110
vt 0.051042 0.617119
vt 0.051749 0.630174
vt 0.038163 0.630910
vt 0.037456 0.617855
vt 0.051936 0.633632
vt 0.038350 0.634368
vt 0.929475 0.459175
vt 0.916417 0.459175
vt 0.049502 0.588678
vt 0.035915 0.589414
vt 0.047481 0.551379
vt 0.033895 0.552115
vt 0.047191 0.546017
vt 0.033605 0.546753
vt 0.533954 0.669640
vt 0.534501 0.693980
vt 0.521421 0.693980
vt 0.520874 0.669640
vt 0.533450 0.643515
vt 0.520370 0.643515
vt 0.532677 0.599353
vt 0.519597 0.599353
vt 0.532130 0.566987
vt 0.519050 0.566987
vt 0.531708 0.532609
vt 0.518628 0.532609
vt 0.531626 0.498035
vt 0.518545 0.498035
vt 0.115758 0.667266
vt 0.102920 0.666571
vt 0.856080 0.533475
vt 0.846599 0.561282
vt 0.816462 0.558969
vt 0.827000 0.527093
vt 0.831545 0.623032
vt 0.861079 0.626582
vt 0.854697 0.656756
vt 0.828745 0.655060
vt 0.837578 0.592342
vt 0.868280 0.598124
vt 0.875790 0.570441
vt 0.883435 0.543209
vt 0.807451 0.590637
vt 0.800886 0.622604
vt 0.797316 0.654373
vt 0.891510 0.518083
vt 0.865076 0.511753
vt 0.897330 0.487180
vt 0.900598 0.492587
vt 0.874194 0.492564
vt 0.884995 0.482547
vt 0.846705 0.482840
vt 0.858121 0.472400
vt 0.836678 0.502393
vt 0.817809 0.464017
vt 0.822876 0.459163
vt 0.807908 0.487906
vt 0.798768 0.513547
vt 0.784767 0.556890
vt 0.774855 0.588657
vt 0.767208 0.622399
vt 0.765705 0.656332
vt 0.094902 0.576887
vt 0.093497 0.602837
vt 0.901181 0.595475
vt 0.900829 0.626168
vt 0.901577 0.566528
vt 0.901991 0.538368
vt 0.902412 0.510668
vt 0.091795 0.634266
vt 0.902857 0.485110
vt 0.023869 0.618591
vt 0.024576 0.631646
vt 0.024764 0.635104
vt 0.903358 0.459175
vt 0.022329 0.590150
vt 0.020309 0.552850
vt 0.020018 0.547488
vt 0.507794 0.669640
vt 0.508340 0.693980
vt 0.507290 0.643515
vt 0.506517 0.599353
vt 0.505970 0.566987
vt 0.505548 0.532609
vt 0.505465 0.498035
vt 0.090083 0.665876
vt 0.702433 0.677381
vt 0.676481 0.679076
vt 0.926947 0.648874
vt 0.913888 0.648874
vt 0.733863 0.676693
vt 0.765474 0.678652
vt 0.518545 0.475292
vt 0.531626 0.475292
vt 0.900829 0.648874
vt 0.854697 0.679077
vt 0.828745 0.677382
vt 0.797316 0.676695
vt 0.505465 0.475292
vt 0.765705 0.678654
vt 0.016411 0.439028
vt 0.040348 0.431259
vt 0.040746 0.479565
vt 0.011525 0.479143
vt 0.000000 0.476005
vt 0.000812 0.440208
vt 0.007853 0.439937
vt 0.007041 0.475463
vt 0.001354 0.412005
vt 0.009478 0.410649
vt 0.019226 0.421497
vt 0.336060 0.479149
vt 0.343902 0.427192
vt 0.388854 0.429361
vt 0.381080 0.478378
vt 0.041160 0.410378
vt 0.104795 0.409293
vt 0.103983 0.432615
vt 0.337133 0.410920
vt 0.353109 0.410920
vt 0.365836 0.404954
vt 0.391562 0.403056
vt 0.295702 0.426649
vt 0.301286 0.409623
vt 0.234072 0.408209
vt 0.241003 0.427463
vt 0.104302 0.479565
vt 0.209598 0.479565
vt 0.287592 0.479565
vt 0.418640 0.430717
vt 0.423750 0.476381
vt 0.417828 0.401971
vt 0.460959 0.431168
vt 0.456280 0.404412
vt 0.456881 0.476381
vt 0.456053 0.392671
vt 0.486961 0.391353
vt 0.488233 0.405497
vt 0.511143 0.390198
vt 0.507189 0.403870
vt 0.486879 0.430717
vt 0.513687 0.433158
vt 0.486489 0.475292
vt 0.523517 0.475292
vt 0.577052 0.432073
vt 0.576240 0.475292
vt 0.598372 0.475292
vt 0.606957 0.431413
vt 0.638521 0.430717
vt 0.621732 0.474378
vt 0.572990 0.402242
vt 0.605662 0.402770
vt 0.640146 0.403327
vt 0.553914 0.388650
vt 0.581420 0.387956
vt 0.611426 0.388521
vt 0.471444 0.354242
vt 0.489316 0.366175
vt 0.455468 0.362378
vt 0.462508 0.352616
vt 0.466570 0.333090
vt 0.474694 0.337700
vt 0.468195 0.326039
vt 0.476770 0.331009
vt 0.473581 0.321451
vt 0.481332 0.328491
vt 0.490615 0.320639
vt 0.493319 0.328311
vt 0.504224 0.320910
vt 0.505936 0.328672
vt 0.517112 0.328762
vt 0.517202 0.320639
vt 0.531442 0.329845
vt 0.532884 0.320910
vt 0.537841 0.321632
vt 0.535318 0.332192
vt 0.545682 0.323978
vt 0.537210 0.335441
vt 0.536759 0.353403
vt 0.547485 0.349160
vt 0.544828 0.355327
vt 0.536377 0.360431
vt 0.577820 0.368538
vt 0.578787 0.357011
vt 0.602745 0.363020
vt 0.603072 0.378649
vt 0.486518 0.386432
vt 0.455974 0.388586
vt 0.512518 0.385441
vt 0.509084 0.367531
vt 0.547278 0.383922
vt 0.530476 0.365090
vt 0.572987 0.382802
vt 0.601435 0.383370
vt 0.603905 0.382845
vt 0.605796 0.382443
vt 0.610810 0.386886
vt 0.611077 0.387595
vt 0.616986 0.389482
vt 0.639099 0.391773
vt 0.582620 0.339921
vt 0.610892 0.352123
vt 0.590766 0.333579
vt 0.616307 0.345549
vt 0.598948 0.324136
vt 0.626481 0.334539
vt 0.604784 0.314274
vt 0.632389 0.326815
vt 0.611009 0.301942
vt 0.639610 0.317118
vt 0.619044 0.286241
vt 0.648143 0.302985
vt 0.626045 0.265678
vt 0.655856 0.280141
vt 0.628507 0.260305
vt 0.658317 0.272417
vt 0.557395 0.317940
vt 0.562974 0.310545
vt 0.568718 0.297890
vt 0.573641 0.282114
vt 0.581025 0.264365
vt 0.587097 0.246780
vt 0.589559 0.244479
vt 0.656840 0.263707
vt 0.657825 0.266994
vt 0.590872 0.239713
vt 0.587589 0.243493
vt 0.593661 0.239549
vt 0.631569 0.253682
vt 0.645353 0.258448
vt 0.645538 0.464035
vt 0.632801 0.473329
vt 0.673341 0.462978
vt 0.685203 0.432330
vt 0.678107 0.407183
vt 0.677561 0.394793
vt 0.687023 0.406090
vt 0.691026 0.428138
vt 0.688416 0.396468
vt 0.681952 0.459722
vt 0.702066 0.428692
vt 0.700709 0.459175
vt 0.704005 0.404810
vt 0.704005 0.398209
vt 0.786010 0.432878
vt 0.786984 0.459175
vt 0.785524 0.414848
vt 0.785239 0.398015
vt 0.833126 0.459175
vt 0.832350 0.431410
vt 0.832544 0.410829
vt 0.831575 0.397820
vt 0.862789 0.459175
vt 0.855809 0.432381
vt 0.852901 0.408693
vt 0.851932 0.397821
vt 0.862671 0.387240
vt 0.878105 0.407723
vt 0.882370 0.431604
vt 0.886829 0.459175
vt 0.871889 0.380180
vt 0.889840 0.396947
vt 0.882051 0.370164
vt 0.903309 0.370250
vt 0.901758 0.408887
vt 0.905263 0.370790
vt 0.913390 0.407140
vt 0.892839 0.358406
vt 0.896560 0.353000
vt 0.902053 0.352621
vt 0.917365 0.352537
vt 0.934910 0.360348
vt 0.933691 0.353722
vt 0.895554 0.431992
vt 0.921145 0.431216
vt 0.932778 0.397432
vt 0.904472 0.459175
vt 0.932971 0.457427
vt 0.937431 0.452962
vt 0.236705 0.390624
vt 0.298015 0.392398
vt 0.242119 0.369512
vt 0.301030 0.377399
vt 0.248055 0.347215
vt 0.305380 0.363782
vt 0.253433 0.329886
vt 0.304217 0.349839
vt 0.259275 0.312111
vt 0.309630 0.338317
vt 0.264101 0.307148
vt 0.307762 0.326284
vt 0.316039 0.330676
vt 0.315676 0.336312
vt 0.309879 0.350359
vt 0.307747 0.356759
vt 0.258361 0.310313
vt 0.260116 0.307217
vt 0.253264 0.327051
vt 0.257442 0.312406
vt 0.981745 0.338919
vt 0.979299 0.384074
vt 0.962682 0.383174
vt 0.965127 0.338019
vt 0.693776 0.268272
vt 0.693820 0.304073
vt 0.677251 0.304073
vt 0.677207 0.268272
vt 1.000000 0.001850
vt 0.999618 0.008911
vt 0.983000 0.008011
vt 0.983383 0.000950
vt 0.999374 0.013410
vt 0.982757 0.012510
vt 0.693747 0.240065
vt 0.677177 0.240065
vt 0.505702 0.699783
vt 0.506141 0.707902
vt 0.489582 0.708799
vt 0.489142 0.700680
vt 0.997787 0.042718
vt 0.981169 0.041818
vt 0.503987 0.668115
vt 0.487427 0.669012
vt 0.500542 0.604509
vt 0.483982 0.605405
vt 0.734523 0.343660
vt 0.735392 0.359703
vt 0.718756 0.360604
vt 0.717887 0.344561
vt 0.733831 0.330880
vt 0.717195 0.331781
vt 0.732432 0.305048
vt 0.715796 0.305949
vt 0.737342 0.395698
vt 0.720705 0.396599
vt 0.493543 0.475291
vt 0.476984 0.476188
vt 0.994334 0.106465
vt 0.988614 0.212077
vt 0.971997 0.211177
vt 0.977717 0.105565
vt 0.984378 0.290306
vt 0.967760 0.289406
vt 0.976981 0.426873
vt 0.960364 0.425973
vt 0.731004 0.278673
vt 0.714368 0.279574
vt 0.728912 0.240061
vt 0.712276 0.240962
vt 0.975181 0.460103
vt 0.958564 0.459203
vt 0.244604 0.652185
vt 0.244591 0.664141
vt 0.227721 0.664141
vt 0.227733 0.652185
vt 0.396330 0.638936
vt 0.397444 0.659495
vt 0.380213 0.660428
vt 0.379100 0.639869
vt 0.973573 0.489800
vt 0.956956 0.488900
vt 0.971562 0.526939
vt 0.954945 0.526039
vt 0.968698 0.579821
vt 0.952080 0.578920
vt 0.967495 0.602020
vt 0.966226 0.625450
vt 0.949609 0.624550
vt 0.950878 0.601120
vt 0.395125 0.616688
vt 0.377895 0.617621
vt 0.394793 0.610551
vt 0.377562 0.611484
vt 0.398450 0.678083
vt 0.381220 0.679016
vt 0.244248 0.611397
vt 0.244636 0.621338
vt 0.227766 0.621338
vt 0.227377 0.611397
vt 0.244024 0.591515
vt 0.227153 0.591515
vt 0.160147 0.538269
vt 0.176913 0.538448
vt 0.176913 0.555239
vt 0.160147 0.555061
vt 0.183695 0.538562
vt 0.183695 0.555353
vt 0.243934 0.584335
vt 0.227064 0.584335
vt 0.880146 0.332740
vt 0.880448 0.338325
vt 0.863272 0.339255
vt 0.862969 0.333670
vt 0.157446 0.620887
vt 0.157193 0.625565
vt 0.140203 0.624645
vt 0.140457 0.619967
vt 0.879189 0.315081
vt 0.862013 0.316011
vt 0.156527 0.637857
vt 0.139538 0.636937
vt 0.878425 0.300971
vt 0.861249 0.301902
vt 0.155826 0.650796
vt 0.138837 0.649876
vt 0.155206 0.662256
vt 0.138216 0.661336
vt 0.877696 0.287516
vt 0.860520 0.288446
vt 0.154410 0.676951
vt 0.137420 0.676031
vt 0.876816 0.271258
vt 0.859640 0.272188
vt 0.876537 0.266119
vt 0.859361 0.267049
vt 0.154194 0.680925
vt 0.137205 0.680005
vt 0.876097 0.257990
vt 0.858921 0.258920
vt 0.154089 0.682866
vt 0.137100 0.681946
vt 0.060055 0.324028
vt 0.078023 0.324003
vt 0.078023 0.340576
vt 0.060055 0.340601
vt 0.085053 0.323983
vt 0.085053 0.340556
vt 0.459371 0.487189
vt 0.459390 0.504054
vt 0.441512 0.504054
vt 0.441493 0.487189
vt 0.244608 0.648026
vt 0.227738 0.648026
vt 0.459211 0.483095
vt 0.441334 0.483095
vt 0.458918 0.478301
vt 0.441041 0.478301
vt 0.458903 0.477536
vt 0.441025 0.477536
vt 0.641052 0.777528
vt 0.642284 0.800280
vt 0.625238 0.801203
vt 0.624006 0.778451
vt 0.642594 0.806000
vt 0.625548 0.806924
vt 0.458914 0.515813
vt 0.441036 0.515813
vt 0.875440 0.245847
vt 0.858263 0.246777
vt 0.458597 0.522906
vt 0.440720 0.522906
vt 0.875126 0.240062
vt 0.857950 0.240992
vt 0.458003 0.534788
vt 0.440125 0.534788
vt 0.457657 0.543123
vt 0.439780 0.543123
vt 0.436047 0.666838
vt 0.436371 0.680015
vt 0.419119 0.680015
vt 0.418796 0.666838
vt 0.457235 0.553586
vt 0.439358 0.553586
vt 0.435770 0.650409
vt 0.418518 0.650409
vt 0.435353 0.631927
vt 0.418101 0.631927
vt 0.456737 0.568837
vt 0.438859 0.568837
vt 0.456286 0.593487
vt 0.438408 0.593487
vt 0.435011 0.613616
vt 0.417759 0.613616
vt 0.434872 0.611220
vt 0.417620 0.611220
vt 0.456142 0.601822
vt 0.438264 0.601822
vt 0.458882 0.476537
vt 0.441005 0.476537
vt 0.456171 0.607674
vt 0.456228 0.611220
vt 0.438351 0.611220
vt 0.438293 0.607674
vt 0.907730 0.000050
vt 0.909810 0.000163
vt 0.908862 0.017668
vt 0.906782 0.017555
vt 0.338566 0.608313
vt 0.338751 0.611736
vt 0.321470 0.612672
vt 0.321285 0.609249
vt 0.336267 0.565862
vt 0.338408 0.605403
vt 0.321127 0.606339
vt 0.318985 0.566798
vt 0.335488 0.551483
vt 0.318207 0.552419
vt 0.334839 0.539501
vt 0.317558 0.540437
vt 0.965625 0.636552
vt 0.964933 0.649327
vt 0.948316 0.648427
vt 0.949008 0.635652
vt 0.963423 0.677213
vt 0.946806 0.676313
vt 0.638909 0.737954
vt 0.621862 0.738877
vt 0.638304 0.726785
vt 0.621258 0.727709
vt 0.962955 0.685850
vt 0.946338 0.684950
vt 0.961936 0.704664
vt 0.945319 0.703764
vt 0.637435 0.710745
vt 0.620389 0.711669
vt 0.957250 0.791197
vt 0.940633 0.790297
vt 0.632908 0.627164
vt 0.615862 0.628087
vt 0.954743 0.837478
vt 0.938126 0.836578
vt 0.630326 0.579488
vt 0.613280 0.580411
vt 0.953132 0.867230
vt 0.936515 0.866330
vt 0.629192 0.558543
vt 0.612146 0.559466
vt 0.628594 0.547493
vt 0.611547 0.548416
vt 0.951826 0.891343
vt 0.935209 0.890443
vt 0.628080 0.538009
vt 0.611034 0.538932
vt 0.627514 0.527553
vt 0.610467 0.528476
vt 0.626913 0.516453
vt 0.609866 0.517376
vt 0.626399 0.506973
vt 0.626705 0.512625
vt 0.609659 0.513548
vt 0.609353 0.507896
vt 0.625546 0.491218
vt 0.608500 0.492141
vt 0.158448 0.572350
vt 0.158514 0.578989
vt 0.141916 0.578989
vt 0.141850 0.572350
vt 0.624636 0.474420
vt 0.607590 0.475343
vt 0.158564 0.535197
vt 0.141966 0.535197
vt 0.950868 0.909038
vt 0.934250 0.908138
vt 0.949319 0.937624
vt 0.932702 0.936724
vt 0.158311 0.479565
vt 0.141713 0.479565
vt 0.949077 0.942096
vt 0.932460 0.941196
vt 0.089663 0.565085
vt 0.089844 0.582654
vt 0.072945 0.582654
vt 0.072764 0.565085
vt 0.124885 0.559027
vt 0.125030 0.576890
vt 0.108199 0.576890
vt 0.108055 0.559027
vt 0.124587 0.537579
vt 0.107757 0.537579
vt 0.089677 0.597953
vt 0.072779 0.597953
vt 0.124261 0.514928
vt 0.107430 0.514928
vt 0.089437 0.611843
vt 0.072538 0.611843
vt 0.123965 0.497323
vt 0.107134 0.497323
vt 0.205209 0.635002
vt 0.207677 0.680573
vt 0.190385 0.681509
vt 0.187917 0.635938
vt 0.204741 0.626363
vt 0.187449 0.627300
vt 0.088868 0.639862
vt 0.088848 0.645610
vt 0.071949 0.645610
vt 0.071969 0.639862
vt 0.089188 0.625534
vt 0.072290 0.625534
vt 0.089306 0.619006
vt 0.072407 0.619006
vt 0.495456 0.475392
vt 0.498762 0.475291
vt 0.498762 0.492977
vt 0.495456 0.493079
vt 0.207902 0.684732
vt 0.190610 0.685669
vt 0.500681 0.475344
vt 0.500681 0.493030
vt 0.123974 0.494443
vt 0.107144 0.494443
vt 0.123744 0.479565
vt 0.106914 0.479565
vt 0.955880 0.016114
vt 0.957723 0.016014
vt 0.958625 0.032674
vt 0.956782 0.032774
vt 0.921020 0.199529
vt 0.925905 0.239643
vt 0.896684 0.240065
vt 0.897083 0.191760
vt 0.937431 0.236506
vt 0.930390 0.235963
vt 0.929578 0.200438
vt 0.936618 0.200709
vt 0.927953 0.171150
vt 0.936077 0.172506
vt 0.918205 0.181997
vt 0.601370 0.239650
vt 0.556351 0.238879
vt 0.548577 0.189862
vt 0.593528 0.187692
vt 0.896271 0.170879
vt 0.833448 0.193116
vt 0.832635 0.169794
vt 0.600298 0.171421
vt 0.571594 0.165455
vt 0.584321 0.171421
vt 0.545869 0.163557
vt 0.636145 0.170124
vt 0.641729 0.187150
vt 0.703359 0.168709
vt 0.696428 0.187963
vt 0.833129 0.240065
vt 0.727833 0.240065
vt 0.649838 0.240065
vt 0.518790 0.191218
vt 0.513681 0.236882
vt 0.519603 0.162472
vt 0.476472 0.191668
vt 0.481150 0.164913
vt 0.480549 0.236882
vt 0.449197 0.165997
vt 0.450470 0.151853
vt 0.481377 0.153171
vt 0.430242 0.164370
vt 0.426288 0.150698
vt 0.450551 0.191218
vt 0.423743 0.193658
vt 0.450941 0.235792
vt 0.413914 0.235792
vt 0.361191 0.235792
vt 0.360378 0.192574
vt 0.339058 0.235792
vt 0.315698 0.234879
vt 0.298909 0.191218
vt 0.330473 0.191914
vt 0.364440 0.162743
vt 0.297285 0.163828
vt 0.331768 0.163271
vt 0.383517 0.149151
vt 0.356010 0.148456
vt 0.326004 0.149021
vt 0.465986 0.114743
vt 0.474922 0.113116
vt 0.481963 0.122879
vt 0.448114 0.126675
vt 0.462737 0.098201
vt 0.470860 0.093591
vt 0.469236 0.086540
vt 0.460660 0.091510
vt 0.456099 0.088992
vt 0.463849 0.081952
vt 0.444112 0.088811
vt 0.446816 0.081139
vt 0.431494 0.089172
vt 0.433207 0.081410
vt 0.420318 0.089263
vt 0.420228 0.081139
vt 0.405988 0.090346
vt 0.404546 0.081410
vt 0.402113 0.092692
vt 0.399589 0.082132
vt 0.400220 0.095942
vt 0.391748 0.084479
vt 0.400671 0.113903
vt 0.389946 0.109661
vt 0.392602 0.115828
vt 0.401053 0.120931
vt 0.359610 0.129038
vt 0.334359 0.139150
vt 0.334686 0.123521
vt 0.358644 0.117512
vt 0.450913 0.146933
vt 0.481456 0.149087
vt 0.424912 0.145942
vt 0.428347 0.128031
vt 0.390153 0.144422
vt 0.406954 0.125591
vt 0.364444 0.143303
vt 0.335996 0.143871
vt 0.333526 0.143346
vt 0.331635 0.142944
vt 0.326354 0.148095
vt 0.326621 0.147386
vt 0.320445 0.149983
vt 0.298332 0.152274
vt 0.326539 0.112624
vt 0.354810 0.100422
vt 0.321123 0.106050
vt 0.346665 0.094080
vt 0.310949 0.095039
vt 0.338483 0.084637
vt 0.305041 0.087315
vt 0.332646 0.074775
vt 0.297821 0.077619
vt 0.326422 0.062443
vt 0.289288 0.063486
vt 0.318386 0.046742
vt 0.281575 0.040642
vt 0.311385 0.026178
vt 0.279113 0.032918
vt 0.308924 0.020805
vt 0.380036 0.078441
vt 0.374456 0.071045
vt 0.368713 0.058391
vt 0.363790 0.042614
vt 0.356405 0.024865
vt 0.350333 0.007281
vt 0.347872 0.004980
vt 0.279606 0.027495
vt 0.280590 0.024208
vt 0.346559 0.000214
vt 0.349841 0.003994
vt 0.343769 0.000050
vt 0.305862 0.014183
vt 0.292077 0.018949
vt 0.304629 0.233829
vt 0.291893 0.224536
vt 0.264090 0.223479
vt 0.252227 0.192830
vt 0.259323 0.167684
vt 0.259869 0.155293
vt 0.250408 0.166591
vt 0.246405 0.188639
vt 0.249015 0.156969
vt 0.255479 0.220222
vt 0.236721 0.219675
vt 0.235364 0.189192
vt 0.233426 0.165311
vt 0.233426 0.158709
vt 0.150447 0.219675
vt 0.151420 0.193378
vt 0.151907 0.175348
vt 0.152192 0.158515
vt 0.104305 0.219675
vt 0.105080 0.191911
vt 0.104886 0.171330
vt 0.105856 0.158321
vt 0.074642 0.219675
vt 0.081621 0.192881
vt 0.084530 0.169194
vt 0.085499 0.158321
vt 0.059326 0.168223
vt 0.074760 0.147741
vt 0.055060 0.192105
vt 0.050601 0.219675
vt 0.047591 0.157448
vt 0.065542 0.140680
vt 0.055380 0.130664
vt 0.034122 0.130750
vt 0.035673 0.169388
vt 0.032168 0.131291
vt 0.024040 0.167641
vt 0.044591 0.118907
vt 0.040871 0.113501
vt 0.035378 0.113122
vt 0.020065 0.113037
vt 0.002520 0.120848
vt 0.003739 0.114222
vt 0.041877 0.192493
vt 0.016285 0.191716
vt 0.004653 0.157933
vt 0.032959 0.219675
vt 0.004459 0.217928
vt 0.000000 0.213462
vt 0.700726 0.151125
vt 0.639415 0.152899
vt 0.636401 0.137900
vt 0.695311 0.130012
vt 0.632050 0.124283
vt 0.689376 0.107716
vt 0.633214 0.110339
vt 0.683997 0.090387
vt 0.627801 0.098817
vt 0.678155 0.072612
vt 0.673329 0.067648
vt 0.629668 0.086784
vt 0.621754 0.096813
vt 0.621392 0.091177
vt 0.627552 0.110859
vt 0.629683 0.117260
vt 0.679069 0.070814
vt 0.677315 0.067718
vt 0.679989 0.072906
vt 0.684167 0.087551
vt 0.948510 0.337120
vt 0.946065 0.382274
vt 0.660637 0.268272
vt 0.660681 0.304073
vt 0.966766 0.000050
vt 0.966383 0.007111
vt 0.966140 0.011610
vt 0.660608 0.240065
vt 0.472582 0.701576
vt 0.473022 0.709696
vt 0.964552 0.040918
vt 0.470867 0.669909
vt 0.467422 0.606302
vt 0.701251 0.345462
vt 0.702120 0.361505
vt 0.700559 0.332682
vt 0.699160 0.306850
vt 0.704069 0.397500
vt 0.460424 0.477085
vt 0.961100 0.104665
vt 0.955380 0.210277
vt 0.951143 0.288506
vt 0.943747 0.425073
vt 0.697731 0.280475
vt 0.695640 0.241863
vt 0.941947 0.458303
vt 0.210863 0.652185
vt 0.210851 0.664141
vt 0.361869 0.640803
vt 0.362982 0.661362
vt 0.940339 0.488000
vt 0.938327 0.525139
vt 0.935463 0.578021
vt 0.934261 0.600220
vt 0.932992 0.623650
vt 0.360664 0.618554
vt 0.360332 0.612417
vt 0.363989 0.679949
vt 0.210507 0.611397
vt 0.210895 0.621338
vt 0.210283 0.591515
vt 0.160147 0.571852
vt 0.176913 0.572031
vt 0.183695 0.572145
vt 0.210193 0.584335
vt 0.845793 0.334601
vt 0.846096 0.340185
vt 0.123467 0.619047
vt 0.123214 0.623724
vt 0.844837 0.316941
vt 0.122548 0.636016
vt 0.844073 0.302832
vt 0.121848 0.648956
vt 0.121227 0.660416
vt 0.843344 0.289377
vt 0.120431 0.675111
vt 0.842463 0.273118
vt 0.842185 0.267979
vt 0.120216 0.679085
vt 0.841745 0.259850
vt 0.120111 0.681026
vt 0.060055 0.357173
vt 0.078023 0.357149
vt 0.085053 0.357128
vt 0.423615 0.487189
vt 0.423635 0.504054
vt 0.210867 0.648026
vt 0.423456 0.483095
vt 0.423163 0.478301
vt 0.423148 0.477536
vt 0.606960 0.779374
vt 0.608192 0.802126
vt 0.608501 0.807847
vt 0.423158 0.515813
vt 0.841087 0.247707
vt 0.422842 0.522906
vt 0.840774 0.241923
vt 0.422247 0.534788
vt 0.421902 0.543123
vt 0.401544 0.666838
vt 0.401868 0.680015
vt 0.421480 0.553586
vt 0.401266 0.650409
vt 0.400850 0.631927
vt 0.420981 0.568837
vt 0.420531 0.593487
vt 0.400507 0.613616
vt 0.400368 0.611220
vt 0.420387 0.601822
vt 0.423127 0.476537
vt 0.420416 0.607674
vt 0.420473 0.611220
vt 0.905834 0.035060
vt 0.907914 0.035173
vt 0.304003 0.610185
vt 0.304189 0.613608
vt 0.301704 0.567734
vt 0.303846 0.607275
vt 0.300925 0.553355
vt 0.300276 0.541373
vt 0.932391 0.634752
vt 0.931699 0.647527
vt 0.930189 0.675413
vt 0.604816 0.739800
vt 0.604211 0.728632
vt 0.929721 0.684050
vt 0.928702 0.702864
vt 0.603343 0.712592
vt 0.924015 0.789397
vt 0.598816 0.629010
vt 0.921509 0.835678
vt 0.596234 0.581335
vt 0.919898 0.865430
vt 0.595099 0.560389
vt 0.594501 0.549340
vt 0.918592 0.889543
vt 0.593987 0.539856
vt 0.593421 0.529399
vt 0.592820 0.518299
vt 0.592306 0.508819
vt 0.592613 0.514471
vt 0.591453 0.493064
vt 0.125252 0.572350
vt 0.125318 0.578989
vt 0.590543 0.476266
vt 0.125368 0.535197
vt 0.917633 0.907238
vt 0.916085 0.935824
vt 0.125115 0.479565
vt 0.915843 0.940296
vt 0.055866 0.565085
vt 0.056046 0.582654
vt 0.091224 0.559027
vt 0.091369 0.576890
vt 0.090926 0.537579
vt 0.055880 0.597953
vt 0.090599 0.514928
vt 0.055639 0.611843
vt 0.090303 0.497323
vt 0.170624 0.636875
vt 0.173092 0.682446
vt 0.170157 0.628236
vt 0.055071 0.639862
vt 0.055051 0.645610
vt 0.055391 0.625534
vt 0.055509 0.619006
vt 0.495456 0.510765
vt 0.498762 0.510664
vt 0.173318 0.686605
vt 0.500681 0.510717
vt 0.090313 0.494443
vt 0.090083 0.479565
vt 0.957684 0.049435
vt 0.959528 0.049335
vn 0.566841 0.605340 0.558797
vn 0.620558 0.741375 0.255484
vn 0.090237 0.901495 0.423277
vn 0.218869 0.710407 0.668894
vn 0.218869 0.710407 0.668894
vn 0.090237 0.901495 0.423277
vn -0.353523 0.637349 0.684695
vn -0.072303 0.537085 0.840424
vn -0.072303 0.537085 0.840424
vn -0.353523 0.637349 0.684695
vn -0.450773 0.103674 0.886598
vn -0.136114 0.186918 0.972900
vn -0.136114 0.186918 0.972900
vn -0.450773 0.103674 0.886598
vn -0.144548 -0.386913 0.910716
vn 0.064814 -0.134976 0.988727
vn 0.064814 -0.134976 0.988727
vn -0.144548 -0.386913 0.910716
vn 0.385772 -0.547032 0.742924
vn 0.412785 -0.240042 0.878629
vn 0.412785 -0.240042 0.878629
vn 0.385772 -0.547032 0.742924
vn 0.829533 -0.282886 0.481508
vn 0.703957 -0.066720 0.707101
vn 0.703957 -0.066720 0.707101
vn 0.829533 -0.282886 0.481508
vn 0.926783 0.250789 0.279605
vn 0.767768 0.283446 0.574623
vn 0.767768 0.283446 0.574623
vn 0.926783 0.250789 0.279605
vn 0.620558 0.741375 0.255484
vn 0.566841 0.605340 0.558797
vn 0.620558 0.741375 0.255484
vn 0.601151 0.793590 -0.093984
vn -0.055757 0.991931 0.113863
vn 0.090237 0.901495 0.423277
vn 0.090237 0.901495 0.423277
vn -0.055757 0.991931 0.113863
vn -0.605445 0.664734 0.437681
vn -0.353523 0.637349 0.684695
vn -0.353523 0.637349 0.684695
vn -0.605445 0.664734 0.437681
vn -0.725910 0.003667 0.687780
vn -0.450773 0.103674 0.886598
vn -0.450773 0.103674 0.886598
vn -0.725910 0.003667 0.687780
vn -0.346586 -0.604027 0.717655
vn -0.144548 -0.386913 0.910716
vn -0.144548 -0.386913 0.910716
vn -0.346586 -0.604027 0.717655
vn 0.310323 -0.802367 0.509810
vn 0.385772 -0.547032 0.742924
vn 0.385772 -0.547032 0.742924
vn 0.310323 -0.802367 0.509810
vn 0.860011 -0.475171 0.185993
vn 0.829533 -0.282886 0.481508
vn 0.829533 -0.282886 0.481508
vn 0.860011 -0.475171 0.185993
vn 0.980476 0.185897 -0.064106
vn 0.926783 0.250789 0.279605
vn 0.926783 0.250789 0.279605
vn 0.980476 0.185897 -0.064106
vn 0.601151 0.793590 -0.093984
vn 0.620558 0.741375 0.255484
vn 0.601151 0.793590 -0.093984
vn 0.505844 0.745961 -0.433203
vn -0.195391 0.957685 -0.211332
vn -0.055757 0.991931 0.113863
vn -0.055757 0.991931 0.113863
vn -0.195391 0.957685 -0.211332
vn -0.782169 0.608412 0.134334
vn -0.605445 0.664734 0.437681
vn -0.605445 0.664734 0.437681
vn -0.782169 0.608412 0.134334
vn -0.910764 -0.097261 0.401309
vn -0.725910 0.003667 0.687780
vn -0.725910 0.003667 0.687780
vn -0.910764 -0.097261 0.401309
vn -0.505844 -0.745961 0.433203
vn -0.346586 -0.604027 0.717655
vn -0.346586 -0.604027 0.717655
vn -0.505844 -0.745961 0.433203
vn 0.195391 -0.957685 0.211332
vn 0.310323 -0.802367 0.509810
vn 0.310323 -0.802367 0.509810
vn 0.195391 -0.957685 0.211332
vn 0.782169 -0.608412 -0.134334
vn 0.860011 -0.475171 0.185993
vn 0.860011 -0.475171 0.185993
vn 0.782169 -0.608412 -0.134334
vn 0.910764 0.097260 -0.401309
vn 0.980476 0.185897 -0.064106
vn 0.980476 0.185897 -0.064106
vn 0.910764 0.097260 -0.401309
vn 0.505844 0.745961 -0.433203
vn 0.601151 0.793590 -0.093984
vn 0.505844 0.745961 -0.433203
vn 0.346587 0.604026 -0.717656
vn -0.310323 0.802369 -0.509808
vn -0.195391 0.957685 -0.211332
vn -0.195391 0.957685 -0.211332
vn -0.310323 0.802369 -0.509808
vn -0.860010 0.475172 -0.185995
vn -0.782169 0.608412 0.134334
vn -0.782169 0.608412 0.134334
vn -0.860010 0.475172 -0.185995
vn -0.980476 -0.185895 0.064105
vn -0.910764 -0.097261 0.401309
vn -0.910764 -0.097261 0.401309
vn -0.980476 -0.185895 0.064105
vn -0.601152 -0.793589 0.093984
vn -0.505844 -0.745961 0.433203
vn -0.505844 -0.745961 0.433203
vn -0.601152 -0.793589 0.093984
vn 0.055759 -0.991931 -0.113861
vn 0.195391 -0.957685 0.211332
vn 0.195391 -0.957685 0.211332
vn 0.055759 -0.991931 -0.113861
vn 0.605446 -0.664735 -0.437679
vn 0.782169 -0.608412 -0.134334
vn 0.782169 -0.608412 -0.134334
vn 0.605446 -0.664735 -0.437679
vn 0.725911 -0.003669 -0.687779
vn 0.910764 0.097260 -0.401309
vn 0.910764 0.097260 -0.401309
vn 0.725911 -0.003669 -0.687779
vn 0.346587 0.604026 -0.717656
vn 0.505844 0.745961 -0.433203
vn 0.346587 0.604026 -0.717656
vn 0.144548 0.386915 -0.910716
vn -0.385773 0.547036 -0.742920
vn -0.310323 0.802369 -0.509808
vn -0.310323 0.802369 -0.509808
vn -0.385773 0.547036 -0.742920
vn -0.829532 0.282891 -0.481508
vn -0.860010 0.475172 -0.185995
vn -0.860010 0.475172 -0.185995
vn -0.829532 0.282891 -0.481508
vn -0.926783 -0.250787 -0.279605
vn -0.980476 -0.185895 0.064105
vn -0.980476 -0.185895 0.064105
vn -0.926783 -0.250787 -0.279605
vn -0.620556 -0.741376 -0.255483
vn -0.601152 -0.793589 0.093984
vn -0.601152 -0.793589 0.093984
vn -0.620556 -0.741376 -0.255483
vn -0.090235 -0.901497 -0.423274
vn 0.055759 -0.991931 -0.113861
vn 0.055759 -0.991931 -0.113861
vn -0.090235 -0.901497 -0.423274
vn 0.353523 -0.637352 -0.684692
vn 0.605446 -0.664735 -0.437679
vn 0.605446 -0.664735 -0.437679
vn 0.353523 -0.637352 -0.684692
vn 0.450773 -0.103676 -0.886598
vn 0.725911 -0.003669 -0.687779
vn 0.725911 -0.003669 -0.687779
vn 0.450773 -0.103676 -0.886598
vn 0.144548 0.386915 -0.910716
vn 0.346587 0.604026 -0.717656
vn 0.144548 0.386915 -0.910716
vn -0.064813 0.134977 -0.988727
vn -0.412785 0.240040 -0.878629
vn -0.385773 0.547036 -0.742920
vn -0.385773 0.547036 -0.742920
vn -0.412785 0.240040 -0.878629
vn -0.703958 0.066724 -0.707101
vn -0.829532 0.282891 -0.481508
vn -0.829532 0.282891 -0.481508
vn -0.703958 0.066724 -0.707101
vn -0.767769 -0.283443 -0.574622
vn -0.926783 -0.250787 -0.279605
vn -0.926783 -0.250787 -0.279605
vn -0.767769 -0.283443 -0.574622
vn -0.566840 -0.605341 -0.558797
vn -0.620556 -0.741376 -0.255483
vn -0.620556 -0.741376 -0.255483
vn -0.566840 -0.605341 -0.558797
vn -0.218870 -0.710405 -0.668895
vn -0.090235 -0.901497 -0.423274
vn -0.090235 -0.901497 -0.423274
vn -0.218870 -0.710405 -0.668895
vn 0.072303 -0.537088 -0.840422
vn 0.353523 -0.637352 -0.684692
vn 0.353523 -0.637352 -0.684692
vn 0.072303 -0.537088 -0.840422
vn 0.136114 -0.186920 -0.972900
vn 0.450773 -0.103676 -0.886598
vn 0.450773 -0.103676 -0.886598
vn 0.136114 -0.186920 -0.972900
vn -0.064813 0.134977 -0.988727
vn 0.144548 0.386915 -0.910716
vn 0.218869 0.710407 0.668894
vn 0.363774 0.270886 0.891229
vn 0.566841 0.605340 0.558797
vn -0.072303 0.537085 0.840424
vn 0.363774 0.270886 0.891229
vn 0.218869 0.710407 0.668894
vn -0.136114 0.186918 0.972900
vn 0.363774 0.270886 0.891229
vn -0.072303 0.537085 0.840424
vn 0.064814 -0.134976 0.988727
vn 0.363774 0.270886 0.891229
vn -0.136114 0.186918 0.972900
vn 0.412785 -0.240042 0.878629
vn 0.363774 0.270886 0.891229
vn 0.064814 -0.134976 0.988727
vn 0.703957 -0.066720 0.707101
vn 0.363774 0.270886 0.891229
vn 0.412785 -0.240042 0.878629
vn 0.767768 0.283446 0.574623
vn 0.363774 0.270886 0.891229
vn 0.703957 -0.066720 0.707101
vn 0.566841 0.605340 0.558797
vn 0.363774 0.270886 0.891229
vn 0.767768 0.283446 0.574623
vn -0.064813 0.134977 -0.988727
vn -0.363774 -0.270886 -0.891229
vn -0.412785 0.240040 -0.878629
vn -0.412785 0.240040 -0.878629
vn -0.363774 -0.270886 -0.891229
vn -0.703958 0.066724 -0.707101
vn -0.703958 0.066724 -0.707101
vn -0.363774 -0.270886 -0.891229
vn -0.767769 -0.283443 -0.574622
vn -0.767769 -0.283443 -0.574622
vn -0.363774 -0.270886 -0.891229
vn -0.566840 -0.605341 -0.558797
vn -0.566840 -0.605341 -0.558797
vn -0.363774 -0.270886 -0.891229
vn -0.218870 -0.710405 -0.668895
vn -0.218870 -0.710405 -0.668895
vn -0.363774 -0.270886 -0.891229
vn 0.072303 -0.537088 -0.840422
vn 0.072303 -0.537088 -0.840422
vn -0.363774 -0.270886 -0.891229
vn 0.136114 -0.186920 -0.972900
vn 0.136114 -0.186920 -0.972900
vn -0.363774 -0.270886 -0.891229
vn -0.064813 0.134977 -0.988727
vn 0.195392 -0.957685 0.211332
vn 0.195392 -0.957685 0.211332
vn 0.195392 -0.957685 0.211332
vn 0.195392 -0.957685 0.211332
vn -0.363774 -0.270886 -0.891229
vn -0.363774 -0.270886 -0.891229
vn -0.363774 -0.270886 -0.891229
vn -0.363774 -0.270886 -0.891229
vn -0.195392 0.957685 -0.211332
vn -0.195392 0.957685 -0.211332
vn -0.195392 0.957685 -0.211332
vn -0.195392 0.957685 -0.211332
vn 0.363774 0.270886 0.891229
vn 0.363774 0.270886 0.891229
vn 0.363774 0.270886 0.891229
vn 0.363774 0.270886 0.891229
vn 0.910764 0.097262 -0.401310
vn 0.910764 0.097262 -0.401310
vn 0.910764 0.097262 -0.401310
vn 0.910764 0.097262 -0.401310
vn -0.910764 -0.097262 0.401310
vn -0.910764 -0.097262 0.401310
vn -0.910764 -0.097262 0.401310
vn -0.910764 -0.097262 0.401310
vn 0.966339 -0.257254 -0.003167
vn 0.966339 -0.257254 -0.003167
vn 0.966339 -0.257254 -0.003167
vn 0.966339 -0.257254 -0.003167
vn -0.215196 -0.814977 0.538055
vn -0.215196 -0.814977 0.538055
vn -0.215196 -0.814977 0.538055
vn -0.215196 -0.814977 0.538055
vn -0.966338 0.257255 0.003166
vn -0.966338 0.257255 0.003166
vn -0.966338 0.257255 0.003166
vn -0.966338 0.257255 0.003166
vn 0.215197 0.814977 -0.538055
vn 0.215197 0.814977 -0.538055
vn 0.215197 0.814977 -0.538055
vn 0.215197 0.814977 -0.538055
vn -0.140997 -0.519262 -0.842904
vn -0.140997 -0.519262 -0.842904
vn -0.140997 -0.519262 -0.842904
vn -0.140997 -0.519262 -0.842904
vn 0.140997 0.519262 0.842904
vn 0.140997 0.519262 0.842904
vn 0.140997 0.519262 0.842904
vn 0.140997 0.519262 0.842904
vn 0.981576 -0.184220 -0.050707
vn 0.981576 -0.184220 -0.050707
vn 0.981576 -0.184220 -0.050707
vn 0.981576 -0.184220 -0.050707
vn 0.785261 0.459834 -0.414631
vn 0.785261 0.459834 -0.414631
vn 0.785261 0.459834 -0.414631
vn 0.785261 0.459834 -0.414631
vn 0.128950 0.834524 -0.535670
vn 0.128950 0.834524 -0.535670
vn 0.128950 0.834524 -0.535670
vn 0.128950 0.834524 -0.535670
vn -0.602893 0.720364 -0.342923
vn -0.602893 0.720364 -0.342923
vn -0.602893 0.720364 -0.342923
vn -0.602893 0.720364 -0.342923
vn -0.981576 0.184220 0.050707
vn -0.981576 0.184220 0.050707
vn -0.981576 0.184220 0.050707
vn -0.981576 0.184220 0.050707
vn -0.785261 -0.459834 0.414631
vn -0.785261 -0.459834 0.414631
vn -0.785261 -0.459834 0.414631
vn -0.785261 -0.459834 0.414631
vn -0.128953 -0.834523 0.535670
vn -0.128953 -0.834523 0.535670
vn -0.128953 -0.834523 0.535670
vn -0.128953 -0.834523 0.535670
vn 0.602900 -0.720359 0.342919
vn 0.602900 -0.720359 0.342919
vn 0.602900 -0.720359 0.342919
vn 0.602900 -0.720359 0.342919
vn 0.140996 0.519262 0.842904
vn 0.140996 0.519262 0.842904
vn 0.140996 0.519262 0.842904
vn 0.140998 0.519262 0.842904
vn 0.140996 0.519262 0.842904
vn 0.140996 0.519262 0.842904
vn 0.140996 0.519262 0.842904
vn 0.140996 0.519262 0.842904
vn 0.140998 0.519262 0.842904
vn 0.140995 0.519263 0.842904
vn 0.140996 0.519262 0.842904
vn 0.140996 0.519262 0.842904
vn 0.140997 0.519262 0.842904
vn 0.140996 0.519262 0.842904
vn 0.140995 0.519263 0.842904
vn 0.140998 0.519262 0.842904
vn 0.140996 0.519262 0.842904
vn 0.140997 0.519262 0.842904
vn 0.140997 0.519262 0.842904
vn 0.140996 0.519262 0.842904
vn 0.140998 0.519262 0.842904
vn 0.140996 0.519262 0.842904
vn 0.140996 0.519262 0.842904
vn 0.140997 0.519262 0.842904
vn -0.140997 -0.519262 -0.842904
vn -0.140997 -0.519262 -0.842904
vn -0.140998 -0.519262 -0.842904
vn -0.140998 -0.519262 -0.842904
vn -0.140997 -0.519262 -0.842904
vn -0.140997 -0.519262 -0.842904
vn -0.140997 -0.519262 -0.842904
vn -0.140997 -0.519262 -0.842904
vn -0.140996 -0.519262 -0.842904
vn -0.140996 -0.519262 -0.842904
vn -0.140997 -0.519262 -0.842904
vn -0.140997 -0.519262 -0.842904
vn -0.140997 -0.519262 -0.842904
vn -0.140997 -0.519262 -0.842904
vn -0.140997 -0.519262 -0.842904
vn -0.140997 -0.519262 -0.842904
vn -0.140997 -0.519262 -0.842904
vn -0.140997 -0.519262 -0.842904
vn -0.140997 -0.519262 -0.842904
vn -0.140997 -0.519262 -0.842904
vn -0.140997 -0.519262 -0.842904
vn -0.140997 -0.519262 -0.842904
vn -0.140997 -0.519262 -0.842904
vn -0.140997 -0.519262 -0.842904
vn 0.171788 -0.851326 0.495714
vn 0.171788 -0.851326 0.495714
vn 0.171788 -0.851326 0.495714
vn 0.171788 -0.851326 0.495714
vn -0.974992 -0.074906 0.209238
vn -0.974992 -0.074906 0.209238
vn -0.974992 -0.074906 0.209238
vn -0.974992 -0.074906 0.209238
vn -0.171788 0.851326 -0.495714
vn -0.171788 0.851326 -0.495714
vn -0.171788 0.851326 -0.495714
vn -0.171788 0.851326 -0.495714
vn 0.974992 0.074906 -0.209238
vn 0.974992 0.074906 -0.209238
vn 0.974992 0.074906 -0.209238
vn 0.974992 0.074906 -0.209238
vn -0.140997 -0.519262 -0.842904
vn -0.140997 -0.519262 -0.842904
vn -0.140997 -0.519262 -0.842904
vn -0.140997 -0.519262 -0.842904
vn 0.140997 0.519262 0.842904
vn 0.140997 0.519262 0.842904
vn 0.140997 0.519262 0.842904
vn 0.140997 0.519262 0.842904
vn 0.787240 0.341476 -0.513467
vn 0.676923 0.419260 -0.604976
vn 0.697222 0.648493 -0.305512
vn 0.804177 0.532741 -0.263602
vn 0.804177 0.532741 -0.263602
vn 0.697222 0.648493 -0.305512
vn 0.713674 0.697105 0.068662
vn 0.817901 0.573303 0.048592
vn 0.817901 0.573303 0.048592
vn 0.713674 0.697105 0.068662
vn 0.721870 0.552069 0.417281
vn 0.824738 0.452292 0.339468
vn 0.824738 0.452292 0.339468
vn 0.721870 0.552069 0.417281
vn 0.719615 0.252251 0.646934
vn 0.822855 0.202135 0.531085
vn 0.822855 0.202135 0.531085
vn 0.719615 0.252251 0.646934
vn 0.707511 -0.122015 0.696089
vn 0.812756 -0.110142 0.572099
vn 0.812756 -0.110142 0.572099
vn 0.707511 -0.122015 0.696089
vn 0.688803 -0.470444 0.551573
vn 0.797146 -0.400861 0.451518
vn 0.797146 -0.400861 0.451518
vn 0.688803 -0.470444 0.551573
vn 0.668502 -0.699675 0.252110
vn 0.780210 -0.592122 0.201655
vn 0.780210 -0.592122 0.201655
vn 0.668502 -0.699675 0.252110
vn 0.652049 -0.748287 -0.122061
vn 0.766484 -0.632679 -0.110540
vn 0.766484 -0.632679 -0.110540
vn 0.652049 -0.748287 -0.122061
vn 0.643855 -0.603249 -0.470682
vn 0.759648 -0.511666 -0.401413
vn 0.759648 -0.511666 -0.401413
vn 0.643855 -0.603249 -0.470682
vn 0.646111 -0.303429 -0.700337
vn 0.761533 -0.261503 -0.593030
vn 0.761533 -0.261503 -0.593030
vn 0.646111 -0.303429 -0.700337
vn 0.658215 0.070834 -0.749490
vn 0.771628 0.050765 -0.634045
vn 0.771628 0.050765 -0.634045
vn 0.658215 0.070834 -0.749490
vn 0.676923 0.419260 -0.604976
vn 0.787240 0.341476 -0.513467
vn 0.676923 0.419260 -0.604976
vn 0.473988 0.516243 -0.713322
vn 0.498366 0.791551 -0.353663
vn 0.697222 0.648493 -0.305512
vn 0.697222 0.648493 -0.305512
vn 0.498366 0.791551 -0.353663
vn 0.518123 0.849934 0.095718
vn 0.713674 0.697105 0.068662
vn 0.713674 0.697105 0.068662
vn 0.518123 0.849934 0.095718
vn 0.527966 0.675745 0.514413
vn 0.721870 0.552069 0.417281
vn 0.721870 0.552069 0.417281
vn 0.527966 0.675745 0.514413
vn 0.525256 0.315659 0.790231
vn 0.719615 0.252251 0.646934
vn 0.719615 0.252251 0.646934
vn 0.525256 0.315659 0.790231
vn 0.510718 -0.133837 0.849267
vn 0.707511 -0.122015 0.696089
vn 0.707511 -0.122015 0.696089
vn 0.510718 -0.133837 0.849267
vn 0.488251 -0.552303 0.675701
vn 0.688803 -0.470444 0.551573
vn 0.688803 -0.470444 0.551573
vn 0.488251 -0.552303 0.675701
vn 0.463871 -0.827612 0.316042
vn 0.668502 -0.699675 0.252110
vn 0.668502 -0.699675 0.252110
vn 0.463871 -0.827612 0.316042
vn 0.444111 -0.885994 -0.133341
vn 0.652049 -0.748287 -0.122061
vn 0.652049 -0.748287 -0.122061
vn 0.444111 -0.885994 -0.133341
vn 0.434270 -0.711806 -0.552035
vn 0.643855 -0.603249 -0.470682
vn 0.643855 -0.603249 -0.470682
vn 0.434270 -0.711806 -0.552035
vn 0.436983 -0.351720 -0.827852
vn 0.646111 -0.303429 -0.700337
vn 0.646111 -0.303429 -0.700337
vn 0.436983 -0.351720 -0.827852
vn 0.451521 0.097776 -0.886887
vn 0.658215 0.070834 -0.749490
vn 0.658215 0.070834 -0.749490
vn 0.451521 0.097776 -0.886887
vn 0.473988 0.516243 -0.713322
vn 0.676923 0.419260 -0.604976
vn 0.473988 0.516243 -0.713322
vn 0.374612 0.548979 -0.747187
vn 0.400311 0.839248 -0.367987
vn 0.498366 0.791551 -0.353663
vn 0.498366 0.791551 -0.353663
vn 0.400311 0.839248 -0.367987
vn 0.421139 0.900803 0.105812
vn 0.518123 0.849934 0.095718
vn 0.518123 0.849934 0.095718
vn 0.421139 0.900803 0.105812
vn 0.431517 0.717151 0.547255
vn 0.527966 0.675745 0.514413
vn 0.527966 0.675745 0.514413
vn 0.431517 0.717151 0.547255
vn 0.428656 0.337502 0.838061
vn 0.525256 0.315659 0.790231
vn 0.525256 0.315659 0.790231
vn 0.428656 0.337502 0.838061
vn 0.413325 -0.136420 0.900307
vn 0.510718 -0.133837 0.849267
vn 0.510718 -0.133837 0.849267
vn 0.413325 -0.136420 0.900307
vn 0.389639 -0.577624 0.717309
vn 0.488251 -0.552303 0.675701
vn 0.488251 -0.552303 0.675701
vn 0.389639 -0.577624 0.717309
vn 0.363938 -0.867890 0.338106
vn 0.463871 -0.827612 0.316042
vn 0.463871 -0.827612 0.316042
vn 0.363938 -0.867890 0.338106
vn 0.343107 -0.929443 -0.135693
vn 0.444111 -0.885994 -0.133341
vn 0.444111 -0.885994 -0.133341
vn 0.343107 -0.929443 -0.135693
vn 0.332733 -0.745789 -0.577138
vn 0.434270 -0.711806 -0.552035
vn 0.434270 -0.711806 -0.552035
vn 0.332733 -0.745789 -0.577138
vn 0.335596 -0.366139 -0.867939
vn 0.436983 -0.351720 -0.827852
vn 0.436983 -0.351720 -0.827852
vn 0.335596 -0.366139 -0.867939
vn 0.350923 0.107778 -0.930181
vn 0.451521 0.097776 -0.886887
vn 0.451521 0.097776 -0.886887
vn 0.350923 0.107778 -0.930181
vn 0.374612 0.548979 -0.747187
vn 0.473988 0.516243 -0.713322
vn 0.122258 0.599612 -0.790898
vn -0.008140 0.609713 -0.792580
vn 0.019683 0.923897 -0.382134
vn 0.149843 0.911107 -0.383967
vn 0.149843 0.911107 -0.383967
vn 0.019683 0.923897 -0.382134
vn 0.042231 0.990522 0.130702
vn 0.172205 0.977163 0.124487
vn 0.172205 0.977163 0.124487
vn 0.042231 0.990522 0.130702
vn 0.053464 0.791738 0.608516
vn 0.183338 0.780081 0.598215
vn 0.183338 0.780081 0.598215
vn 0.053464 0.791738 0.608516
vn 0.050372 0.380809 0.923281
vn 0.180264 0.372663 0.910290
vn 0.180264 0.372663 0.910290
vn 0.050372 0.380809 0.923281
vn 0.033783 -0.132158 0.990653
vn 0.163811 -0.135912 0.977084
vn 0.163811 -0.135912 0.977084
vn 0.033783 -0.132158 0.990653
vn 0.008141 -0.609714 0.792580
vn 0.138394 -0.609380 0.780707
vn 0.138394 -0.609380 0.780707
vn 0.008141 -0.609714 0.792580
vn -0.019683 -0.923897 0.382134
vn 0.110819 -0.920878 0.373769
vn 0.110819 -0.920878 0.373769
vn -0.019683 -0.923897 0.382134
vn -0.042230 -0.990522 -0.130702
vn 0.088465 -0.986932 -0.134680
vn 0.088465 -0.986932 -0.134680
vn -0.042230 -0.990522 -0.130702
vn -0.053463 -0.791738 -0.608516
vn 0.077322 -0.789846 -0.608411
vn 0.077322 -0.789846 -0.608411
vn -0.053463 -0.791738 -0.608516
vn -0.050371 -0.380807 -0.923282
vn 0.080388 -0.382431 -0.920480
vn 0.080388 -0.382431 -0.920480
vn -0.050371 -0.380807 -0.923282
vn -0.033781 0.132159 -0.990653
vn 0.096841 0.126143 -0.987274
vn 0.096841 0.126143 -0.987274
vn -0.033781 0.132159 -0.990653
vn -0.008140 0.609713 -0.792580
vn 0.122258 0.599612 -0.790898
vn -0.008140 0.609713 -0.792580
vn -0.138398 0.609381 -0.780705
vn -0.110815 0.920876 -0.373775
vn 0.019683 0.923897 -0.382134
vn 0.019683 0.923897 -0.382134
vn -0.110815 0.920876 -0.373775
vn -0.088465 0.986932 0.134679
vn 0.042231 0.990522 0.130702
vn 0.042231 0.990522 0.130702
vn -0.088465 0.986932 0.134679
vn -0.077325 0.789850 0.608406
vn 0.053464 0.791738 0.608516
vn 0.053464 0.791738 0.608516
vn -0.077325 0.789850 0.608406
vn -0.080381 0.382434 0.920480
vn 0.050372 0.380809 0.923281
vn 0.050372 0.380809 0.923281
vn -0.080381 0.382434 0.920480
vn -0.096823 -0.126145 0.987275
vn 0.033783 -0.132158 0.990653
vn 0.033783 -0.132158 0.990653
vn -0.096823 -0.126145 0.987275
vn -0.122252 -0.599614 0.790897
vn 0.008141 -0.609714 0.792580
vn 0.008141 -0.609714 0.792580
vn -0.122252 -0.599614 0.790897
vn -0.149846 -0.911109 0.383962
vn -0.019683 -0.923897 0.382134
vn -0.019683 -0.923897 0.382134
vn -0.149846 -0.911109 0.383962
vn -0.172203 -0.977164 -0.124487
vn -0.042230 -0.990522 -0.130702
vn -0.042230 -0.990522 -0.130702
vn -0.172203 -0.977164 -0.124487
vn -0.183332 -0.780079 -0.598219
vn -0.053463 -0.791738 -0.608516
vn -0.053463 -0.791738 -0.608516
vn -0.183332 -0.780079 -0.598219
vn -0.180267 -0.372664 -0.910289
vn -0.050371 -0.380807 -0.923282
vn -0.050371 -0.380807 -0.923282
vn -0.180267 -0.372664 -0.910289
vn -0.163825 0.135913 -0.977082
vn -0.033781 0.132159 -0.990653
vn -0.033781 0.132159 -0.990653
vn -0.163825 0.135913 -0.977082
vn -0.138398 0.609381 -0.780705
vn -0.008140 0.609713 -0.792580
vn -0.389652 0.577620 -0.717305
vn -0.488254 0.552302 -0.675700
vn -0.463871 0.827612 -0.316042
vn -0.363943 0.867888 -0.338107
vn -0.363943 0.867888 -0.338107
vn -0.463871 0.827612 -0.316042
vn -0.444111 0.885994 0.133341
vn -0.343107 0.929443 0.135693
vn -0.343107 0.929443 0.135693
vn -0.444111 0.885994 0.133341
vn -0.434269 0.711805 0.552036
vn -0.332729 0.745791 0.577137
vn -0.332729 0.745791 0.577137
vn -0.434269 0.711805 0.552036
vn -0.436980 0.351719 0.827854
vn -0.335582 0.366142 0.867943
vn -0.335582 0.366142 0.867943
vn -0.436980 0.351719 0.827854
vn -0.451516 -0.097777 0.886890
vn -0.350906 -0.107779 0.930187
vn -0.350906 -0.107779 0.930187
vn -0.451516 -0.097777 0.886890
vn -0.473985 -0.516243 0.713324
vn -0.374599 -0.548983 0.747190
vn -0.374599 -0.548983 0.747190
vn -0.473985 -0.516243 0.713324
vn -0.498365 -0.791552 0.353664
vn -0.400306 -0.839250 0.367988
vn -0.400306 -0.839250 0.367988
vn -0.498365 -0.791552 0.353664
vn -0.518123 -0.849934 -0.095718
vn -0.421139 -0.900803 -0.105812
vn -0.421139 -0.900803 -0.105812
vn -0.518123 -0.849934 -0.095718
vn -0.527966 -0.675745 -0.514413
vn -0.431521 -0.717148 -0.547256
vn -0.431521 -0.717148 -0.547256
vn -0.527966 -0.675745 -0.514413
vn -0.525259 -0.315659 -0.790229
vn -0.428667 -0.337498 -0.838057
vn -0.428667 -0.337498 -0.838057
vn -0.525259 -0.315659 -0.790229
vn -0.510723 0.133837 -0.849264
vn -0.413342 0.136419 -0.900299
vn -0.413342 0.136419 -0.900299
vn -0.510723 0.133837 -0.849264
vn -0.488254 0.552302 -0.675700
vn -0.389652 0.577620 -0.717305
vn -0.488254 0.552302 -0.675700
vn -0.688801 0.470442 -0.551577
vn -0.668501 0.699675 -0.252113
vn -0.463871 0.827612 -0.316042
vn -0.463871 0.827612 -0.316042
vn -0.668501 0.699675 -0.252113
vn -0.652049 0.748287 0.122061
vn -0.444111 0.885994 0.133341
vn -0.444111 0.885994 0.133341
vn -0.652049 0.748287 0.122061
vn -0.643855 0.603251 0.470680
vn -0.434269 0.711805 0.552036
vn -0.434269 0.711805 0.552036
vn -0.643855 0.603251 0.470680
vn -0.646113 0.303432 0.700333
vn -0.436980 0.351719 0.827854
vn -0.436980 0.351719 0.827854
vn -0.646113 0.303432 0.700333
vn -0.658217 -0.070833 0.749488
vn -0.451516 -0.097777 0.886890
vn -0.451516 -0.097777 0.886890
vn -0.658217 -0.070833 0.749488
vn -0.676924 -0.419263 0.604973
vn -0.473985 -0.516243 0.713324
vn -0.473985 -0.516243 0.713324
vn -0.676924 -0.419263 0.604973
vn -0.697223 -0.648494 0.305509
vn -0.498365 -0.791552 0.353664
vn -0.498365 -0.791552 0.353664
vn -0.697223 -0.648494 0.305509
vn -0.713673 -0.697106 -0.068662
vn -0.518123 -0.849934 -0.095718
vn -0.518123 -0.849934 -0.095718
vn -0.713673 -0.697106 -0.068662
vn -0.721869 -0.552069 -0.417284
vn -0.527966 -0.675745 -0.514413
vn -0.527966 -0.675745 -0.514413
vn -0.721869 -0.552069 -0.417284
vn -0.719613 -0.252247 -0.646938
vn -0.525259 -0.315659 -0.790229
vn -0.525259 -0.315659 -0.790229
vn -0.719613 -0.252247 -0.646938
vn -0.707509 0.122015 -0.696091
vn -0.510723 0.133837 -0.849264
vn -0.510723 0.133837 -0.849264
vn -0.707509 0.122015 -0.696091
vn -0.688801 0.470442 -0.551577
vn -0.488254 0.552302 -0.675700
vn -0.688801 0.470442 -0.551577
vn -0.797151 0.400852 -0.451517
vn -0.780212 0.592120 -0.201653
vn -0.668501 0.699675 -0.252113
vn -0.668501 0.699675 -0.252113
vn -0.780212 0.592120 -0.201653
vn -0.766483 0.632681 0.110540
vn -0.652049 0.748287 0.122061
vn -0.652049 0.748287 0.122061
vn -0.766483 0.632681 0.110540
vn -0.759645 0.511668 0.401418
vn -0.643855 0.603251 0.470680
vn -0.643855 0.603251 0.470680
vn -0.759645 0.511668 0.401418
vn -0.761527 0.261511 0.593033
vn -0.646113 0.303432 0.700333
vn -0.646113 0.303432 0.700333
vn -0.761527 0.261511 0.593033
vn -0.771627 -0.050765 0.634046
vn -0.658217 -0.070833 0.749488
vn -0.658217 -0.070833 0.749488
vn -0.771627 -0.050765 0.634046
vn -0.787236 -0.341485 0.513467
vn -0.676924 -0.419263 0.604973
vn -0.676924 -0.419263 0.604973
vn -0.787236 -0.341485 0.513467
vn -0.804174 -0.532746 0.263604
vn -0.697223 -0.648494 0.305509
vn -0.697223 -0.648494 0.305509
vn -0.804174 -0.532746 0.263604
vn -0.817900 -0.573305 -0.048591
vn -0.713673 -0.697106 -0.068662
vn -0.713673 -0.697106 -0.068662
vn -0.817900 -0.573305 -0.048591
vn -0.824740 -0.452291 -0.339465
vn -0.721869 -0.552069 -0.417284
vn -0.721869 -0.552069 -0.417284
vn -0.824740 -0.452291 -0.339465
vn -0.822859 -0.202126 -0.531082
vn -0.719613 -0.252247 -0.646938
vn -0.719613 -0.252247 -0.646938
vn -0.822859 -0.202126 -0.531082
vn -0.812758 0.110141 -0.572096
vn -0.707509 0.122015 -0.696091
vn -0.707509 0.122015 -0.696091
vn -0.812758 0.110141 -0.572096
vn -0.797151 0.400852 -0.451517
vn -0.688801 0.470442 -0.551577
vn -0.998537 0.037421 0.039042
vn -0.998537 0.037421 0.039042
vn -0.998537 0.037421 0.039043
vn -0.998537 0.037421 0.039043
vn -0.998537 0.037421 0.039043
vn -0.998537 0.037421 0.039043
vn -0.998537 0.037421 0.039041
vn -0.998537 0.037421 0.039041
vn -0.998537 0.037421 0.039041
vn -0.998537 0.037421 0.039041
vn -0.998537 0.037421 0.039040
vn -0.998537 0.037421 0.039040
vn -0.998537 0.037421 0.039040
vn -0.998537 0.037421 0.039040
vn -0.998537 0.037421 0.039042
vn -0.998537 0.037421 0.039042
vn -0.998537 0.037421 0.039042
vn -0.998537 0.037421 0.039042
vn -0.998537 0.037421 0.039042
vn -0.998537 0.037421 0.039042
vn -0.998537 0.037421 0.039042
vn -0.998537 0.037421 0.039042
vn -0.998537 0.037421 0.039042
vn -0.998537 0.037421 0.039042
vn -0.998537 0.037421 0.039042
vn -0.998537 0.037421 0.039042
vn -0.998537 0.037421 0.039041
vn -0.998537 0.037421 0.039041
vn -0.998537 0.037421 0.039041
vn -0.998537 0.037421 0.039041
vn -0.998537 0.037421 0.039041
vn -0.998537 0.037421 0.039041
vn -0.998537 0.037421 0.039041
vn -0.998537 0.037421 0.039041
vn -0.998537 0.037421 0.039041
vn -0.998537 0.037421 0.039041
vn -0.998537 0.037421 0.039041
vn -0.998537 0.037421 0.039041
vn -0.998537 0.037421 0.039042
vn -0.998537 0.037421 0.039042
vn -0.998537 0.037421 0.039042
vn -0.998537 0.037421 0.039042
vn -0.998537 0.037421 0.039042
vn -0.998537 0.037421 0.039042
vn -0.998537 0.037421 0.039042
vn -0.998537 0.037421 0.039042
vn -0.998537 0.037421 0.039042
vn -0.998537 0.037421 0.039042
vn -0.998536 0.037421 0.039044
vn -0.998537 0.037421 0.039042
vn -0.998537 0.037421 0.039041
vn -0.998537 0.037421 0.039041
vn -0.998537 0.037421 0.039042
vn -0.998537 0.037421 0.039042
vn -0.998537 0.037421 0.039042
vn -0.998537 0.037421 0.039042
vn -0.998537 0.037421 0.039043
vn -0.998537 0.037421 0.039043
vn -0.998537 0.037421 0.039042
vn -0.998537 0.037421 0.039040
vn -0.998537 0.037421 0.039040
vn -0.998537 0.037421 0.039042
vn -0.998537 0.037421 0.039042
vn -0.998537 0.037421 0.039042
vn -0.998537 0.037421 0.039042
vn -0.998537 0.037421 0.039042
vn -0.998537 0.037421 0.039042
vn -0.998537 0.037421 0.039042
vn -0.998537 0.037421 0.039043
vn -0.998537 0.037421 0.039043
vn -0.998537 0.037421 0.039042
vn -0.998537 0.037421 0.039042
vn -0.998537 0.037421 0.039042
vn -0.998537 0.037421 0.039042
vn -0.998537 0.037421 0.039041
vn -0.998537 0.037421 0.039041
vn -0.998537 0.037421 0.039042
vn -0.998537 0.037421 0.039042
vn -0.998537 0.037421 0.039042
vn -0.998537 0.037421 0.039042
vn -0.998537 0.037421 0.039042
vn -0.998537 0.037421 0.039042
vn -0.998537 0.037421 0.039042
vn -0.998536 0.037421 0.039044
vn -0.991057 0.116683 -0.064744
vn -0.991057 0.116683 -0.064744
vn -0.987425 0.157694 -0.011171
vn -0.987425 0.157694 -0.011171
vn -0.987425 0.157694 -0.011171
vn -0.987425 0.157694 -0.011171
vn -0.984482 0.166391 0.055768
vn -0.984482 0.166391 0.055768
vn -0.984482 0.166391 0.055768
vn -0.984482 0.166391 0.055768
vn -0.983015 0.140444 0.118137
vn -0.983015 0.140445 0.118137
vn -0.983015 0.140445 0.118137
vn -0.983015 0.140444 0.118137
vn -0.983419 0.086807 0.159224
vn -0.983419 0.086808 0.159224
vn -0.983419 0.086808 0.159224
vn -0.983419 0.086807 0.159224
vn -0.985584 0.019850 0.168017
vn -0.985584 0.019850 0.168017
vn -0.985584 0.019850 0.168017
vn -0.985584 0.019850 0.168017
vn -0.988931 -0.042483 0.142162
vn -0.988931 -0.042484 0.142161
vn -0.988931 -0.042484 0.142161
vn -0.988931 -0.042483 0.142162
vn -0.992563 -0.083493 0.088588
vn -0.992563 -0.083493 0.088587
vn -0.992563 -0.083493 0.088587
vn -0.992563 -0.083493 0.088588
vn -0.995506 -0.092188 0.021649
vn -0.995506 -0.092188 0.021649
vn -0.995506 -0.092188 0.021649
vn -0.995506 -0.092188 0.021649
vn -0.996973 -0.066240 -0.040718
vn -0.996973 -0.066240 -0.040718
vn -0.996973 -0.066240 -0.040718
vn -0.996973 -0.066240 -0.040718
vn -0.996569 -0.012603 -0.081802
vn -0.996569 -0.012602 -0.081802
vn -0.996569 -0.012602 -0.081802
vn -0.996569 -0.012603 -0.081802
vn -0.994404 0.054351 -0.090595
vn -0.994404 0.054351 -0.090595
vn -0.994404 0.054351 -0.090595
vn -0.994404 0.054351 -0.090595
vn -0.991057 0.116683 -0.064744
vn -0.991057 0.116683 -0.064744
vn 0.992564 0.083488 -0.088582
vn 0.992564 0.083488 -0.088583
vn 0.988933 0.042479 -0.142154
vn 0.988932 0.042479 -0.142155
vn 0.995507 0.092185 -0.021648
vn 0.995507 0.092185 -0.021648
vn 0.992564 0.083488 -0.088583
vn 0.992564 0.083488 -0.088582
vn 0.996973 0.066240 0.040717
vn 0.996973 0.066240 0.040718
vn 0.995507 0.092185 -0.021648
vn 0.995507 0.092185 -0.021648
vn 0.996569 0.012605 0.081803
vn 0.996569 0.012605 0.081804
vn 0.996973 0.066240 0.040718
vn 0.996973 0.066240 0.040717
vn 0.994403 -0.054351 0.090600
vn 0.994403 -0.054351 0.090600
vn 0.996569 0.012605 0.081804
vn 0.996569 0.012605 0.081803
vn 0.991057 -0.116684 0.064744
vn 0.991057 -0.116684 0.064744
vn 0.994403 -0.054351 0.090600
vn 0.994403 -0.054351 0.090600
vn 0.987425 -0.157691 0.011169
vn 0.987425 -0.157691 0.011169
vn 0.991057 -0.116684 0.064744
vn 0.991057 -0.116684 0.064744
vn 0.984482 -0.166388 -0.055769
vn 0.984482 -0.166388 -0.055769
vn 0.987425 -0.157691 0.011169
vn 0.987425 -0.157691 0.011169
vn 0.983016 -0.140442 -0.118133
vn 0.983016 -0.140441 -0.118134
vn 0.984482 -0.166388 -0.055769
vn 0.984482 -0.166388 -0.055769
vn 0.983420 -0.086804 -0.159216
vn 0.983420 -0.086804 -0.159216
vn 0.983016 -0.140441 -0.118134
vn 0.983016 -0.140442 -0.118133
vn 0.985586 -0.019851 -0.168009
vn 0.985586 -0.019851 -0.168009
vn 0.983420 -0.086804 -0.159216
vn 0.983420 -0.086804 -0.159216
vn 0.988932 0.042479 -0.142155
vn 0.988933 0.042479 -0.142154
vn 0.985586 -0.019851 -0.168009
vn 0.985586 -0.019851 -0.168009
vn -0.008140 0.609711 -0.792582
vn -0.008140 0.609711 -0.792582
vn 0.019682 0.923896 -0.382138
vn 0.019682 0.923896 -0.382138
vn -0.019682 -0.923895 0.382140
vn -0.019682 -0.923895 0.382140
vn 0.008140 -0.609710 0.792583
vn 0.008140 -0.609710 0.792583
vn 0.019682 0.923896 -0.382138
vn 0.019682 0.923896 -0.382138
vn 0.042231 0.990522 0.130702
vn 0.042231 0.990522 0.130702
vn -0.042231 -0.990522 -0.130702
vn -0.042231 -0.990522 -0.130702
vn -0.019682 -0.923895 0.382140
vn -0.019682 -0.923895 0.382140
vn 0.042231 0.990522 0.130702
vn 0.042231 0.990522 0.130702
vn 0.053464 0.791737 0.608517
vn 0.053464 0.791737 0.608517
vn -0.053464 -0.791740 -0.608514
vn -0.053464 -0.791740 -0.608514
vn -0.042231 -0.990522 -0.130702
vn -0.042231 -0.990522 -0.130702
vn 0.053464 0.791737 0.608517
vn 0.053464 0.791737 0.608517
vn 0.050371 0.380811 0.923280
vn 0.050371 0.380811 0.923280
vn -0.050371 -0.380808 -0.923281
vn -0.050371 -0.380808 -0.923281
vn -0.053464 -0.791740 -0.608514
vn -0.053464 -0.791740 -0.608514
vn 0.050371 0.380811 0.923280
vn 0.050371 0.380811 0.923280
vn 0.033781 -0.132159 0.990653
vn 0.033781 -0.132159 0.990653
vn -0.033781 0.132159 -0.990653
vn -0.033781 0.132159 -0.990653
vn -0.050371 -0.380808 -0.923281
vn -0.050371 -0.380808 -0.923281
vn 0.033781 -0.132159 0.990653
vn 0.033781 -0.132159 0.990653
vn 0.008140 -0.609717 0.792578
vn 0.008140 -0.609717 0.792578
vn -0.008140 0.609714 -0.792580
vn -0.008140 0.609714 -0.792580
vn -0.033781 0.132159 -0.990653
vn -0.033781 0.132159 -0.990653
vn 0.008140 -0.609717 0.792578
vn 0.008140 -0.609717 0.792578
vn -0.019682 -0.923897 0.382136
vn -0.019682 -0.923897 0.382136
vn 0.019683 0.923897 -0.382134
vn 0.019683 0.923897 -0.382134
vn -0.008140 0.609714 -0.792580
vn -0.008140 0.609714 -0.792580
vn -0.019682 -0.923897 0.382136
vn -0.019682 -0.923897 0.382136
vn -0.042231 -0.990522 -0.130702
vn -0.042231 -0.990522 -0.130702
vn 0.042231 0.990522 0.130702
vn 0.042231 0.990522 0.130702
vn 0.019683 0.923897 -0.382134
vn 0.019683 0.923897 -0.382134
vn -0.042231 -0.990522 -0.130702
vn -0.042231 -0.990522 -0.130702
vn -0.053464 -0.791736 -0.608519
vn -0.053464 -0.791736 -0.608519
vn 0.053464 0.791734 0.608522
vn 0.053464 0.791734 0.608522
vn 0.042231 0.990522 0.130702
vn 0.042231 0.990522 0.130702
vn -0.053464 -0.791736 -0.608519
vn -0.053464 -0.791736 -0.608519
vn -0.050371 -0.380805 -0.923282
vn -0.050371 -0.380805 -0.923282
vn 0.050371 0.380801 0.923284
vn 0.050371 0.380801 0.923284
vn 0.053464 0.791734 0.608522
vn 0.053464 0.791734 0.608522
vn -0.050371 -0.380805 -0.923282
vn -0.050371 -0.380805 -0.923282
vn -0.033781 0.132159 -0.990653
vn -0.033781 0.132159 -0.990653
vn 0.033781 -0.132159 0.990653
vn 0.033781 -0.132159 0.990653
vn 0.050371 0.380801 0.923284
vn 0.050371 0.380801 0.923284
vn -0.033781 0.132159 -0.990653
vn -0.033781 0.132159 -0.990653
vn -0.008140 0.609711 -0.792582
vn -0.008140 0.609711 -0.792582
vn 0.008140 -0.609710 0.792583
vn 0.008140 -0.609710 0.792583
vn 0.033781 -0.132159 0.990653
vn 0.033781 -0.132159 0.990653
vn -0.046132 -0.966147 -0.253833
vn -0.046132 -0.966147 -0.253833
vn -0.046132 -0.966147 -0.253833
vn -0.046132 -0.966147 -0.253833
vn -0.033781 0.132159 -0.990653
vn -0.033781 0.132159 -0.990653
vn -0.033781 0.132159 -0.990653
vn -0.033781 0.132159 -0.990653
vn 0.037664 0.999275 0.005509
vn 0.037664 0.999275 0.005509
vn 0.037664 0.999275 0.005509
vn 0.037664 0.999275 0.005509
vn 0.033781 -0.132159 0.990653
vn 0.033781 -0.132159 0.990653
vn 0.033781 -0.132159 0.990653
vn 0.033781 -0.132159 0.990653
vn 0.998909 -0.044472 0.014271
vn 0.998909 -0.044472 0.014271
vn 0.998909 -0.044472 0.014271
vn 0.998909 -0.044472 0.014271
vn -0.995855 0.031185 0.085438
vn -0.995855 0.031185 0.085438
vn -0.995855 0.031185 0.085438
vn -0.995855 0.031185 0.085438
vn 0.998537 -0.037421 -0.039042
vn 0.998537 -0.037421 -0.039042
vn 0.998537 -0.037421 -0.039041
vn 0.998537 -0.037421 -0.039043
vn 0.998537 -0.037421 -0.039042
vn 0.998537 -0.037421 -0.039042
vn 0.998537 -0.037421 -0.039041
vn 0.998537 -0.037421 -0.039042
vn 0.998537 -0.037421 -0.039042
vn 0.998537 -0.037421 -0.039042
vn 0.998537 -0.037421 -0.039042
vn 0.998537 -0.037421 -0.039043
vn 0.998537 -0.037421 -0.039041
vn 0.998537 -0.037421 -0.039043
vn 0.998537 -0.037421 -0.039042
vn 0.998537 -0.037421 -0.039042
vn 0.998537 -0.037421 -0.039042
vn 0.998537 -0.037421 -0.039042
vn 0.998537 -0.037421 -0.039042
vn 0.998537 -0.037421 -0.039042
vn 0.998537 -0.037421 -0.039043
vn 0.998537 -0.037421 -0.039042
vn 0.998537 -0.037421 -0.039042
vn 0.998537 -0.037421 -0.039042
vn 0.998537 -0.037421 -0.039042
vn 0.998537 -0.037421 -0.039042
vn 0.998537 -0.037421 -0.039042
vn 0.998537 -0.037421 -0.039043
vn 0.998537 -0.037421 -0.039042
vn 0.998537 -0.037421 -0.039042
vn 0.998537 -0.037421 -0.039042
vn 0.998537 -0.037421 -0.039043
vn 0.998537 -0.037421 -0.039042
vn 0.998537 -0.037421 -0.039041
vn 0.998537 -0.037421 -0.039042
vn 0.998537 -0.037421 -0.039042
vn 0.406262 -0.806767 0.429043
vn 0.406262 -0.806767 0.429043
vn 0.406262 -0.806767 0.429043
vn 0.406262 -0.806767 0.429043
vn 0.925656 -0.371105 0.073775
vn 0.925656 -0.371105 0.073775
vn 0.925656 -0.371105 0.073775
vn 0.925656 -0.371105 0.073775
vn 0.902813 0.281945 -0.324708
vn 0.902813 0.281945 -0.324708
vn 0.902813 0.281945 -0.324708
vn 0.902813 0.281945 -0.324708
vn 0.351116 0.769836 -0.532983
vn 0.351116 0.769836 -0.532983
vn 0.351116 0.769836 -0.532983
vn 0.351116 0.769836 -0.532983
vn -0.406262 0.806767 -0.429043
vn -0.406262 0.806767 -0.429043
vn -0.406262 0.806767 -0.429043
vn -0.406262 0.806767 -0.429043
vn -0.925656 0.371105 -0.073776
vn -0.925656 0.371105 -0.073776
vn -0.925656 0.371105 -0.073776
vn -0.925656 0.371105 -0.073776
vn -0.902813 -0.281945 0.324708
vn -0.902813 -0.281945 0.324708
vn -0.902813 -0.281945 0.324708
vn -0.902813 -0.281945 0.324708
vn -0.351116 -0.769836 0.532983
vn -0.351116 -0.769836 0.532983
vn -0.351116 -0.769836 0.532983
vn -0.351116 -0.769836 0.532983
vn 0.140997 0.519263 0.842903
vn 0.140997 0.519262 0.842904
vn 0.140997 0.519262 0.842904
vn 0.140997 0.519263 0.842903
vn 0.140997 0.519262 0.842904
vn 0.140997 0.519263 0.842903
vn 0.140998 0.519261 0.842904
vn 0.140997 0.519262 0.842904
vn 0.140997 0.519263 0.842903
vn 0.140997 0.519262 0.842904
vn 0.140997 0.519262 0.842904
vn 0.140998 0.519261 0.842904
vn 0.140997 0.519263 0.842903
vn 0.140997 0.519262 0.842904
vn 0.140997 0.519262 0.842904
vn 0.140997 0.519262 0.842904
vn 0.140997 0.519262 0.842904
vn 0.140997 0.519263 0.842903
vn 0.140998 0.519261 0.842904
vn 0.140997 0.519262 0.842904
vn 0.140997 0.519262 0.842904
vn 0.140997 0.519262 0.842904
vn 0.140997 0.519262 0.842904
vn 0.140998 0.519261 0.842904
vn -0.140997 -0.519262 -0.842904
vn -0.140997 -0.519262 -0.842904
vn -0.140997 -0.519262 -0.842904
vn -0.140997 -0.519262 -0.842904
vn -0.140997 -0.519262 -0.842904
vn -0.140997 -0.519263 -0.842903
vn -0.140997 -0.519263 -0.842903
vn -0.140997 -0.519262 -0.842904
vn -0.140997 -0.519263 -0.842903
vn -0.140997 -0.519263 -0.842903
vn -0.140997 -0.519262 -0.842904
vn -0.140997 -0.519262 -0.842904
vn -0.140997 -0.519262 -0.842904
vn -0.140997 -0.519262 -0.842904
vn -0.140997 -0.519262 -0.842904
vn -0.140997 -0.519262 -0.842904
vn -0.140997 -0.519262 -0.842904
vn -0.140997 -0.519262 -0.842904
vn -0.140997 -0.519262 -0.842904
vn -0.140997 -0.519262 -0.842904
vn -0.140997 -0.519262 -0.842904
vn -0.140997 -0.519262 -0.842904
vn -0.140997 -0.519262 -0.842904
vn -0.140997 -0.519262 -0.842904
vn -0.783472 -0.461965 0.415645
vn -0.783472 -0.461965 0.415645
vn -0.783472 -0.461965 0.415645
vn -0.783472 -0.461965 0.415645
vn -0.605220 0.718996 -0.341691
vn -0.605220 0.718996 -0.341691
vn -0.605220 0.718996 -0.341691
vn -0.605220 0.718996 -0.341691
vn 0.783472 0.461965 -0.415645
vn 0.783472 0.461965 -0.415645
vn 0.783472 0.461965 -0.415645
vn 0.783472 0.461965 -0.415645
vn 0.605221 -0.718996 0.341691
vn 0.605221 -0.718996 0.341691
vn 0.605221 -0.718996 0.341691
vn 0.605221 -0.718996 0.341691
vn -0.140997 -0.519262 -0.842904
vn -0.140997 -0.519262 -0.842904
vn -0.140997 -0.519262 -0.842904
vn -0.140997 -0.519262 -0.842904
vn 0.140997 0.519263 0.842903
vn 0.140997 0.519263 0.842903
vn 0.140997 0.519263 0.842903
vn 0.140997 0.519263 0.842903
vn 0.053969 0.643380 0.763643
vn 0.053969 0.643380 0.763643
vn 0.048467 0.939498 0.339110
vn 0.048467 0.939498 0.339110
vn 0.048467 0.939498 0.339110
vn 0.048467 0.939498 0.339110
vn 0.029979 0.983881 -0.176292
vn 0.029979 0.983881 -0.176292
vn 0.029979 0.983881 -0.176292
vn 0.029979 0.983881 -0.176292
vn 0.003458 0.764635 -0.644454
vn 0.003458 0.764635 -0.644454
vn 0.003458 0.764635 -0.644454
vn 0.003458 0.764635 -0.644454
vn -0.023990 0.340504 -0.939937
vn -0.023990 0.340504 -0.939937
vn -0.023990 0.340504 -0.939937
vn -0.023990 0.340504 -0.939937
vn -0.045010 -0.174863 -0.983563
vn -0.045010 -0.174863 -0.983563
vn -0.045010 -0.174863 -0.983563
vn -0.045010 -0.174863 -0.983563
vn -0.053969 -0.643378 -0.763644
vn -0.053969 -0.643378 -0.763644
vn -0.053969 -0.643378 -0.763644
vn -0.053969 -0.643378 -0.763644
vn -0.048467 -0.939498 -0.339108
vn -0.048467 -0.939498 -0.339108
vn -0.048467 -0.939498 -0.339108
vn -0.048467 -0.939498 -0.339108
vn -0.029979 -0.983881 0.176292
vn -0.029979 -0.983881 0.176292
vn -0.029979 -0.983881 0.176292
vn -0.029979 -0.983881 0.176292
vn -0.003457 -0.764634 0.644456
vn -0.003457 -0.764634 0.644456
vn -0.003457 -0.764634 0.644456
vn -0.003457 -0.764634 0.644456
vn 0.023990 -0.340506 0.939936
vn 0.023990 -0.340506 0.939936
vn 0.023990 -0.340506 0.939936
vn 0.023990 -0.340506 0.939936
vn 0.045010 0.174863 0.983563
vn 0.045010 0.174863 0.983563
vn 0.045010 0.174863 0.983563
vn 0.045010 0.174863 0.983563
vn 0.053969 0.643380 0.763643
vn 0.053969 0.643380 0.763643
vn -0.998536 0.037420 0.039045
vn -0.998537 0.037421 0.039042
vn -0.998537 0.037421 0.039042
vn -0.998536 0.037420 0.039045
vn -0.998537 0.037421 0.039042
vn -0.998536 0.037420 0.039045
vn -0.998537 0.037421 0.039040
vn -0.998537 0.037421 0.039042
vn -0.998536 0.037420 0.039045
vn -0.998537 0.037419 0.039043
vn -0.998537 0.037421 0.039042
vn -0.998537 0.037421 0.039040
vn -0.998537 0.037419 0.039044
vn -0.998537 0.037421 0.039042
vn -0.998537 0.037419 0.039043
vn -0.998537 0.037421 0.039041
vn -0.998537 0.037421 0.039042
vn -0.998537 0.037419 0.039044
vn -0.998537 0.037421 0.039042
vn -0.998537 0.037421 0.039042
vn -0.998537 0.037421 0.039041
vn -0.998537 0.037421 0.039042
vn -0.998537 0.037421 0.039042
vn -0.998537 0.037421 0.039042
vn -0.998537 0.037420 0.039039
vn -0.998537 0.037421 0.039042
vn -0.998537 0.037421 0.039042
vn -0.998537 0.037423 0.039041
vn -0.998537 0.037421 0.039042
vn -0.998537 0.037420 0.039039
vn -0.998537 0.037422 0.039042
vn -0.998537 0.037421 0.039042
vn -0.998537 0.037423 0.039041
vn -0.998537 0.037421 0.039042
vn -0.998537 0.037421 0.039042
vn -0.998537 0.037422 0.039042
vn 0.998537 -0.037420 -0.039043
vn 0.998537 -0.037421 -0.039041
vn 0.998537 -0.037421 -0.039042
vn 0.998537 -0.037421 -0.039042
vn 0.998537 -0.037421 -0.039041
vn 0.998537 -0.037421 -0.039039
vn 0.998537 -0.037421 -0.039039
vn 0.998537 -0.037421 -0.039041
vn 0.998537 -0.037422 -0.039041
vn 0.998537 -0.037422 -0.039041
vn 0.998537 -0.037421 -0.039041
vn 0.998537 -0.037422 -0.039040
vn 0.998537 -0.037422 -0.039040
vn 0.998537 -0.037421 -0.039041
vn 0.998537 -0.037420 -0.039039
vn 0.998537 -0.037420 -0.039039
vn 0.998537 -0.037421 -0.039041
vn 0.998537 -0.037420 -0.039041
vn 0.998537 -0.037420 -0.039041
vn 0.998537 -0.037421 -0.039041
vn 0.998537 -0.037420 -0.039042
vn 0.998537 -0.037420 -0.039042
vn 0.998537 -0.037421 -0.039041
vn 0.998537 -0.037420 -0.039042
vn 0.998537 -0.037420 -0.039042
vn 0.998537 -0.037421 -0.039041
vn 0.998537 -0.037420 -0.039042
vn 0.998537 -0.037420 -0.039042
vn 0.998537 -0.037421 -0.039041
vn 0.998537 -0.037420 -0.039043
vn 0.998537 -0.037420 -0.039043
vn 0.998537 -0.037421 -0.039041
vn 0.998537 -0.037420 -0.039043
vn 0.998537 -0.037420 -0.039043
vn 0.998537 -0.037421 -0.039041
vn 0.998537 -0.037420 -0.039043
vn -0.998537 0.037421 0.039042
vn -0.998537 0.037421 0.039042
vn -0.998537 0.037421 0.039042
vn -0.998537 0.037421 0.039042
vn -0.998537 0.037421 0.039042
vn -0.998537 0.037421 0.039042
vn -0.998537 0.037421 0.039042
vn -0.998537 0.037421 0.039042
vn -0.998537 0.037421 0.039042
vn -0.998537 0.037421 0.039042
vn -0.998537 0.037421 0.039042
vn -0.998537 0.037421 0.039042
vn -0.998537 0.037421 0.039042
vn -0.998537 0.037421 0.039042
vn -0.998537 0.037421 0.039042
vn -0.998537 0.037421 0.039042
vn -0.998537 0.037421 0.039042
vn -0.998537 0.037421 0.039042
vn -0.998537 0.037421 0.039042
vn -0.998537 0.037421 0.039042
vn -0.998537 0.037421 0.039042
vn -0.998537 0.037421 0.039042
vn -0.998537 0.037421 0.039042
vn -0.998537 0.037421 0.039042
vn -0.998537 0.037421 0.039042
vn -0.998537 0.037421 0.039042
vn -0.998537 0.037421 0.039042
vn -0.998537 0.037421 0.039042
vn -0.998537 0.037421 0.039042
vn -0.998537 0.037421 0.039042
vn -0.998537 0.037421 0.039042
vn -0.998537 0.037421 0.039042
vn -0.998537 0.037421 0.039042
vn -0.998537 0.037421 0.039042
vn -0.998537 0.037421 0.039042
vn -0.998537 0.037421 0.039042
vn -0.998537 0.037421 0.039042
vn -0.998537 0.037421 0.039042
vn -0.998537 0.037421 0.039042
vn -0.998537 0.037421 0.039042
vn -0.998537 0.037421 0.039042
vn -0.998537 0.037421 0.039042
vn -0.998537 0.037421 0.039042
vn -0.998537 0.037421 0.039042
vn -0.998537 0.037421 0.039042
vn -0.998537 0.037421 0.039042
vn -0.998537 0.037421 0.039042
vn -0.998537 0.037421 0.039042
vn 0.998537 -0.037421 -0.039042
vn 0.998537 -0.037421 -0.039042
vn 0.998537 -0.037421 -0.039042
vn 0.998537 -0.037421 -0.039042
vn 0.998537 -0.037421 -0.039042
vn 0.998537 -0.037421 -0.039042
vn 0.998537 -0.037421 -0.039042
vn 0.998537 -0.037421 -0.039042
vn 0.998537 -0.037421 -0.039042
vn 0.998537 -0.037421 -0.039042
vn 0.998537 -0.037421 -0.039042
vn 0.998537 -0.037421 -0.039042
vn 0.998537 -0.037421 -0.039042
vn 0.998537 -0.037421 -0.039042
vn 0.998537 -0.037421 -0.039042
vn 0.998537 -0.037421 -0.039042
vn 0.998537 -0.037421 -0.039042
vn 0.998537 -0.037421 -0.039042
vn 0.998537 -0.037421 -0.039042
vn 0.998537 -0.037421 -0.039042
vn 0.998537 -0.037421 -0.039042
vn 0.998537 -0.037421 -0.039042
vn 0.998537 -0.037421 -0.039042
vn 0.998537 -0.037421 -0.039042
vn 0.998537 -0.037421 -0.039042
vn 0.998537 -0.037421 -0.039042
vn 0.998537 -0.037421 -0.039042
vn 0.998537 -0.037421 -0.039042
vn 0.998537 -0.037421 -0.039042
vn 0.998537 -0.037421 -0.039042
vn 0.998537 -0.037421 -0.039042
vn 0.998537 -0.037421 -0.039042
vn 0.998537 -0.037421 -0.039042
vn 0.998537 -0.037421 -0.039042
vn 0.998537 -0.037421 -0.039042
vn 0.998537 -0.037421 -0.039042
vn 0.998537 -0.037421 -0.039042
vn 0.998537 -0.037421 -0.039042
vn 0.998537 -0.037421 -0.039042
vn 0.998537 -0.037421 -0.039042
vn 0.998537 -0.037421 -0.039042
vn 0.998537 -0.037421 -0.039042
vn 0.998537 -0.037421 -0.039042
vn 0.998537 -0.037421 -0.039042
vn 0.998537 -0.037421 -0.039042
vn 0.998537 -0.037421 -0.039042
vn 0.998537 -0.037421 -0.039042
vn 0.998537 -0.037421 -0.039042
vn -0.048467 -0.939498 -0.339110
vn -0.048467 -0.939498 -0.339110
vn -0.053969 -0.643378 -0.763644
vn -0.053969 -0.643378 -0.763644
vn -0.029979 -0.983881 0.176292
vn -0.029979 -0.983881 0.176292
vn -0.048467 -0.939498 -0.339110
vn -0.048467 -0.939498 -0.339110
vn -0.003458 -0.764635 0.644454
vn -0.003458 -0.764635 0.644454
vn -0.029979 -0.983881 0.176292
vn -0.029979 -0.983881 0.176292
vn 0.023990 -0.340506 0.939936
vn 0.023990 -0.340506 0.939936
vn -0.003458 -0.764635 0.644454
vn -0.003458 -0.764635 0.644454
vn 0.045010 0.174863 0.983563
vn 0.045010 0.174863 0.983563
vn 0.023990 -0.340506 0.939936
vn 0.023990 -0.340506 0.939936
vn 0.053969 0.643378 0.763644
vn 0.053969 0.643378 0.763644
vn 0.045010 0.174863 0.983563
vn 0.045010 0.174863 0.983563
vn 0.048467 0.939498 0.339108
vn 0.048467 0.939498 0.339108
vn 0.053969 0.643378 0.763644
vn 0.053969 0.643378 0.763644
vn 0.029979 0.983881 -0.176292
vn 0.029979 0.983881 -0.176292
vn 0.048467 0.939498 0.339108
vn 0.048467 0.939498 0.339108
vn 0.003457 0.764634 -0.644456
vn 0.003457 0.764634 -0.644456
vn 0.029979 0.983881 -0.176292
vn 0.029979 0.983881 -0.176292
vn -0.023990 0.340506 -0.939936
vn -0.023990 0.340506 -0.939936
vn 0.003457 0.764634 -0.644456
vn 0.003457 0.764634 -0.644456
vn -0.045010 -0.174863 -0.983563
vn -0.045010 -0.174863 -0.983563
vn -0.023990 0.340506 -0.939936
vn -0.023990 0.340506 -0.939936
vn -0.053969 -0.643378 -0.763644
vn -0.053969 -0.643378 -0.763644
vn -0.045010 -0.174863 -0.983563
vn -0.045010 -0.174863 -0.983563
vn -0.053969 -0.643378 -0.763644
vn -0.053969 -0.643378 -0.763644
vn -0.048467 -0.939498 -0.339109
vn -0.048467 -0.939498 -0.339109
vn -0.048467 -0.939498 -0.339109
vn -0.048467 -0.939498 -0.339109
vn -0.029979 -0.983881 0.176292
vn -0.029979 -0.983881 0.176292
vn -0.029979 -0.983881 0.176292
vn -0.029979 -0.983881 0.176292
vn -0.003458 -0.764635 0.644454
vn -0.003458 -0.764635 0.644454
vn -0.003458 -0.764635 0.644454
vn -0.003458 -0.764635 0.644454
vn 0.023990 -0.340506 0.939936
vn 0.023990 -0.340506 0.939936
vn 0.023990 -0.340506 0.939936
vn 0.023990 -0.340506 0.939936
vn 0.045010 0.174863 0.983563
vn 0.045010 0.174863 0.983563
vn 0.045010 0.174863 0.983563
vn 0.045010 0.174863 0.983563
vn 0.053969 0.643378 0.763644
vn 0.053969 0.643378 0.763644
vn 0.053969 0.643378 0.763644
vn 0.053969 0.643378 0.763644
vn 0.048467 0.939498 0.339108
vn 0.048467 0.939498 0.339108
vn 0.048467 0.939498 0.339108
vn 0.048467 0.939498 0.339108
vn 0.029979 0.983881 -0.176292
vn 0.029979 0.983881 -0.176292
vn 0.029979 0.983881 -0.176292
vn 0.029979 0.983881 -0.176292
vn 0.003457 0.764634 -0.644456
vn 0.003457 0.764634 -0.644456
vn 0.003457 0.764634 -0.644456
vn 0.003457 0.764634 -0.644456
vn -0.023990 0.340506 -0.939936
vn -0.023990 0.340506 -0.939936
vn -0.023990 0.340506 -0.939936
vn -0.023990 0.340506 -0.939936
vn -0.045010 -0.174863 -0.983563
vn -0.045010 -0.174863 -0.983563
vn -0.045010 -0.174863 -0.983563
vn -0.045010 -0.174863 -0.983563
vn -0.053969 -0.643378 -0.763644
vn -0.053969 -0.643378 -0.763644
vn -0.998537 0.037421 0.039043
vn -0.998537 0.037421 0.039043
vn -0.998537 0.037421 0.039042
vn -0.998537 0.037421 0.039042
vn -0.998537 0.037422 0.039042
vn -0.998537 0.037422 0.039042
vn -0.998537 0.037421 0.039043
vn -0.998537 0.037421 0.039043
vn -0.998537 0.037422 0.039041
vn -0.998537 0.037422 0.039041
vn -0.998537 0.037422 0.039042
vn -0.998537 0.037422 0.039042
vn -0.998537 0.037421 0.039041
vn -0.998537 0.037421 0.039041
vn -0.998537 0.037422 0.039041
vn -0.998537 0.037422 0.039041
vn -0.998537 0.037421 0.039042
vn -0.998537 0.037421 0.039042
vn -0.998537 0.037421 0.039041
vn -0.998537 0.037421 0.039041
vn -0.998536 0.037421 0.039044
vn -0.998536 0.037421 0.039044
vn -0.998537 0.037421 0.039042
vn -0.998537 0.037421 0.039042
vn -0.998537 0.037421 0.039042
vn -0.998537 0.037421 0.039042
vn -0.998536 0.037421 0.039044
vn -0.998536 0.037421 0.039044
vn -0.998537 0.037421 0.039041
vn -0.998537 0.037421 0.039041
vn -0.998537 0.037421 0.039042
vn -0.998537 0.037421 0.039042
vn -0.998537 0.037420 0.039042
vn -0.998537 0.037420 0.039042
vn -0.998537 0.037421 0.039041
vn -0.998537 0.037421 0.039041
vn -0.998537 0.037421 0.039043
vn -0.998537 0.037421 0.039043
vn -0.998537 0.037420 0.039042
vn -0.998537 0.037420 0.039042
vn -0.998537 0.037421 0.039043
vn -0.998537 0.037421 0.039043
vn -0.998537 0.037421 0.039043
vn -0.998537 0.037421 0.039043
vn -0.998537 0.037421 0.039042
vn -0.998537 0.037421 0.039042
vn -0.998537 0.037421 0.039043
vn -0.998537 0.037421 0.039043
vn 0.998537 -0.037421 -0.039043
vn 0.998537 -0.037421 -0.039043
vn 0.998536 -0.037422 -0.039043
vn 0.998536 -0.037422 -0.039043
vn 0.998536 -0.037422 -0.039043
vn 0.998536 -0.037422 -0.039043
vn 0.998537 -0.037422 -0.039041
vn 0.998537 -0.037422 -0.039041
vn 0.998537 -0.037422 -0.039041
vn 0.998537 -0.037422 -0.039041
vn 0.998537 -0.037421 -0.039041
vn 0.998537 -0.037421 -0.039041
vn 0.998537 -0.037421 -0.039041
vn 0.998537 -0.037421 -0.039041
vn 0.998537 -0.037421 -0.039042
vn 0.998537 -0.037421 -0.039042
vn 0.998537 -0.037421 -0.039042
vn 0.998537 -0.037421 -0.039042
vn 0.998537 -0.037421 -0.039041
vn 0.998537 -0.037421 -0.039041
vn 0.998537 -0.037421 -0.039041
vn 0.998537 -0.037421 -0.039041
vn 0.998537 -0.037421 -0.039041
vn 0.998537 -0.037421 -0.039041
vn 0.998537 -0.037421 -0.039041
vn 0.998537 -0.037421 -0.039041
vn 0.998537 -0.037421 -0.039041
vn 0.998537 -0.037421 -0.039041
vn 0.998537 -0.037421 -0.039041
vn 0.998537 -0.037421 -0.039041
vn 0.998537 -0.037421 -0.039042
vn 0.998537 -0.037421 -0.039042
vn 0.998537 -0.037421 -0.039042
vn 0.998537 -0.037421 -0.039042
vn 0.998537 -0.037421 -0.039043
vn 0.998537 -0.037421 -0.039043
vn 0.998537 -0.037421 -0.039043
vn 0.998537 -0.037421 -0.039043
vn 0.998537 -0.037421 -0.039042
vn 0.998537 -0.037421 -0.039042
vn 0.998537 -0.037421 -0.039042
vn 0.998537 -0.037421 -0.039042
vn 0.998536 -0.037421 -0.039044
vn 0.998536 -0.037421 -0.039044
vn 0.998536 -0.037421 -0.039044
vn 0.998536 -0.037421 -0.039044
vn 0.998537 -0.037421 -0.039043
vn 0.998537 -0.037421 -0.039043
vn 0.048467 0.939498 0.339108
vn 0.048467 0.939499 0.339107
vn 0.053969 0.643379 0.763643
vn 0.053969 0.643379 0.763643
vn 0.029979 0.983881 -0.176292
vn 0.029979 0.983881 -0.176292
vn 0.048467 0.939499 0.339107
vn 0.048467 0.939498 0.339108
vn 0.003458 0.764635 -0.644454
vn 0.003458 0.764635 -0.644454
vn 0.029979 0.983881 -0.176292
vn 0.029979 0.983881 -0.176292
vn -0.023990 0.340515 -0.939933
vn -0.023990 0.340515 -0.939933
vn 0.003458 0.764635 -0.644454
vn 0.003458 0.764635 -0.644454
vn -0.045010 -0.174860 -0.983564
vn -0.045010 -0.174859 -0.983564
vn -0.023990 0.340515 -0.939933
vn -0.023990 0.340515 -0.939933
vn -0.053969 -0.643383 -0.763640
vn -0.053969 -0.643383 -0.763640
vn -0.045010 -0.174859 -0.983564
vn -0.045010 -0.174860 -0.983564
vn -0.048467 -0.939498 -0.339109
vn -0.048467 -0.939498 -0.339109
vn -0.053969 -0.643383 -0.763640
vn -0.053969 -0.643383 -0.763640
vn -0.029979 -0.983881 0.176292
vn -0.029979 -0.983881 0.176292
vn -0.048467 -0.939498 -0.339109
vn -0.048467 -0.939498 -0.339109
vn -0.003457 -0.764635 0.644455
vn -0.003457 -0.764634 0.644455
vn -0.029979 -0.983881 0.176292
vn -0.029979 -0.983881 0.176292
vn 0.023990 -0.340504 0.939937
vn 0.023990 -0.340504 0.939937
vn -0.003457 -0.764634 0.644455
vn -0.003457 -0.764635 0.644455
vn 0.045010 0.174864 0.983563
vn 0.045010 0.174864 0.983563
vn 0.023990 -0.340504 0.939937
vn 0.023990 -0.340504 0.939937
vn 0.053969 0.643379 0.763643
vn 0.053969 0.643379 0.763643
vn 0.045010 0.174864 0.983563
vn 0.045010 0.174864 0.983563
vn 0.053969 0.643379 0.763643
vn 0.053969 0.643379 0.763643
vn 0.048467 0.939498 0.339108
vn 0.048467 0.939498 0.339108
vn 0.048467 0.939498 0.339108
vn 0.048467 0.939498 0.339108
vn 0.029979 0.983881 -0.176292
vn 0.029979 0.983882 -0.176291
vn 0.029979 0.983882 -0.176291
vn 0.029979 0.983881 -0.176292
vn 0.003458 0.764636 -0.644453
vn 0.003458 0.764636 -0.644453
vn 0.003458 0.764636 -0.644453
vn 0.003458 0.764636 -0.644453
vn -0.023990 0.340513 -0.939934
vn -0.023990 0.340513 -0.939934
vn -0.023990 0.340513 -0.939934
vn -0.023990 0.340513 -0.939934
vn -0.045010 -0.174863 -0.983563
vn -0.045010 -0.174863 -0.983563
vn -0.045010 -0.174863 -0.983563
vn -0.045010 -0.174863 -0.983563
vn -0.053969 -0.643384 -0.763639
vn -0.053969 -0.643384 -0.763639
vn -0.053969 -0.643384 -0.763639
vn -0.053969 -0.643384 -0.763639
vn -0.048466 -0.939498 -0.339108
vn -0.048466 -0.939499 -0.339106
vn -0.048466 -0.939499 -0.339106
vn -0.048466 -0.939498 -0.339108
vn -0.029978 -0.983881 0.176293
vn -0.029978 -0.983881 0.176293
vn -0.029978 -0.983881 0.176293
vn -0.029978 -0.983881 0.176293
vn -0.003457 -0.764636 0.644454
vn -0.003457 -0.764636 0.644454
vn -0.003457 -0.764636 0.644454
vn -0.003457 -0.764636 0.644454
vn 0.023990 -0.340506 0.939936
vn 0.023990 -0.340506 0.939936
vn 0.023990 -0.340506 0.939936
vn 0.023990 -0.340506 0.939936
vn 0.045010 0.174864 0.983563
vn 0.045010 0.174864 0.983563
vn 0.045010 0.174864 0.983563
vn 0.045010 0.174864 0.983563
vn 0.053969 0.643379 0.763643
vn 0.053969 0.643379 0.763643
vn 0.053969 0.643376 0.763646
vn 0.053969 0.643376 0.763646
vn 0.048467 0.939498 0.339108
vn 0.048467 0.939498 0.339108
vn 0.048467 0.939498 0.339108
vn 0.048467 0.939498 0.339108
vn 0.053969 0.643378 0.763644
vn 0.053969 0.643378 0.763644
vn 0.048467 0.939498 0.339108
vn 0.048467 0.939498 0.339108
vn 0.029979 0.983881 -0.176292
vn 0.029979 0.983881 -0.176292
vn 0.029979 0.983881 -0.176292
vn 0.029979 0.983881 -0.176292
vn 0.048467 0.939498 0.339108
vn 0.048467 0.939498 0.339108
vn 0.029979 0.983881 -0.176292
vn 0.029979 0.983881 -0.176292
vn 0.003457 0.764635 -0.644455
vn 0.003457 0.764635 -0.644455
vn 0.003457 0.764634 -0.644455
vn 0.003457 0.764634 -0.644455
vn 0.029979 0.983881 -0.176292
vn 0.029979 0.983881 -0.176292
vn 0.003457 0.764635 -0.644455
vn 0.003457 0.764635 -0.644455
vn -0.023990 0.340504 -0.939937
vn -0.023990 0.340504 -0.939937
vn -0.023990 0.340504 -0.939937
vn -0.023990 0.340504 -0.939937
vn 0.003457 0.764634 -0.644455
vn 0.003457 0.764634 -0.644455
vn -0.023990 0.340504 -0.939937
vn -0.023990 0.340504 -0.939937
vn -0.045010 -0.174863 -0.983563
vn -0.045010 -0.174863 -0.983563
vn -0.045010 -0.174863 -0.983563
vn -0.045010 -0.174863 -0.983563
vn -0.023990 0.340504 -0.939937
vn -0.023990 0.340504 -0.939937
vn -0.045010 -0.174863 -0.983563
vn -0.045010 -0.174863 -0.983563
vn -0.053969 -0.643376 -0.763646
vn -0.053969 -0.643376 -0.763646
vn -0.053969 -0.643376 -0.763646
vn -0.053969 -0.643376 -0.763646
vn -0.045010 -0.174863 -0.983563
vn -0.045010 -0.174863 -0.983563
vn -0.053969 -0.643376 -0.763646
vn -0.053969 -0.643376 -0.763646
vn -0.048467 -0.939498 -0.339108
vn -0.048467 -0.939498 -0.339108
vn -0.048467 -0.939498 -0.339109
vn -0.048467 -0.939498 -0.339109
vn -0.053969 -0.643376 -0.763646
vn -0.053969 -0.643376 -0.763646
vn -0.048467 -0.939498 -0.339108
vn -0.048467 -0.939498 -0.339108
vn -0.029979 -0.983881 0.176292
vn -0.029979 -0.983881 0.176292
vn -0.029979 -0.983881 0.176292
vn -0.029979 -0.983881 0.176292
vn -0.048467 -0.939498 -0.339109
vn -0.048467 -0.939498 -0.339109
vn -0.029979 -0.983881 0.176292
vn -0.029979 -0.983881 0.176292
vn -0.003457 -0.764635 0.644455
vn -0.003457 -0.764635 0.644455
vn -0.003458 -0.764635 0.644454
vn -0.003458 -0.764635 0.644454
vn -0.029979 -0.983881 0.176292
vn -0.029979 -0.983881 0.176292
vn -0.003457 -0.764635 0.644455
vn -0.003457 -0.764635 0.644455
vn 0.023990 -0.340504 0.939937
vn 0.023990 -0.340504 0.939937
vn 0.023990 -0.340506 0.939936
vn 0.023990 -0.340506 0.939936
vn -0.003458 -0.764635 0.644454
vn -0.003458 -0.764635 0.644454
vn 0.023990 -0.340504 0.939937
vn 0.023990 -0.340504 0.939937
vn 0.045010 0.174863 0.983563
vn 0.045010 0.174863 0.983563
vn 0.045010 0.174863 0.983563
vn 0.045010 0.174863 0.983563
vn 0.023990 -0.340506 0.939936
vn 0.023990 -0.340506 0.939936
vn 0.045010 0.174863 0.983563
vn 0.045010 0.174863 0.983563
vn 0.053969 0.643376 0.763646
vn 0.053969 0.643376 0.763646
vn 0.053969 0.643378 0.763644
vn 0.053969 0.643378 0.763644
vn 0.045010 0.174863 0.983563
vn 0.045010 0.174863 0.983563
vn -0.998537 0.037421 0.039043
vn -0.998537 0.037421 0.039043
vn -0.998537 0.037421 0.039042
vn -0.998537 0.037421 0.039042
vn 0.998537 -0.037421 -0.039042
vn 0.998537 -0.037421 -0.039042
vn 0.998537 -0.037421 -0.039042
vn 0.998537 -0.037421 -0.039042
vn -0.998537 0.037421 0.039042
vn -0.998537 0.037421 0.039042
vn -0.998537 0.037421 0.039042
vn -0.998537 0.037421 0.039042
vn 0.998537 -0.037421 -0.039042
vn 0.998537 -0.037421 -0.039042
vn 0.998537 -0.037421 -0.039042
vn 0.998537 -0.037421 -0.039042
vn -0.998537 0.037421 0.039042
vn -0.998537 0.037421 0.039042
vn -0.998537 0.037421 0.039043
vn -0.998537 0.037421 0.039043
vn 0.998537 -0.037421 -0.039042
vn 0.998537 -0.037421 -0.039042
vn 0.998537 -0.037421 -0.039042
vn 0.998537 -0.037421 -0.039042
vn -0.998537 0.037421 0.039043
vn -0.998537 0.037421 0.039043
vn -0.998537 0.037421 0.039043
vn -0.998537 0.037421 0.039043
vn 0.998537 -0.037421 -0.039042
vn 0.998537 -0.037421 -0.039042
vn 0.998537 -0.037421 -0.039042
vn 0.998537 -0.037421 -0.039042
vn -0.998537 0.037421 0.039043
vn -0.998537 0.037421 0.039043
vn -0.998537 0.037421 0.039042
vn -0.998537 0.037421 0.039042
vn 0.998537 -0.037421 -0.039042
vn 0.998537 -0.037421 -0.039042
vn 0.998537 -0.037421 -0.039042
vn 0.998537 -0.037421 -0.039042
vn -0.998537 0.037421 0.039042
vn -0.998537 0.037421 0.039042
vn -0.998537 0.037421 0.039041
vn -0.998537 0.037421 0.039041
vn 0.998537 -0.037421 -0.039043
vn 0.998537 -0.037421 -0.039043
vn 0.998537 -0.037421 -0.039042
vn 0.998537 -0.037421 -0.039042
vn -0.998537 0.037421 0.039041
vn -0.998537 0.037421 0.039041
vn -0.998537 0.037421 0.039041
vn -0.998537 0.037421 0.039041
vn 0.998537 -0.037421 -0.039043
vn 0.998537 -0.037421 -0.039043
vn 0.998537 -0.037421 -0.039043
vn 0.998537 -0.037421 -0.039043
vn -0.998537 0.037421 0.039041
vn -0.998537 0.037421 0.039041
vn -0.998537 0.037421 0.039042
vn -0.998537 0.037421 0.039042
vn 0.998537 -0.037421 -0.039042
vn 0.998537 -0.037421 -0.039042
vn 0.998537 -0.037421 -0.039043
vn 0.998537 -0.037421 -0.039043
vn -0.998537 0.037421 0.039042
vn -0.998537 0.037421 0.039042
vn -0.998537 0.037421 0.039043
vn -0.998537 0.037421 0.039043
vn 0.998537 -0.037421 -0.039040
vn 0.998537 -0.037421 -0.039040
vn 0.998537 -0.037421 -0.039042
vn 0.998537 -0.037421 -0.039042
vn -0.998537 0.037421 0.039043
vn -0.998537 0.037421 0.039043
vn -0.998537 0.037421 0.039043
vn -0.998537 0.037421 0.039043
vn 0.998537 -0.037421 -0.039041
vn 0.998537 -0.037421 -0.039041
vn 0.998537 -0.037421 -0.039040
vn 0.998537 -0.037421 -0.039040
vn -0.998537 0.037421 0.039043
vn -0.998537 0.037421 0.039043
vn -0.998537 0.037421 0.039043
vn -0.998537 0.037421 0.039043
vn 0.998537 -0.037421 -0.039042
vn 0.998537 -0.037421 -0.039042
vn 0.998537 -0.037421 -0.039041
vn 0.998537 -0.037421 -0.039041
vn -0.998537 0.037421 0.039043
vn -0.998537 0.037421 0.039043
vn -0.998537 0.037421 0.039043
vn -0.998537 0.037421 0.039043
vn 0.998537 -0.037421 -0.039042
vn 0.998537 -0.037421 -0.039042
vn 0.998537 -0.037421 -0.039042
vn 0.998537 -0.037421 -0.039042
vn 0.048823 0.170734 0.984107
vn 0.049620 0.206464 0.977195
vn 0.049620 0.206464 0.977195
vn 0.048910 0.174476 0.983446
vn -0.036192 0.074027 -0.996599
vn -0.045010 -0.174860 -0.983564
vn -0.045010 -0.174860 -0.983564
vn -0.036286 0.071702 -0.996766
vn -0.998525 0.040996 0.035587
vn -0.998517 0.041133 0.035659
vn -0.998417 0.042881 0.036405
vn -0.998427 0.042690 0.036343
vn 0.047071 0.169991 0.984321
vn 0.048823 0.170734 0.984107
vn 0.048910 0.174476 0.983446
vn 0.047012 0.170131 0.984299
vn 0.998416 -0.042895 -0.036404
vn 0.998517 -0.041132 -0.035660
vn 0.998525 -0.040995 -0.035588
vn 0.998427 -0.042701 -0.036343
vn -0.030994 0.195623 -0.980189
vn -0.036192 0.074027 -0.996599
vn -0.036286 0.071702 -0.996766
vn -0.030875 0.198234 -0.979668
vn 0.045010 0.174863 0.983563
vn 0.045010 0.174863 0.983563
vn 0.045010 0.174865 0.983563
vn 0.045010 0.174863 0.983563
vn 0.045010 0.174863 0.983563
vn 0.045010 0.174863 0.983563
vn 0.045010 0.174863 0.983563
vn 0.045010 0.174863 0.983563
vn 0.998090 -0.051410 0.034241
vn 0.998107 -0.051340 0.033873
vn 0.994165 -0.056260 0.092038
vn 0.993838 -0.061643 0.092116
vn -0.998537 0.037421 0.039042
vn -0.998537 0.037421 0.039042
vn -0.998537 0.037421 0.039042
vn -0.998537 0.037421 0.039042
vn -0.045010 -0.174871 -0.983562
vn -0.030994 0.195623 -0.980189
vn -0.030875 0.198234 -0.979668
vn -0.045010 -0.174871 -0.983562
vn 0.045010 0.174863 0.983563
vn 0.047071 0.169991 0.984321
vn 0.047012 0.170131 0.984299
vn 0.045010 0.174863 0.983563
vn 0.045010 0.174863 0.983563
vn 0.045010 0.174863 0.983563
vn 0.045010 0.174863 0.983563
vn 0.045010 0.174863 0.983563
vn -0.729753 -0.666703 0.151554
vn -0.729753 -0.666703 0.151554
vn -0.729753 -0.666703 0.151554
vn -0.729753 -0.666703 0.151554
vn 0.045010 0.174867 0.983563
vn 0.045010 0.174865 0.983563
vn 0.045010 0.174864 0.983563
vn 0.045010 0.174865 0.983563
vn 0.682261 -0.724517 0.097953
vn 0.682261 -0.724517 0.097953
vn 0.682261 -0.724517 0.097953
vn 0.682261 -0.724517 0.097953
vn -0.683806 0.722766 -0.100093
vn -0.683806 0.722766 -0.100093
vn -0.683806 0.722766 -0.100093
vn -0.683806 0.722766 -0.100093
vn 0.045010 0.174866 0.983563
vn 0.045010 0.174864 0.983563
vn 0.045010 0.174864 0.983563
vn 0.045010 0.174865 0.983563
vn 0.728512 0.668565 -0.149302
vn 0.728512 0.668565 -0.149302
vn 0.728512 0.668565 -0.149302
vn 0.728512 0.668565 -0.149302
vn 0.045010 0.174863 0.983563
vn 0.045010 0.174863 0.983563
vn 0.045010 0.174863 0.983563
vn 0.045010 0.174863 0.983563
vn 0.737907 -0.635232 0.227977
vn 0.737907 -0.635232 0.227977
vn 0.737907 -0.635232 0.227977
vn 0.737907 -0.635232 0.227977
vn -0.727287 -0.669231 0.152262
vn -0.727287 -0.669231 0.152262
vn -0.727287 -0.669231 0.152262
vn -0.727287 -0.669231 0.152262
vn -0.684873 0.722170 -0.097050
vn -0.684873 0.722170 -0.097050
vn -0.684873 0.722170 -0.097050
vn -0.684873 0.722170 -0.097050
vn 0.727270 0.669249 -0.152264
vn 0.727270 0.669249 -0.152264
vn 0.727270 0.669249 -0.152264
vn 0.727270 0.669249 -0.152264
vn -0.029979 -0.983881 0.176292
vn -0.029979 -0.983881 0.176292
vn -0.029979 -0.983881 0.176292
vn -0.029979 -0.983881 0.176292
vn 0.029979 0.983881 -0.176292
vn 0.029979 0.983881 -0.176292
vn 0.029979 0.983881 -0.176292
vn 0.029979 0.983881 -0.176292
vn 0.998334 -0.044377 -0.036869
vn 0.998334 -0.044377 -0.036869
vn 0.998416 -0.042895 -0.036404
vn 0.998427 -0.042701 -0.036343
vn -0.998427 0.042690 0.036343
vn -0.998417 0.042881 0.036405
vn -0.998336 0.044344 0.036873
vn -0.998336 0.044344 0.036873
vn -0.998582 0.040038 0.035084
vn -0.998582 0.040038 0.035084
vn -0.998517 0.041133 0.035659
vn -0.998525 0.040996 0.035587
vn 0.998517 -0.041132 -0.035660
vn 0.998582 -0.040036 -0.035085
vn 0.998582 -0.040036 -0.035085
vn 0.998525 -0.040995 -0.035588
vn 0.045010 0.174863 0.983563
vn 0.045010 0.174865 0.983563
vn 0.045010 0.174867 0.983563
vn 0.045010 0.174865 0.983563
vn 0.045010 0.174864 0.983563
vn 0.045010 0.174863 0.983563
vn 0.045010 0.174863 0.983563
vn 0.045010 0.174863 0.983563
vn 0.045010 0.174863 0.983563
vn 0.045010 0.174863 0.983563
vn 0.045010 0.174865 0.983563
vn 0.045010 0.174864 0.983563
vn 0.045010 0.174863 0.983563
vn 0.045010 0.174863 0.983563
vn 0.045010 0.174863 0.983563
vn 0.045010 0.174863 0.983563
vn 0.045010 0.174863 0.983563
vn 0.045010 0.174863 0.983563
vn 0.045010 0.174863 0.983563
vn 0.045010 0.174863 0.983563
vn 0.045010 0.174864 0.983563
vn 0.045010 0.174866 0.983563
vn -0.029979 -0.983881 0.176292
vn -0.029979 -0.983881 0.176292
vn -0.029979 -0.983881 0.176292
vn -0.029979 -0.983881 0.176292
vn 0.029979 0.983881 -0.176292
vn 0.029979 0.983881 -0.176292
vn 0.029979 0.983881 -0.176292
vn 0.029979 0.983881 -0.176292
vn 0.998537 -0.037421 -0.039042
vn 0.998537 -0.037421 -0.039042
vn 0.998107 -0.051340 0.033873
vn 0.998090 -0.051410 0.034241
vn -0.998537 0.037421 0.039042
vn -0.998537 0.037421 0.039042
vn -0.998537 0.037421 0.039042
vn -0.998537 0.037421 0.039042
vn -0.045010 -0.174860 -0.983564
vn -0.045010 -0.174863 -0.983563
vn -0.045010 -0.174863 -0.983563
vn -0.045010 -0.174860 -0.983564
vn -0.045010 -0.174871 -0.983562
vn -0.045010 -0.174871 -0.983562
vn -0.045010 -0.174862 -0.983564
vn -0.045010 -0.174862 -0.983564
vn 0.045010 0.174863 0.983563
vn 0.045010 0.174863 0.983563
vn 0.045010 0.174862 0.983564
vn 0.045010 0.174862 0.983564
vn 0.954003 0.298828 -0.024093
vn 0.861149 0.508203 -0.012338
vn 0.868483 0.425248 0.254758
vn 0.958543 0.247476 0.141249
vn 0.958543 0.247476 0.141249
vn 0.868483 0.425248 0.254758
vn 0.868218 0.219912 0.444787
vn 0.958379 0.120362 0.258887
vn 0.958379 0.120362 0.258887
vn 0.868218 0.219912 0.444787
vn 0.860424 -0.052785 0.506838
vn 0.953555 -0.048452 0.297297
vn 0.953555 -0.048452 0.297297
vn 0.860424 -0.052785 0.506838
vn 0.847189 -0.319775 0.424281
vn 0.945363 -0.213728 0.246189
vn 0.945363 -0.213728 0.246189
vn 0.847189 -0.319775 0.424281
vn 0.832061 -0.509520 0.219233
vn 0.935998 -0.331189 0.119257
vn 0.935998 -0.331189 0.119257
vn 0.832061 -0.509520 0.219233
vn 0.819092 -0.571175 -0.053361
vn 0.927970 -0.369354 -0.049490
vn 0.927970 -0.369354 -0.049490
vn 0.819092 -0.571175 -0.053361
vn 0.811759 -0.488218 -0.320454
vn 0.923429 -0.318003 -0.214831
vn 0.923429 -0.318003 -0.214831
vn 0.811759 -0.488218 -0.320454
vn 0.812025 -0.282880 -0.510484
vn 0.923593 -0.190890 -0.332471
vn 0.923593 -0.190890 -0.332471
vn 0.812025 -0.282880 -0.510484
vn 0.819819 -0.010185 -0.572533
vn 0.928417 -0.022076 -0.370883
vn 0.928417 -0.022076 -0.370883
vn 0.819819 -0.010185 -0.572533
vn 0.833052 0.256807 -0.489974
vn 0.936609 0.143201 -0.319776
vn 0.936609 0.143201 -0.319776
vn 0.833052 0.256807 -0.489974
vn 0.848180 0.446550 -0.284928
vn 0.945974 0.260662 -0.192842
vn 0.945974 0.260662 -0.192842
vn 0.848180 0.446550 -0.284928
vn 0.861149 0.508203 -0.012338
vn 0.954003 0.298828 -0.024093
vn 0.861149 0.508203 -0.012338
vn 0.711248 0.702941 0.000984
vn 0.721147 0.590961 0.361541
vn 0.868483 0.425248 0.254758
vn 0.868483 0.425248 0.254758
vn 0.721147 0.590961 0.361541
vn 0.720788 0.313774 0.618070
vn 0.868218 0.219912 0.444787
vn 0.868218 0.219912 0.444787
vn 0.720788 0.313774 0.618070
vn 0.710270 -0.054347 0.701828
vn 0.860424 -0.052785 0.506838
vn 0.860424 -0.052785 0.506838
vn 0.710270 -0.054347 0.701828
vn 0.692406 -0.414759 0.590380
vn 0.847189 -0.319775 0.424281
vn 0.847189 -0.319775 0.424281
vn 0.692406 -0.414759 0.590380
vn 0.671985 -0.670895 0.313586
vn 0.832061 -0.509520 0.219233
vn 0.832061 -0.509520 0.219233
vn 0.671985 -0.670895 0.313586
vn 0.654478 -0.754122 -0.054387
vn 0.819092 -0.571175 -0.053361
vn 0.819092 -0.571175 -0.053361
vn 0.654478 -0.754122 -0.054387
vn 0.644577 -0.642141 -0.414940
vn 0.811759 -0.488218 -0.320454
vn 0.811759 -0.488218 -0.320454
vn 0.644577 -0.642141 -0.414940
vn 0.644932 -0.364955 -0.671469
vn 0.812025 -0.282880 -0.510484
vn 0.812025 -0.282880 -0.510484
vn 0.644932 -0.364955 -0.671469
vn 0.655454 0.003167 -0.755229
vn 0.819819 -0.010185 -0.572533
vn 0.819819 -0.010185 -0.572533
vn 0.655454 0.003167 -0.755229
vn 0.673320 0.363580 -0.643777
vn 0.833052 0.256807 -0.489974
vn 0.833052 0.256807 -0.489974
vn 0.673320 0.363580 -0.643777
vn 0.693742 0.619712 -0.366985
vn 0.848180 0.446550 -0.284928
vn 0.848180 0.446550 -0.284928
vn 0.693742 0.619712 -0.366985
vn 0.711248 0.702941 0.000984
vn 0.861149 0.508203 -0.012338
vn 0.711248 0.702941 0.000984
vn 0.515210 0.856942 0.014441
vn 0.527099 0.722450 0.447473
vn 0.721147 0.590961 0.361541
vn 0.721147 0.590961 0.361541
vn 0.527099 0.722450 0.447473
vn 0.526669 0.389549 0.755561
vn 0.720788 0.313774 0.618070
vn 0.720788 0.313774 0.618070
vn 0.526669 0.389549 0.755561
vn 0.514033 -0.052566 0.856158
vn 0.710270 -0.054347 0.701828
vn 0.710270 -0.054347 0.701828
vn 0.514033 -0.052566 0.856158
vn 0.492577 -0.485426 0.722308
vn 0.692406 -0.414759 0.590380
vn 0.692406 -0.414759 0.590380
vn 0.492577 -0.485426 0.722308
vn 0.468050 -0.793048 0.389876
vn 0.671985 -0.670895 0.313586
vn 0.671985 -0.670895 0.313586
vn 0.468050 -0.793048 0.389876
vn 0.447026 -0.893005 -0.052063
vn 0.654478 -0.754122 -0.054387
vn 0.654478 -0.754122 -0.054387
vn 0.447026 -0.893005 -0.052063
vn 0.435135 -0.758513 -0.485093
vn 0.644577 -0.642141 -0.414940
vn 0.644577 -0.642141 -0.414940
vn 0.435135 -0.758513 -0.485093
vn 0.435565 -0.425609 -0.793183
vn 0.644932 -0.364955 -0.671469
vn 0.644932 -0.364955 -0.671469
vn 0.435565 -0.425609 -0.793183
vn 0.448200 0.016502 -0.893781
vn 0.655454 0.003167 -0.755229
vn 0.655454 0.003167 -0.755229
vn 0.448200 0.016502 -0.893781
vn 0.469657 0.449363 -0.759931
vn 0.673320 0.363580 -0.643777
vn 0.673320 0.363580 -0.643777
vn 0.469657 0.449363 -0.759931
vn 0.494185 0.756985 -0.427498
vn 0.693742 0.619712 -0.366985
vn 0.693742 0.619712 -0.366985
vn 0.494185 0.756985 -0.427498
vn 0.515210 0.856942 0.014441
vn 0.711248 0.702941 0.000984
vn 0.515210 0.856942 0.014441
vn 0.418072 0.908191 0.020121
vn 0.430608 0.766394 0.476674
vn 0.527099 0.722450 0.447473
vn 0.527099 0.722450 0.447473
vn 0.430608 0.766394 0.476674
vn 0.430153 0.415403 0.801504
vn 0.526669 0.389549 0.755561
vn 0.526669 0.389549 0.755561
vn 0.430153 0.415403 0.801504
vn 0.416825 -0.050730 0.907570
vn 0.514033 -0.052566 0.856158
vn 0.514033 -0.052566 0.856158
vn 0.416825 -0.050730 0.907570
vn 0.394200 -0.507109 0.766451
vn 0.492577 -0.485426 0.722308
vn 0.492577 -0.485426 0.722308
vn 0.394200 -0.507109 0.766451
vn 0.368339 -0.831450 0.415954
vn 0.468050 -0.793048 0.389876
vn 0.468050 -0.793048 0.389876
vn 0.368339 -0.831450 0.415954
vn 0.346173 -0.936837 -0.050003
vn 0.447026 -0.893005 -0.052063
vn 0.447026 -0.893005 -0.052063
vn 0.346173 -0.936837 -0.050003
vn 0.333639 -0.795036 -0.506560
vn 0.435135 -0.758513 -0.485093
vn 0.435135 -0.758513 -0.485093
vn 0.333639 -0.795036 -0.506560
vn 0.334098 -0.444044 -0.831386
vn 0.435565 -0.425609 -0.793183
vn 0.435565 -0.425609 -0.793183
vn 0.334098 -0.444044 -0.831386
vn 0.347422 0.022092 -0.937449
vn 0.448200 0.016502 -0.893781
vn 0.448200 0.016502 -0.893781
vn 0.347422 0.022092 -0.937449
vn 0.370044 0.478466 -0.796327
vn 0.469657 0.449363 -0.759931
vn 0.469657 0.449363 -0.759931
vn 0.370044 0.478466 -0.796327
vn 0.395902 0.802805 -0.445833
vn 0.494185 0.756985 -0.427498
vn 0.494185 0.756985 -0.427498
vn 0.395902 0.802805 -0.445833
vn 0.418072 0.908191 0.020121
vn 0.515210 0.856942 0.014441
vn 0.168899 0.985097 0.032523
vn 0.038904 0.998522 0.037946
vn 0.052474 0.845039 0.532124
vn 0.182354 0.832929 0.522471
vn 0.182354 0.832929 0.522471
vn 0.052474 0.845039 0.532124
vn 0.051984 0.465130 0.883715
vn 0.181874 0.456266 0.871059
vn 0.181874 0.456266 0.871059
vn 0.051984 0.465130 0.883715
vn 0.037564 -0.039410 0.998517
vn 0.167577 -0.043957 0.984878
vn 0.167577 -0.043957 0.984878
vn 0.037564 -0.039410 0.998517
vn 0.013082 -0.533390 0.845768
vn 0.143297 -0.533714 0.833436
vn 0.143297 -0.533714 0.833436
vn 0.013082 -0.533390 0.845768
vn -0.014907 -0.884452 0.466394
vn 0.115544 -0.881770 0.457308
vn 0.115544 -0.881770 0.457308
vn -0.014907 -0.884452 0.466394
vn -0.038903 -0.998522 -0.037950
vn 0.091758 -0.994865 -0.042719
vn 0.091758 -0.994865 -0.042719
vn -0.038903 -0.998522 -0.037950
vn -0.052473 -0.845039 -0.532123
vn 0.078310 -0.842694 -0.532667
vn 0.078310 -0.842694 -0.532667
vn -0.052473 -0.845039 -0.532123
vn -0.051983 -0.465130 -0.883715
vn 0.078797 -0.466035 -0.881251
vn 0.078797 -0.466035 -0.881251
vn -0.051983 -0.465130 -0.883715
vn -0.037563 0.039410 -0.998517
vn 0.093086 0.034194 -0.995071
vn 0.093086 0.034194 -0.995071
vn -0.037563 0.039410 -0.998517
vn -0.013080 0.533393 -0.845766
vn 0.117359 0.523948 -0.843626
vn 0.117359 0.523948 -0.843626
vn -0.013080 0.533393 -0.845766
vn 0.014910 0.884451 -0.466395
vn 0.145113 0.872000 -0.467502
vn 0.145113 0.872000 -0.467502
vn 0.014910 0.884451 -0.466395
vn 0.038904 0.998522 0.037946
vn 0.168899 0.985097 0.032523
vn 0.038904 0.998522 0.037946
vn -0.091756 0.994865 0.042717
vn -0.078305 0.842698 0.532662
vn 0.052474 0.845039 0.532124
vn 0.052474 0.845039 0.532124
vn -0.078305 0.842698 0.532662
vn -0.078796 0.466035 0.881251
vn 0.051984 0.465130 0.883715
vn 0.051984 0.465130 0.883715
vn -0.078796 0.466035 0.881251
vn -0.093090 -0.034188 0.995071
vn 0.037564 -0.039410 0.998517
vn 0.037564 -0.039410 0.998517
vn -0.093090 -0.034188 0.995071
vn -0.117357 -0.523945 0.843629
vn 0.013082 -0.533390 0.845768
vn 0.013082 -0.533390 0.845768
vn -0.117357 -0.523945 0.843629
vn -0.145102 -0.872003 0.467501
vn -0.014907 -0.884452 0.466394
vn -0.014907 -0.884452 0.466394
vn -0.145102 -0.872003 0.467501
vn -0.168897 -0.985097 -0.032529
vn -0.038903 -0.998522 -0.037950
vn -0.038903 -0.998522 -0.037950
vn -0.168897 -0.985097 -0.032529
vn -0.182359 -0.832925 -0.522475
vn -0.052473 -0.845039 -0.532123
vn -0.052473 -0.845039 -0.532123
vn -0.182359 -0.832925 -0.522475
vn -0.181873 -0.456266 -0.871059
vn -0.051983 -0.465130 -0.883715
vn -0.051983 -0.465130 -0.883715
vn -0.181873 -0.456266 -0.871059
vn -0.167570 0.043962 -0.984879
vn -0.037563 0.039410 -0.998517
vn -0.037563 0.039410 -0.998517
vn -0.167570 0.043962 -0.984879
vn -0.143294 0.533717 -0.833435
vn -0.013080 0.533393 -0.845766
vn -0.013080 0.533393 -0.845766
vn -0.143294 0.533717 -0.833435
vn -0.115549 0.881769 -0.457309
vn 0.014910 0.884451 -0.466395
vn 0.014910 0.884451 -0.466395
vn -0.115549 0.881769 -0.457309
vn -0.091756 0.994865 0.042717
vn 0.038904 0.998522 0.037946
vn -0.346186 0.936832 0.050003
vn -0.447029 0.893003 0.052065
vn -0.435136 0.758511 0.485096
vn -0.333647 0.795035 0.506556
vn -0.333647 0.795035 0.506556
vn -0.435136 0.758511 0.485096
vn -0.435565 0.425609 0.793183
vn -0.334099 0.444044 0.831386
vn -0.334099 0.444044 0.831386
vn -0.435565 0.425609 0.793183
vn -0.448200 -0.016505 0.893781
vn -0.347415 -0.022089 0.937451
vn -0.347415 -0.022089 0.937451
vn -0.448200 -0.016505 0.893781
vn -0.469655 -0.449366 0.759931
vn -0.370032 -0.478469 0.796332
vn -0.370032 -0.478469 0.796332
vn -0.469655 -0.449366 0.759931
vn -0.494181 -0.756988 0.427499
vn -0.395889 -0.802810 0.445835
vn -0.395889 -0.802810 0.445835
vn -0.494181 -0.756988 0.427499
vn -0.515206 -0.856945 -0.014440
vn -0.418059 -0.908197 -0.020122
vn -0.418059 -0.908197 -0.020122
vn -0.515206 -0.856945 -0.014440
vn -0.527098 -0.722452 -0.447472
vn -0.430599 -0.766395 -0.476679
vn -0.430599 -0.766395 -0.476679
vn -0.527098 -0.722452 -0.447472
vn -0.526669 -0.389549 -0.755561
vn -0.430152 -0.415403 -0.801505
vn -0.430152 -0.415403 -0.801505
vn -0.526669 -0.389549 -0.755561
vn -0.514034 0.052562 -0.856158
vn -0.416832 0.050733 -0.907567
vn -0.416832 0.050733 -0.907567
vn -0.514034 0.052562 -0.856158
vn -0.492580 0.485424 -0.722308
vn -0.394213 0.507107 -0.766445
vn -0.394213 0.507107 -0.766445
vn -0.492580 0.485424 -0.722308
vn -0.468056 0.793046 -0.389875
vn -0.368353 0.831445 -0.415951
vn -0.368353 0.831445 -0.415951
vn -0.468056 0.793046 -0.389875
vn -0.447029 0.893003 0.052065
vn -0.346186 0.936832 0.050003
vn -0.447029 0.893003 0.052065
vn -0.654478 0.754122 0.054384
vn -0.644574 0.642143 0.414941
vn -0.435136 0.758511 0.485096
vn -0.435136 0.758511 0.485096
vn -0.644574 0.642143 0.414941
vn -0.644932 0.364955 0.671469
vn -0.435565 0.425609 0.793183
vn -0.435565 0.425609 0.793183
vn -0.644932 0.364955 0.671469
vn -0.655455 -0.003165 0.755228
vn -0.448200 -0.016505 0.893781
vn -0.448200 -0.016505 0.893781
vn -0.655455 -0.003165 0.755228
vn -0.673320 -0.363576 0.643780
vn -0.469655 -0.449366 0.759931
vn -0.469655 -0.449366 0.759931
vn -0.673320 -0.363576 0.643780
vn -0.693742 -0.619713 0.366985
vn -0.494181 -0.756988 0.427499
vn -0.494181 -0.756988 0.427499
vn -0.693742 -0.619713 0.366985
vn -0.711248 -0.702941 -0.000989
vn -0.515206 -0.856945 -0.014440
vn -0.515206 -0.856945 -0.014440
vn -0.711248 -0.702941 -0.000989
vn -0.721149 -0.590959 -0.361541
vn -0.527098 -0.722452 -0.447472
vn -0.527098 -0.722452 -0.447472
vn -0.721149 -0.590959 -0.361541
vn -0.720788 -0.313774 -0.618070
vn -0.526669 -0.389549 -0.755561
vn -0.526669 -0.389549 -0.755561
vn -0.720788 -0.313774 -0.618070
vn -0.710268 0.054348 -0.701831
vn -0.514034 0.052562 -0.856158
vn -0.514034 0.052562 -0.856158
vn -0.710268 0.054348 -0.701831
vn -0.692406 0.414763 -0.590378
vn -0.492580 0.485424 -0.722308
vn -0.492580 0.485424 -0.722308
vn -0.692406 0.414763 -0.590378
vn -0.671985 0.670895 -0.313586
vn -0.468056 0.793046 -0.389875
vn -0.468056 0.793046 -0.389875
vn -0.671985 0.670895 -0.313586
vn -0.654478 0.754122 0.054384
vn -0.447029 0.893003 0.052065
vn -0.654478 0.754122 0.054384
vn -0.768512 0.637546 0.054074
vn -0.760250 0.544112 0.354912
vn -0.644574 0.642143 0.414941
vn -0.644574 0.642143 0.414941
vn -0.760250 0.544112 0.354912
vn -0.760548 0.312840 0.568944
vn -0.644932 0.364955 0.671469
vn -0.644932 0.364955 0.671469
vn -0.760548 0.312840 0.568944
vn -0.769324 0.005696 0.638833
vn -0.655455 -0.003165 0.755228
vn -0.655455 -0.003165 0.755228
vn -0.769324 0.005696 0.638833
vn -0.784226 -0.295019 0.545851
vn -0.673320 -0.363576 0.643780
vn -0.673320 -0.363576 0.643780
vn -0.784226 -0.295019 0.545851
vn -0.801267 -0.508734 0.314898
vn -0.693742 -0.619713 0.366985
vn -0.693742 -0.619713 0.366985
vn -0.801267 -0.508734 0.314898
vn -0.815873 -0.578178 0.007868
vn -0.711248 -0.702941 -0.000989
vn -0.711248 -0.702941 -0.000989
vn -0.815873 -0.578178 0.007868
vn -0.824136 -0.484740 -0.292962
vn -0.721149 -0.590959 -0.361541
vn -0.721149 -0.590959 -0.361541
vn -0.824136 -0.484740 -0.292962
vn -0.823840 -0.253464 -0.506995
vn -0.720788 -0.313774 -0.618070
vn -0.720788 -0.313774 -0.618070
vn -0.823840 -0.253464 -0.506995
vn -0.815062 0.053677 -0.576882
vn -0.710268 0.054348 -0.701831
vn -0.710268 0.054348 -0.701831
vn -0.815062 0.053677 -0.576882
vn -0.800158 0.354396 -0.483891
vn -0.692406 0.414763 -0.590378
vn -0.692406 0.414763 -0.590378
vn -0.800158 0.354396 -0.483891
vn -0.783117 0.568106 -0.252948
vn -0.671985 0.670895 -0.313586
vn -0.671985 0.670895 -0.313586
vn -0.783117 0.568106 -0.252948
vn -0.768512 0.637546 0.054074
vn -0.654478 0.754122 0.054384
vn -0.998537 0.037421 0.039042
vn -0.998537 0.037421 0.039042
vn -0.998537 0.037421 0.039042
vn -0.998537 0.037421 0.039042
vn -0.998537 0.037421 0.039042
vn -0.998537 0.037421 0.039042
vn -0.998537 0.037422 0.039042
vn -0.998537 0.037422 0.039042
vn -0.998537 0.037422 0.039042
vn -0.998537 0.037422 0.039042
vn -0.998537 0.037421 0.039042
vn -0.998537 0.037421 0.039042
vn -0.998537 0.037421 0.039042
vn -0.998537 0.037421 0.039042
vn -0.998537 0.037421 0.039042
vn -0.998537 0.037421 0.039042
vn -0.998537 0.037421 0.039042
vn -0.998537 0.037421 0.039042
vn -0.998537 0.037421 0.039042
vn -0.998537 0.037421 0.039042
vn -0.998537 0.037421 0.039042
vn -0.998537 0.037421 0.039042
vn -0.998537 0.037421 0.039042
vn -0.998537 0.037421 0.039042
vn -0.998537 0.037421 0.039042
vn -0.998537 0.037421 0.039042
vn -0.998537 0.037421 0.039042
vn -0.998537 0.037421 0.039042
vn -0.998537 0.037421 0.039042
vn -0.998537 0.037421 0.039042
vn -0.998537 0.037422 0.039042
vn -0.998537 0.037422 0.039042
vn -0.998537 0.037422 0.039042
vn -0.998537 0.037422 0.039042
vn -0.998537 0.037422 0.039042
vn -0.998537 0.037422 0.039042
vn -0.998537 0.037422 0.039042
vn -0.998537 0.037422 0.039042
vn -0.998537 0.037421 0.039042
vn -0.998537 0.037421 0.039042
vn -0.998537 0.037421 0.039042
vn -0.998537 0.037421 0.039042
vn -0.998537 0.037421 0.039042
vn -0.998537 0.037421 0.039042
vn -0.998537 0.037421 0.039042
vn -0.998537 0.037421 0.039042
vn -0.998537 0.037421 0.039042
vn -0.998537 0.037421 0.039042
vn 0.958543 0.247476 0.141249
vn 0.998537 -0.037421 -0.039042
vn 0.954003 0.298828 -0.024093
vn 0.958379 0.120362 0.258887
vn 0.998537 -0.037421 -0.039042
vn 0.958543 0.247476 0.141249
vn 0.953555 -0.048452 0.297297
vn 0.998537 -0.037421 -0.039042
vn 0.958379 0.120362 0.258887
vn 0.945363 -0.213728 0.246189
vn 0.998537 -0.037421 -0.039042
vn 0.953555 -0.048452 0.297297
vn 0.935998 -0.331189 0.119257
vn 0.998537 -0.037421 -0.039042
vn 0.945363 -0.213728 0.246189
vn 0.927970 -0.369354 -0.049490
vn 0.998537 -0.037421 -0.039042
vn 0.935998 -0.331189 0.119257
vn 0.923429 -0.318003 -0.214831
vn 0.998537 -0.037421 -0.039042
vn 0.927970 -0.369354 -0.049490
vn 0.923593 -0.190890 -0.332471
vn 0.998537 -0.037421 -0.039042
vn 0.923429 -0.318003 -0.214831
vn 0.928417 -0.022076 -0.370883
vn 0.998537 -0.037421 -0.039042
vn 0.923593 -0.190890 -0.332471
vn 0.936609 0.143201 -0.319776
vn 0.998537 -0.037421 -0.039042
vn 0.928417 -0.022076 -0.370883
vn 0.945974 0.260662 -0.192842
vn 0.998537 -0.037421 -0.039042
vn 0.936609 0.143201 -0.319776
vn 0.954003 0.298828 -0.024093
vn 0.998537 -0.037421 -0.039042
vn 0.945974 0.260662 -0.192842
vn -0.998537 0.037422 0.039042
vn -0.998537 0.037421 0.039042
vn -0.998537 0.037421 0.039042
vn -0.998537 0.037421 0.039042
vn -0.998537 0.037421 0.039042
vn -0.998537 0.037421 0.039042
vn -0.998537 0.037421 0.039042
vn -0.998537 0.037421 0.039042
vn -0.998537 0.037421 0.039042
vn -0.998537 0.037421 0.039042
vn -0.998537 0.037421 0.039042
vn -0.998537 0.037420 0.039043
vn -0.998537 0.037420 0.039043
vn -0.998537 0.037421 0.039042
vn -0.998537 0.037421 0.039042
vn -0.998537 0.037421 0.039042
vn -0.998537 0.037421 0.039042
vn -0.998537 0.037419 0.039043
vn -0.998537 0.037419 0.039043
vn -0.998537 0.037421 0.039042
vn -0.998537 0.037421 0.039042
vn -0.998537 0.037421 0.039042
vn -0.998537 0.037421 0.039042
vn -0.998537 0.037421 0.039042
vn -0.998537 0.037421 0.039042
vn -0.998537 0.037421 0.039042
vn -0.998537 0.037421 0.039042
vn -0.998537 0.037421 0.039042
vn -0.998537 0.037421 0.039042
vn -0.998537 0.037423 0.039041
vn -0.998537 0.037423 0.039041
vn -0.998537 0.037421 0.039042
vn -0.998537 0.037421 0.039042
vn -0.998537 0.037421 0.039042
vn -0.998537 0.037421 0.039042
vn -0.998537 0.037422 0.039042
vn -0.984916 0.167432 0.043661
vn -0.984916 0.167432 0.043661
vn -0.983145 0.147401 0.108164
vn -0.983145 0.147400 0.108165
vn -0.983145 0.147400 0.108165
vn -0.983145 0.147401 0.108164
vn -0.983208 0.097813 0.154057
vn -0.983208 0.097813 0.154057
vn -0.983208 0.097813 0.154057
vn -0.983208 0.097813 0.154057
vn -0.985091 0.031955 0.169042
vn -0.985091 0.031956 0.169042
vn -0.985091 0.031956 0.169042
vn -0.985091 0.031955 0.169042
vn -0.988286 -0.032523 0.149105
vn -0.988286 -0.032523 0.149106
vn -0.988286 -0.032523 0.149106
vn -0.988286 -0.032523 0.149105
vn -0.991940 -0.078346 0.099586
vn -0.991940 -0.078346 0.099586
vn -0.991940 -0.078346 0.099586
vn -0.991940 -0.078346 0.099586
vn -0.995072 -0.093235 0.033755
vn -0.995072 -0.093235 0.033755
vn -0.995072 -0.093235 0.033755
vn -0.995072 -0.093235 0.033755
vn -0.996843 -0.073199 -0.030749
vn -0.996843 -0.073199 -0.030749
vn -0.996843 -0.073199 -0.030749
vn -0.996843 -0.073199 -0.030749
vn -0.996779 -0.023610 -0.076640
vn -0.996779 -0.023610 -0.076640
vn -0.996779 -0.023610 -0.076640
vn -0.996779 -0.023610 -0.076640
vn -0.994897 0.042245 -0.091622
vn -0.994897 0.042245 -0.091622
vn -0.994897 0.042245 -0.091622
vn -0.994897 0.042245 -0.091622
vn -0.991702 0.106721 -0.071683
vn -0.991702 0.106721 -0.071683
vn -0.991702 0.106721 -0.071683
vn -0.991702 0.106721 -0.071683
vn -0.988048 0.152541 -0.022167
vn -0.988048 0.152541 -0.022167
vn -0.988048 0.152541 -0.022167
vn -0.988048 0.152541 -0.022167
vn -0.984916 0.167432 0.043661
vn -0.984916 0.167432 0.043661
vn 0.996844 0.073196 0.030747
vn 0.996844 0.073197 0.030746
vn 0.995072 0.093230 -0.033756
vn 0.995072 0.093229 -0.033757
vn 0.996780 0.023609 0.076637
vn 0.996780 0.023609 0.076637
vn 0.996844 0.073197 0.030746
vn 0.996844 0.073196 0.030747
vn 0.994897 -0.042245 0.091623
vn 0.994897 -0.042245 0.091623
vn 0.996780 0.023609 0.076637
vn 0.996780 0.023609 0.076637
vn 0.991701 -0.106722 0.071687
vn 0.991701 -0.106723 0.071686
vn 0.994897 -0.042245 0.091623
vn 0.994897 -0.042245 0.091623
vn 0.988048 -0.152546 0.022169
vn 0.988048 -0.152546 0.022169
vn 0.991701 -0.106723 0.071686
vn 0.991701 -0.106722 0.071687
vn 0.984916 -0.167434 -0.043662
vn 0.984916 -0.167434 -0.043661
vn 0.988048 -0.152546 0.022169
vn 0.988048 -0.152546 0.022169
vn 0.983145 -0.147399 -0.108164
vn 0.983145 -0.147399 -0.108164
vn 0.984916 -0.167434 -0.043661
vn 0.984916 -0.167434 -0.043662
vn 0.983209 -0.097811 -0.154054
vn 0.983209 -0.097811 -0.154054
vn 0.983145 -0.147399 -0.108164
vn 0.983145 -0.147399 -0.108164
vn 0.985091 -0.031956 -0.169039
vn 0.985091 -0.031956 -0.169039
vn 0.983209 -0.097811 -0.154054
vn 0.983209 -0.097811 -0.154054
vn 0.988287 0.032520 -0.149100
vn 0.988287 0.032519 -0.149100
vn 0.985091 -0.031956 -0.169039
vn 0.985091 -0.031956 -0.169039
vn 0.991941 0.078340 -0.099583
vn 0.991941 0.078340 -0.099583
vn 0.988287 0.032519 -0.149100
vn 0.988287 0.032520 -0.149100
vn 0.995072 0.093229 -0.033757
vn 0.995072 0.093230 -0.033756
vn 0.991941 0.078340 -0.099583
vn 0.991941 0.078340 -0.099583
vn 0.038904 0.998522 0.037950
vn 0.038904 0.998522 0.037950
vn 0.052474 0.845041 0.532121
vn 0.052474 0.845041 0.532121
vn -0.052474 -0.845043 -0.532118
vn -0.052474 -0.845043 -0.532118
vn -0.038904 -0.998522 -0.037945
vn -0.038904 -0.998522 -0.037945
vn 0.052474 0.845041 0.532121
vn 0.052474 0.845041 0.532121
vn 0.051984 0.465130 0.883715
vn 0.051984 0.465130 0.883715
vn -0.051984 -0.465130 -0.883715
vn -0.051984 -0.465130 -0.883715
vn -0.052474 -0.845043 -0.532118
vn -0.052474 -0.845043 -0.532118
vn 0.051984 0.465130 0.883715
vn 0.051984 0.465130 0.883715
vn 0.037565 -0.039409 0.998517
vn 0.037565 -0.039409 0.998517
vn -0.037564 0.039412 -0.998517
vn -0.037564 0.039412 -0.998517
vn -0.051984 -0.465130 -0.883715
vn -0.051984 -0.465130 -0.883715
vn 0.037565 -0.039409 0.998517
vn 0.037565 -0.039409 0.998517
vn 0.013080 -0.533386 0.845771
vn 0.013080 -0.533386 0.845771
vn -0.013080 0.533388 -0.845769
vn -0.013080 0.533388 -0.845769
vn -0.037564 0.039412 -0.998517
vn -0.037564 0.039412 -0.998517
vn 0.013080 -0.533386 0.845771
vn 0.013080 -0.533386 0.845771
vn -0.014910 -0.884451 0.466394
vn -0.014910 -0.884451 0.466394
vn 0.014910 0.884451 -0.466394
vn 0.014910 0.884451 -0.466394
vn -0.013080 0.533388 -0.845769
vn -0.013080 0.533388 -0.845769
vn -0.014910 -0.884451 0.466394
vn -0.014910 -0.884451 0.466394
vn -0.038904 -0.998522 -0.037954
vn -0.038904 -0.998522 -0.037954
vn 0.038904 0.998522 0.037952
vn 0.038904 0.998522 0.037952
vn 0.014910 0.884451 -0.466394
vn 0.014910 0.884451 -0.466394
vn -0.038904 -0.998522 -0.037954
vn -0.038904 -0.998522 -0.037954
vn -0.052474 -0.845039 -0.532124
vn -0.052474 -0.845039 -0.532124
vn 0.052474 0.845041 0.532121
vn 0.052474 0.845041 0.532121
vn 0.038904 0.998522 0.037952
vn 0.038904 0.998522 0.037952
vn -0.052474 -0.845039 -0.532124
vn -0.052474 -0.845039 -0.532124
vn -0.051984 -0.465130 -0.883715
vn -0.051984 -0.465130 -0.883715
vn 0.051984 0.465130 0.883715
vn 0.051984 0.465130 0.883715
vn 0.052474 0.845041 0.532121
vn 0.052474 0.845041 0.532121
vn -0.051984 -0.465130 -0.883715
vn -0.051984 -0.465130 -0.883715
vn -0.037564 0.039414 -0.998517
vn -0.037564 0.039414 -0.998517
vn 0.037564 -0.039417 0.998517
vn 0.037564 -0.039417 0.998517
vn 0.051984 0.465130 0.883715
vn 0.051984 0.465130 0.883715
vn -0.037564 0.039414 -0.998517
vn -0.037564 0.039414 -0.998517
vn -0.013080 0.533391 -0.845768
vn -0.013080 0.533391 -0.845768
vn 0.013080 -0.533395 0.845765
vn 0.013080 -0.533395 0.845765
vn 0.037564 -0.039417 0.998517
vn 0.037564 -0.039417 0.998517
vn -0.013080 0.533391 -0.845768
vn -0.013080 0.533391 -0.845768
vn 0.014910 0.884451 -0.466394
vn 0.014910 0.884451 -0.466394
vn -0.014910 -0.884451 0.466394
vn -0.014910 -0.884451 0.466394
vn 0.013080 -0.533395 0.845765
vn 0.013080 -0.533395 0.845765
vn 0.014910 0.884451 -0.466394
vn 0.014910 0.884451 -0.466394
vn 0.038904 0.998522 0.037950
vn 0.038904 0.998522 0.037950
vn -0.038904 -0.998522 -0.037945
vn -0.038904 -0.998522 -0.037945
vn -0.014910 -0.884451 0.466394
vn -0.014910 -0.884451 0.466394
vn -0.051984 -0.465130 -0.883715
vn -0.051984 -0.465130 -0.883715
vn -0.051984 -0.465130 -0.883715
vn -0.051984 -0.465130 -0.883715
vn 0.014910 0.884451 -0.466394
vn 0.014910 0.884451 -0.466394
vn 0.014910 0.884451 -0.466394
vn 0.014910 0.884451 -0.466394
vn 0.051984 0.465130 0.883715
vn 0.051984 0.465130 0.883715
vn 0.051984 0.465130 0.883715
vn 0.051984 0.465130 0.883715
vn 0.998537 -0.037421 -0.039042
vn 0.998537 -0.037421 -0.039042
vn 0.998537 -0.037421 -0.039042
vn 0.998537 -0.037421 -0.039042
vn -0.998537 0.037421 0.039042
vn -0.998537 0.037421 0.039042
vn -0.998537 0.037421 0.039042
vn -0.998537 0.037421 0.039042
vn -0.998537 0.037421 0.039042
vn -0.998537 0.037421 0.039042
vn -0.998537 0.037421 0.039042
vn -0.998537 0.037421 0.039042
vn 0.998537 -0.037421 -0.039042
vn 0.998537 -0.037421 -0.039042
vn 0.998537 -0.037421 -0.039042
vn 0.998537 -0.037421 -0.039042
vn -0.014910 -0.884451 0.466394
vn -0.014910 -0.884451 0.466394
vn -0.014910 -0.884451 0.466394
vn -0.014910 -0.884451 0.466394
vn -0.998537 0.037421 0.039042
vn -0.998537 0.037421 0.039042
vn -0.998537 0.037421 0.039042
vn -0.998537 0.037421 0.039042
vn 0.021670 0.938309 -0.345117
vn 0.019330 0.921214 -0.388577
vn 0.019330 0.921214 -0.388577
vn 0.021670 0.938309 -0.345117
vn 0.998537 -0.037421 -0.039042
vn 0.998537 -0.037421 -0.039042
vn 0.998537 -0.037421 -0.039042
vn 0.998537 -0.037421 -0.039042
vn -0.001909 -0.745876 0.666082
vn 0.004780 -0.658044 0.752965
vn 0.004780 -0.658044 0.752965
vn -0.001909 -0.745876 0.666082
vn 0.014910 0.884452 -0.466394
vn 0.021670 0.938309 -0.345117
vn 0.021670 0.938309 -0.345117
vn 0.014910 0.884452 -0.466394
vn -0.014910 -0.884449 0.466398
vn -0.014910 -0.884449 0.466398
vn -0.014910 -0.884450 0.466397
vn -0.014910 -0.884450 0.466397
vn -0.742830 -0.302436 -0.597274
vn -0.742830 -0.302436 -0.597274
vn -0.742830 -0.302436 -0.597274
vn -0.742830 -0.302436 -0.597274
vn 0.669313 -0.355358 -0.652489
vn 0.669313 -0.355358 -0.652489
vn 0.669313 -0.355358 -0.652489
vn 0.669313 -0.355358 -0.652489
vn -0.669314 0.355357 0.652488
vn -0.669314 0.355357 0.652488
vn -0.669314 0.355357 0.652488
vn -0.669314 0.355357 0.652488
vn 0.742829 0.302436 0.597275
vn 0.742829 0.302436 0.597275
vn 0.742829 0.302436 0.597275
vn 0.742829 0.302436 0.597275
vn 0.014910 0.884452 -0.466394
vn 0.014910 0.884452 -0.466394
vn 0.014910 0.884454 -0.466390
vn 0.014910 0.884454 -0.466390
vn 0.019330 0.921214 -0.388577
vn 0.014910 0.884451 -0.466394
vn 0.014910 0.884451 -0.466394
vn 0.019330 0.921214 -0.388577
vn -0.014910 -0.884449 0.466398
vn -0.001909 -0.745876 0.666082
vn -0.001909 -0.745876 0.666082
vn -0.014910 -0.884449 0.466398
vn 0.004780 -0.658044 0.752965
vn -0.014910 -0.884451 0.466394
vn -0.014910 -0.884451 0.466394
vn 0.004780 -0.658044 0.752965
vn 0.948788 0.304394 -0.084528
vn 0.948788 0.304394 -0.084528
vn 0.948788 0.304394 -0.084528
vn 0.948788 0.304394 -0.084528
vn 0.709503 0.289851 0.642334
vn 0.709503 0.289851 0.642334
vn 0.709503 0.289851 0.642334
vn 0.709503 0.289851 0.642334
vn 0.054604 0.105519 0.992917
vn 0.054604 0.105519 0.992917
vn 0.054604 0.105519 0.992917
vn 0.054604 0.105519 0.992917
vn -0.632286 -0.140627 0.761865
vn -0.632286 -0.140627 0.761865
vn -0.632286 -0.140627 0.761865
vn -0.632286 -0.140627 0.761865
vn -0.948788 -0.304394 0.084528
vn -0.948788 -0.304394 0.084528
vn -0.948788 -0.304394 0.084528
vn -0.948788 -0.304394 0.084528
vn -0.709503 -0.289851 -0.642334
vn -0.709503 -0.289851 -0.642334
vn -0.709503 -0.289851 -0.642334
vn -0.709503 -0.289851 -0.642334
vn -0.054602 -0.105518 -0.992917
vn -0.054602 -0.105518 -0.992917
vn -0.054602 -0.105518 -0.992917
vn -0.054602 -0.105518 -0.992917
vn 0.632284 0.140626 -0.761867
vn 0.632284 0.140626 -0.761867
vn 0.632284 0.140626 -0.761867
vn 0.632284 0.140626 -0.761867
vn 0.311157 -0.946684 0.083494
vn 0.311157 -0.946684 0.083494
vn 0.311157 -0.946684 0.083494
vn 0.311157 -0.946684 0.083494
vn 0.311157 -0.946684 0.083494
vn 0.311157 -0.946684 0.083494
vn 0.311157 -0.946684 0.083494
vn 0.311157 -0.946684 0.083494
vn 0.311157 -0.946684 0.083494
vn 0.311157 -0.946684 0.083494
vn 0.311157 -0.946684 0.083494
vn 0.311157 -0.946684 0.083494
vn 0.311157 -0.946684 0.083494
vn 0.311157 -0.946684 0.083494
vn 0.311157 -0.946684 0.083494
vn 0.311157 -0.946684 0.083494
vn 0.311157 -0.946684 0.083494
vn 0.311157 -0.946684 0.083494
vn 0.311157 -0.946684 0.083494
vn 0.311157 -0.946684 0.083494
vn 0.311157 -0.946684 0.083494
vn 0.311157 -0.946684 0.083494
vn 0.311157 -0.946684 0.083494
vn 0.311157 -0.946684 0.083494
vn -0.311157 0.946684 -0.083494
vn -0.311157 0.946684 -0.083494
vn -0.311157 0.946684 -0.083494
vn -0.311157 0.946684 -0.083494
vn -0.311157 0.946684 -0.083494
vn -0.311157 0.946684 -0.083494
vn -0.311157 0.946684 -0.083494
vn -0.311157 0.946684 -0.083494
vn -0.311157 0.946684 -0.083494
vn -0.311157 0.946684 -0.083494
vn -0.311157 0.946684 -0.083494
vn -0.311157 0.946684 -0.083494
vn -0.311157 0.946684 -0.083494
vn -0.311157 0.946684 -0.083494
vn -0.311157 0.946684 -0.083494
vn -0.311157 0.946684 -0.083494
vn -0.311157 0.946684 -0.083494
vn -0.311157 0.946684 -0.083494
vn -0.311157 0.946684 -0.083494
vn -0.311157 0.946684 -0.083494
vn -0.311157 0.946684 -0.083494
vn -0.311157 0.946684 -0.083494
vn -0.311157 0.946684 -0.083494
vn -0.311157 0.946684 -0.083494
vn 0.311157 -0.946684 0.083494
vn 0.311157 -0.946684 0.083494
vn 0.311157 -0.946684 0.083494
vn 0.311157 -0.946684 0.083494
vn -0.897462 -0.321603 -0.301883
vn -0.897462 -0.321603 -0.301883
vn -0.897462 -0.321603 -0.301883
vn -0.897462 -0.321603 -0.301883
vn -0.311157 0.946684 -0.083494
vn -0.311157 0.946684 -0.083494
vn -0.311157 0.946684 -0.083494
vn -0.311157 0.946684 -0.083494
vn 0.897462 0.321603 0.301883
vn 0.897462 0.321603 0.301883
vn 0.897462 0.321603 0.301883
vn 0.897462 0.321603 0.301883
vn 0.312639 0.019000 -0.949682
vn 0.312639 0.019000 -0.949682
vn 0.312639 0.019000 -0.949682
vn 0.312639 0.019000 -0.949682
vn -0.312639 -0.019000 0.949682
vn -0.312639 -0.019000 0.949682
vn -0.312639 -0.019000 0.949682
vn -0.312639 -0.019000 0.949682
vn 0.948788 0.304394 -0.084528
vn 0.948788 0.304394 -0.084528
vn 0.948788 0.304394 -0.084528
vn 0.948788 0.304394 -0.084528
vn 0.709503 0.289851 0.642334
vn 0.709503 0.289851 0.642334
vn 0.709503 0.289851 0.642334
vn 0.709503 0.289851 0.642334
vn 0.054604 0.105519 0.992917
vn 0.054604 0.105519 0.992917
vn 0.054604 0.105519 0.992917
vn 0.054604 0.105519 0.992917
vn -0.632286 -0.140627 0.761865
vn -0.632286 -0.140627 0.761865
vn -0.632286 -0.140627 0.761865
vn -0.632286 -0.140627 0.761865
vn -0.948788 -0.304394 0.084528
vn -0.948788 -0.304394 0.084528
vn -0.948788 -0.304394 0.084528
vn -0.948788 -0.304394 0.084528
vn -0.709503 -0.289851 -0.642334
vn -0.709503 -0.289851 -0.642334
vn -0.709503 -0.289851 -0.642334
vn -0.709503 -0.289851 -0.642334
vn -0.054602 -0.105518 -0.992917
vn -0.054602 -0.105518 -0.992917
vn -0.054602 -0.105518 -0.992917
vn -0.054602 -0.105518 -0.992917
vn 0.632284 0.140626 -0.761867
vn 0.632284 0.140626 -0.761867
vn 0.632284 0.140626 -0.761867
vn 0.632284 0.140626 -0.761867
vn 0.311157 -0.946684 0.083494
vn 0.311157 -0.946684 0.083494
vn 0.311157 -0.946684 0.083494
vn 0.311157 -0.946684 0.083494
vn 0.311157 -0.946684 0.083494
vn 0.311157 -0.946684 0.083494
vn 0.311157 -0.946684 0.083494
vn 0.311157 -0.946684 0.083494
vn 0.311157 -0.946684 0.083494
vn 0.311157 -0.946684 0.083494
vn 0.311157 -0.946684 0.083494
vn 0.311157 -0.946684 0.083494
vn 0.311157 -0.946684 0.083494
vn 0.311157 -0.946684 0.083494
vn 0.311157 -0.946684 0.083494
vn 0.311157 -0.946684 0.083494
vn 0.311157 -0.946684 0.083494
vn 0.311157 -0.946684 0.083494
vn 0.311157 -0.946684 0.083494
vn 0.311157 -0.946684 0.083494
vn 0.311157 -0.946684 0.083494
vn 0.311157 -0.946684 0.083494
vn 0.311157 -0.946684 0.083494
vn 0.311157 -0.946684 0.083494
vn -0.311157 0.946684 -0.083494
vn -0.311157 0.946684 -0.083494
vn -0.311157 0.946684 -0.083494
vn -0.311157 0.946684 -0.083494
vn -0.311157 0.946684 -0.083494
vn -0.311157 0.946684 -0.083494
vn -0.311157 0.946684 -0.083494
vn -0.311157 0.946684 -0.083494
vn -0.311157 0.946684 -0.083494
vn -0.311157 0.946684 -0.083494
vn -0.311157 0.946684 -0.083494
vn -0.311157 0.946684 -0.083494
vn -0.311157 0.946684 -0.083494
vn -0.311157 0.946684 -0.083494
vn -0.311157 0.946684 -0.083494
vn -0.311157 0.946684 -0.083494
vn -0.311157 0.946684 -0.083494
vn -0.311157 0.946684 -0.083494
vn -0.311157 0.946684 -0.083494
vn -0.311157 0.946684 -0.083494
vn -0.311157 0.946684 -0.083494
vn -0.311157 0.946684 -0.083494
vn -0.311157 0.946684 -0.083494
vn -0.311157 0.946684 -0.083494
vn 0.311157 -0.946684 0.083494
vn 0.311157 -0.946684 0.083494
vn 0.311157 -0.946684 0.083494
vn 0.311157 -0.946684 0.083494
vn -0.897462 -0.321603 -0.301883
vn -0.897462 -0.321603 -0.301883
vn -0.897462 -0.321603 -0.301883
vn -0.897462 -0.321603 -0.301883
vn -0.311157 0.946684 -0.083494
vn -0.311157 0.946684 -0.083494
vn -0.311157 0.946684 -0.083494
vn -0.311157 0.946684 -0.083494
vn 0.897462 0.321603 0.301883
vn 0.897462 0.321603 0.301883
vn 0.897462 0.321603 0.301883
vn 0.897462 0.321603 0.301883
vn 0.312639 0.019000 -0.949682
vn 0.312639 0.019000 -0.949682
vn 0.312639 0.019000 -0.949682
vn 0.312639 0.019000 -0.949682
vn -0.312639 -0.019000 0.949682
vn -0.312639 -0.019000 0.949682
vn -0.312639 -0.019000 0.949682
vn -0.312639 -0.019000 0.949682
vn 0.998537 0.000000 -0.054080
vn 0.998537 0.000000 -0.054080
vn 0.998537 0.000000 -0.054080
vn 0.998537 0.000000 -0.054080
vn 0.000000 1.000000 0.000000
vn 0.000000 1.000000 0.000000
vn 0.000000 1.000000 0.000000
vn 0.000000 1.000000 0.000000
vn -0.998537 0.000000 0.054080
vn -0.998537 0.000000 0.054080
vn -0.998537 0.000000 0.054080
vn -0.998537 0.000000 0.054080
vn 0.000000 -1.000000 0.000000
vn 0.000000 -1.000000 0.000000
vn 0.000000 -1.000000 0.000000
vn 0.000000 -1.000000 0.000000
vn 0.000000 -1.000000 0.000000
vn 0.000000 -1.000000 0.000000
vn 0.000000 -1.000000 0.000000
vn 0.000000 -1.000000 0.000000
vn 0.000000 -1.000000 0.000000
vn 0.000000 -1.000000 0.000000
vn -0.998537 0.000000 0.054080
vn -0.998537 0.000000 0.054080
vn -0.998537 0.000000 0.054080
vn -0.998537 0.000000 0.054080
vn 0.000000 1.000000 0.000000
vn 0.000000 1.000000 0.000000
vn 0.000000 1.000000 0.000000
vn 0.000000 1.000000 0.000000
vn 0.998537 0.000000 -0.054080
vn 0.998537 0.000000 -0.054080
vn 0.998537 0.000000 -0.054080
vn 0.998537 0.000000 -0.054080
vn -0.998537 0.000000 0.054080
vn -0.998537 0.000000 0.054080
vn -0.998537 0.000000 0.054080
vn -0.998537 0.000000 0.054080
vn 0.000000 1.000000 0.000000
vn 0.000000 1.000000 0.000000
vn 0.000000 1.000000 0.000000
vn 0.000000 1.000000 0.000000
vn 0.998537 0.000000 -0.054080
vn 0.998537 0.000000 -0.054080
vn 0.998537 0.000000 -0.054080
vn 0.998537 0.000000 -0.054080
vn 0.000000 -1.000000 0.000000
vn 0.000000 -1.000000 0.000000
vn 0.000000 -1.000000 0.000000
vn 0.000000 -1.000000 0.000000
vn -0.998537 0.000000 0.054080
vn -0.998537 0.000000 0.054080
vn -0.998537 0.000000 0.054080
vn -0.998537 0.000000 0.054080
vn 0.000000 1.000000 0.000000
vn 0.000000 1.000000 0.000000
vn 0.000000 1.000000 0.000000
vn 0.000000 1.000000 0.000000
vn 0.998537 0.000000 -0.054080
vn 0.998537 0.000000 -0.054080
vn 0.998537 0.000000 -0.054080
vn 0.998537 0.000000 -0.054080
vn -0.998537 0.000000 0.054080
vn -0.998537 0.000000 0.054080
vn -0.998537 0.000000 0.054080
vn -0.998537 0.000000 0.054080
vn 0.000000 1.000000 0.000000
vn 0.000000 1.000000 0.000000
vn 0.000000 1.000000 0.000000
vn 0.000000 1.000000 0.000000
vn 0.998537 0.000000 -0.054080
vn 0.998537 0.000000 -0.054080
vn 0.998537 0.000000 -0.054080
vn 0.998537 0.000000 -0.054080
vn 0.054080 -0.000001 0.998537
vn 0.054080 -0.000001 0.998537
vn 0.054080 -0.000001 0.998537
vn 0.054080 -0.000001 0.998537
vn -0.998537 0.000000 0.054080
vn -0.998537 0.000000 0.054080
vn -0.998537 0.000000 0.054080
vn -0.998537 0.000000 0.054080
vn -0.054080 -0.000001 -0.998537
vn -0.054080 -0.000001 -0.998537
vn -0.054080 -0.000001 -0.998537
vn -0.054080 -0.000001 -0.998537
vn 0.998537 0.000000 -0.054080
vn 0.998537 0.000000 -0.054080
vn 0.998537 0.000000 -0.054080
vn 0.998537 0.000000 -0.054080
vn 0.054080 0.000000 0.998537
vn 0.054080 0.000000 0.998537
vn 0.054080 0.000000 0.998537
vn 0.054080 0.000000 0.998537
vn -0.998537 0.000000 0.054080
vn -0.998537 0.000000 0.054080
vn -0.998537 0.000000 0.054080
vn -0.998537 0.000000 0.054080
vn -0.054080 0.000000 -0.998537
vn -0.054080 0.000000 -0.998537
vn -0.054080 0.000000 -0.998537
vn -0.054080 0.000000 -0.998537
vn 0.998537 0.000000 -0.054080
vn 0.998537 0.000000 -0.054080
vn 0.998537 0.000000 -0.054080
vn 0.998537 0.000000 -0.054080
vn 0.000000 -1.000000 0.000000
vn 0.000000 -1.000000 0.000000
vn 0.000000 -1.000000 0.000000
vn 0.000000 -1.000000 0.000000
vn 0.000000 -1.000000 0.000000
vn 0.000000 -1.000000 0.000000
vn 0.000000 -1.000000 0.000000
vn 0.000000 -1.000000 0.000000
vn -0.000001 -1.000000 0.000000
vn -0.000001 -1.000000 0.000000
vn -0.000001 -1.000000 0.000000
vn -0.000001 -1.000000 0.000000
vn 0.000002 -1.000000 0.000000
vn 0.000002 -1.000000 0.000000
vn 0.000002 -1.000000 0.000000
vn 0.000002 -1.000000 0.000000
vn 0.000000 -1.000000 0.000000
vn 0.000000 -1.000000 0.000000
vn 0.000000 -1.000000 0.000000
vn 0.000000 -1.000000 0.000000
vn 0.000000 -1.000000 0.000000
vn 0.000000 -1.000000 0.000000
vn 0.000000 -1.000000 0.000000
vn 0.000000 -1.000000 0.000000
vn 0.000000 -1.000000 0.000000
vn 0.000000 -1.000000 0.000000
vn 0.000000 -1.000000 0.000000
vn 0.000000 -1.000000 0.000000
vn 0.000000 -1.000000 0.000000
vn 0.000000 -1.000000 0.000000
vn 0.054080 0.000001 0.998537
vn 0.054080 0.000001 0.998537
vn 0.054080 0.000001 0.998537
vn 0.054080 0.000001 0.998537
vn 0.054080 0.000000 0.998537
vn 0.054080 0.000000 0.998537
vn 0.054080 0.000000 0.998537
vn 0.054080 0.000000 0.998537
vn 0.054080 -0.000001 0.998537
vn 0.054080 -0.000001 0.998537
vn 0.054080 -0.000001 0.998537
vn 0.054080 -0.000001 0.998537
vn 0.054080 0.000000 0.998537
vn 0.054080 0.000000 0.998537
vn 0.054080 0.000000 0.998537
vn 0.054080 0.000000 0.998537
vn 0.000000 1.000000 0.000000
vn 0.000000 1.000000 0.000000
vn 0.000000 1.000000 0.000000
vn 0.000000 1.000000 0.000000
vn -0.998537 0.000000 0.054080
vn -0.998537 0.000000 0.054080
vn -0.998537 0.000000 0.054080
vn -0.998537 0.000000 0.054080
vn 0.000000 -1.000000 0.000000
vn 0.000000 -1.000000 0.000000
vn 0.000000 -1.000000 0.000000
vn 0.000000 -1.000000 0.000000
vn 0.998537 0.000000 -0.054080
vn 0.998537 0.000000 -0.054080
vn 0.998537 0.000000 -0.054080
vn 0.998537 0.000000 -0.054080
vn -0.054085 0.000000 -0.998536
vn -0.054085 0.000000 -0.998536
vn -0.054085 0.000000 -0.998536
vn -0.054085 0.000000 -0.998536
vn -0.054080 0.000004 -0.998537
vn -0.054080 0.000004 -0.998537
vn -0.054080 0.000004 -0.998537
vn -0.054080 0.000004 -0.998537
vn -0.054074 0.000000 -0.998537
vn -0.054074 0.000000 -0.998537
vn -0.054074 0.000000 -0.998537
vn -0.054074 0.000000 -0.998537
vn -0.054080 -0.000004 -0.998537
vn -0.054080 -0.000004 -0.998537
vn -0.054080 -0.000004 -0.998537
vn -0.054080 -0.000004 -0.998537
vn -0.054080 0.000000 -0.998537
vn -0.054080 0.000000 -0.998537
vn -0.054080 0.000000 -0.998537
vn -0.054080 0.000000 -0.998537
vn 0.994294 0.050259 -0.094088
vn 0.994294 0.050259 -0.094088
vn 0.994294 0.050259 -0.094088
vn 0.994294 0.050259 -0.094088
vn 0.773180 -0.042413 0.632767
vn 0.773180 -0.042413 0.632767
vn 0.773180 -0.042413 0.632767
vn 0.773180 -0.042413 0.632767
vn 0.099150 -0.110239 0.988947
vn 0.099150 -0.110239 0.988947
vn 0.099150 -0.110239 0.988947
vn 0.099150 -0.110239 0.988947
vn -0.632963 -0.113489 0.765819
vn -0.632963 -0.113489 0.765819
vn -0.632963 -0.113489 0.765819
vn -0.632963 -0.113489 0.765819
vn -0.994294 -0.050259 0.094088
vn -0.994294 -0.050259 0.094088
vn -0.994294 -0.050259 0.094088
vn -0.994294 -0.050259 0.094088
vn -0.773180 0.042413 -0.632767
vn -0.773180 0.042413 -0.632767
vn -0.773180 0.042413 -0.632767
vn -0.773180 0.042413 -0.632767
vn -0.099152 0.110239 -0.988947
vn -0.099152 0.110239 -0.988947
vn -0.099152 0.110239 -0.988947
vn -0.099152 0.110239 -0.988947
vn 0.632964 0.113489 -0.765818
vn 0.632964 0.113489 -0.765818
vn 0.632964 0.113489 -0.765818
vn 0.632964 0.113489 -0.765818
vn 0.039331 -0.992633 -0.114594
vn 0.039331 -0.992633 -0.114594
vn 0.039331 -0.992633 -0.114594
vn 0.039331 -0.992633 -0.114594
vn 0.039331 -0.992633 -0.114594
vn 0.039331 -0.992633 -0.114594
vn 0.039331 -0.992633 -0.114594
vn 0.039331 -0.992633 -0.114594
vn 0.039331 -0.992633 -0.114594
vn 0.039331 -0.992633 -0.114594
vn 0.039331 -0.992633 -0.114594
vn 0.039331 -0.992633 -0.114594
vn 0.039331 -0.992633 -0.114594
vn 0.039331 -0.992633 -0.114594
vn 0.039331 -0.992633 -0.114594
vn 0.039331 -0.992633 -0.114594
vn 0.039331 -0.992633 -0.114594
vn 0.039331 -0.992633 -0.114594
vn 0.039331 -0.992633 -0.114594
vn 0.039331 -0.992633 -0.114594
vn 0.039331 -0.992633 -0.114594
vn 0.039331 -0.992633 -0.114594
vn 0.039331 -0.992633 -0.114594
vn 0.039331 -0.992633 -0.114594
vn -0.039331 0.992633 0.114594
vn -0.039331 0.992633 0.114594
vn -0.039331 0.992633 0.114594
vn -0.039331 0.992633 0.114594
vn -0.039331 0.992633 0.114594
vn -0.039331 0.992633 0.114594
vn -0.039331 0.992633 0.114594
vn -0.039331 0.992633 0.114594
vn -0.039331 0.992633 0.114594
vn -0.039331 0.992633 0.114594
vn -0.039331 0.992633 0.114594
vn -0.039331 0.992633 0.114594
vn -0.039331 0.992633 0.114594
vn -0.039331 0.992633 0.114594
vn -0.039331 0.992633 0.114594
vn -0.039331 0.992633 0.114594
vn -0.039331 0.992633 0.114594
vn -0.039331 0.992633 0.114594
vn -0.039331 0.992633 0.114594
vn -0.039331 0.992633 0.114594
vn -0.039331 0.992633 0.114594
vn -0.039331 0.992633 0.114594
vn -0.039331 0.992633 0.114594
vn -0.039331 0.992633 0.114594
vn 0.039331 -0.992633 -0.114594
vn 0.039331 -0.992633 -0.114594
vn 0.039331 -0.992633 -0.114594
vn 0.039331 -0.992633 -0.114594
vn -0.956552 -0.004246 -0.291532
vn -0.956552 -0.004246 -0.291532
vn -0.956552 -0.004246 -0.291532
vn -0.956552 -0.004246 -0.291532
vn -0.039331 0.992633 0.114594
vn -0.039331 0.992633 0.114594
vn -0.039331 0.992633 0.114594
vn -0.039331 0.992633 0.114594
vn 0.956552 0.004246 0.291532
vn 0.956552 0.004246 0.291532
vn 0.956552 0.004246 0.291532
vn 0.956552 0.004246 0.291532
vn 0.288897 0.121081 -0.949673
vn 0.288897 0.121081 -0.949673
vn 0.288897 0.121081 -0.949673
vn 0.288897 0.121081 -0.949673
vn -0.288897 -0.121081 0.949673
vn -0.288897 -0.121081 0.949673
vn -0.288897 -0.121081 0.949673
vn -0.288897 -0.121081 0.949673
vn -0.162541 0.104451 -0.981158
vn -0.162541 0.104451 -0.981158
vn -0.162541 0.104451 -0.981158
vn -0.162541 0.104451 -0.981158
vn 0.576513 0.179922 -0.797033
vn 0.576513 0.179922 -0.797033
vn 0.576513 0.179922 -0.797033
vn 0.576513 0.179922 -0.797033
vn 0.977844 0.149997 -0.146019
vn 0.977844 0.149997 -0.146019
vn 0.977844 0.149997 -0.146019
vn 0.977844 0.149997 -0.146019
vn 0.806372 0.032206 0.590532
vn 0.806372 0.032206 0.590532
vn 0.806372 0.032206 0.590532
vn 0.806372 0.032206 0.590532
vn 0.162541 -0.104451 0.981158
vn 0.162541 -0.104451 0.981158
vn 0.162541 -0.104451 0.981158
vn 0.162541 -0.104451 0.981158
vn -0.576513 -0.179922 0.797033
vn -0.576513 -0.179922 0.797033
vn -0.576513 -0.179922 0.797033
vn -0.576513 -0.179922 0.797033
vn -0.977844 -0.149997 0.146021
vn -0.977844 -0.149997 0.146021
vn -0.977844 -0.149997 0.146021
vn -0.977844 -0.149997 0.146021
vn -0.806370 -0.032205 -0.590534
vn -0.806370 -0.032205 -0.590534
vn -0.806370 -0.032205 -0.590534
vn -0.806370 -0.032205 -0.590534
vn 0.131919 -0.983154 -0.126517
vn 0.131919 -0.983154 -0.126517
vn 0.131919 -0.983154 -0.126517
vn 0.131919 -0.983154 -0.126517
vn 0.131919 -0.983154 -0.126517
vn 0.131919 -0.983154 -0.126517
vn 0.131919 -0.983154 -0.126517
vn 0.131919 -0.983154 -0.126517
vn 0.131919 -0.983154 -0.126517
vn 0.131919 -0.983154 -0.126517
vn 0.131919 -0.983154 -0.126517
vn 0.131919 -0.983154 -0.126517
vn 0.131919 -0.983154 -0.126517
vn 0.131919 -0.983154 -0.126517
vn 0.131919 -0.983154 -0.126517
vn 0.131919 -0.983154 -0.126517
vn 0.131919 -0.983154 -0.126517
vn 0.131919 -0.983154 -0.126517
vn 0.131919 -0.983154 -0.126517
vn 0.131919 -0.983154 -0.126517
vn 0.131919 -0.983154 -0.126517
vn 0.131919 -0.983154 -0.126517
vn 0.131919 -0.983154 -0.126517
vn 0.131919 -0.983154 -0.126517
vn -0.131919 0.983154 0.126517
vn -0.131919 0.983154 0.126517
vn -0.131919 0.983154 0.126517
vn -0.131919 0.983154 0.126517
vn -0.131919 0.983154 0.126517
vn -0.131919 0.983154 0.126517
vn -0.131919 0.983154 0.126517
vn -0.131919 0.983154 0.126517
vn -0.131919 0.983154 0.126517
vn -0.131919 0.983154 0.126517
vn -0.131919 0.983154 0.126517
vn -0.131919 0.983154 0.126517
vn -0.131919 0.983154 0.126517
vn -0.131919 0.983154 0.126517
vn -0.131919 0.983154 0.126517
vn -0.131919 0.983154 0.126517
vn -0.131919 0.983154 0.126517
vn -0.131919 0.983154 0.126517
vn -0.131919 0.983154 0.126517
vn -0.131919 0.983154 0.126517
vn -0.131919 0.983154 0.126517
vn -0.131919 0.983154 0.126517
vn -0.131919 0.983154 0.126517
vn -0.131919 0.983154 0.126517
vn 0.131919 -0.983154 -0.126517
vn 0.131919 -0.983154 -0.126517
vn 0.131919 -0.983154 -0.126517
vn 0.131919 -0.983154 -0.126517
vn -0.224040 -0.153902 0.962352
vn -0.224040 -0.153902 0.962352
vn -0.224040 -0.153902 0.962352
vn -0.224040 -0.153902 0.962352
vn -0.131919 0.983154 0.126517
vn -0.131919 0.983154 0.126517
vn -0.131919 0.983154 0.126517
vn -0.131919 0.983154 0.126517
vn 0.224040 0.153902 -0.962352
vn 0.224040 0.153902 -0.962352
vn 0.224040 0.153902 -0.962352
vn 0.224040 0.153902 -0.962352
vn -0.965610 -0.098607 -0.240569
vn -0.965610 -0.098607 -0.240569
vn -0.965610 -0.098607 -0.240569
vn -0.965610 -0.098607 -0.240569
vn 0.965610 0.098607 0.240569
vn 0.965610 0.098607 0.240569
vn 0.965610 0.098607 0.240569
vn 0.965610 0.098607 0.240569
vn 0.512630 0.176904 -0.840188
vn 0.512630 0.176904 -0.840188
vn 0.512630 0.176904 -0.840188
vn 0.512630 0.176904 -0.840188
vn 0.962406 0.157602 -0.221216
vn 0.962406 0.157602 -0.221216
vn 0.962406 0.157602 -0.221216
vn 0.962406 0.157602 -0.221216
vn 0.848413 0.045979 0.527335
vn 0.848413 0.045979 0.527335
vn 0.848413 0.045979 0.527335
vn 0.848413 0.045979 0.527335
vn 0.237433 -0.092578 0.966982
vn 0.237433 -0.092578 0.966982
vn 0.237433 -0.092578 0.966982
vn 0.237433 -0.092578 0.966982
vn -0.512630 -0.176904 0.840188
vn -0.512630 -0.176904 0.840188
vn -0.512630 -0.176904 0.840188
vn -0.512630 -0.176904 0.840188
vn -0.962406 -0.157602 0.221216
vn -0.962406 -0.157602 0.221216
vn -0.962406 -0.157602 0.221216
vn -0.962406 -0.157602 0.221216
vn -0.848414 -0.045980 -0.527333
vn -0.848414 -0.045980 -0.527333
vn -0.848414 -0.045980 -0.527333
vn -0.848414 -0.045980 -0.527333
vn -0.237430 0.092578 -0.966983
vn -0.237430 0.092578 -0.966983
vn -0.237430 0.092578 -0.966983
vn -0.237430 0.092578 -0.966983
vn 0.131919 -0.983154 -0.126517
vn 0.131919 -0.983154 -0.126517
vn 0.131919 -0.983154 -0.126517
vn 0.131919 -0.983154 -0.126517
vn 0.131919 -0.983154 -0.126517
vn 0.131919 -0.983154 -0.126517
vn 0.131919 -0.983154 -0.126517
vn 0.131919 -0.983154 -0.126517
vn 0.131919 -0.983154 -0.126517
vn 0.131919 -0.983154 -0.126517
vn 0.131919 -0.983154 -0.126517
vn 0.131919 -0.983154 -0.126517
vn 0.131919 -0.983154 -0.126517
vn 0.131919 -0.983154 -0.126517
vn 0.131919 -0.983154 -0.126517
vn 0.131919 -0.983154 -0.126517
vn 0.131919 -0.983154 -0.126517
vn 0.131919 -0.983154 -0.126517
vn 0.131919 -0.983154 -0.126517
vn 0.131919 -0.983154 -0.126517
vn 0.131919 -0.983154 -0.126517
vn 0.131919 -0.983154 -0.126517
vn 0.131919 -0.983154 -0.126517
vn 0.131919 -0.983154 -0.126517
vn -0.131919 0.983154 0.126517
vn -0.131919 0.983154 0.126517
vn -0.131919 0.983154 0.126517
vn -0.131919 0.983154 0.126517
vn -0.131919 0.983154 0.126517
vn -0.131919 0.983154 0.126517
vn -0.131919 0.983154 0.126517
vn -0.131919 0.983154 0.126517
vn -0.131919 0.983154 0.126517
vn -0.131919 0.983154 0.126517
vn -0.131919 0.983154 0.126517
vn -0.131919 0.983154 0.126517
vn -0.131919 0.983154 0.126517
vn -0.131919 0.983154 0.126517
vn -0.131919 0.983154 0.126517
vn -0.131919 0.983154 0.126517
vn -0.131919 0.983154 0.126517
vn -0.131919 0.983154 0.126517
vn -0.131919 0.983154 0.126517
vn -0.131919 0.983154 0.126517
vn -0.131919 0.983154 0.126517
vn -0.131919 0.983154 0.126517
vn -0.131919 0.983154 0.126517
vn -0.131919 0.983154 0.126517
vn 0.131919 -0.983154 -0.126517
vn 0.131919 -0.983154 -0.126517
vn 0.131919 -0.983154 -0.126517
vn 0.131919 -0.983154 -0.126517
vn -0.798285 -0.181034 0.574428
vn -0.798285 -0.181034 0.574428
vn -0.798285 -0.181034 0.574428
vn -0.798285 -0.181034 0.574428
vn -0.131919 0.983154 0.126517
vn -0.131919 0.983154 0.126517
vn -0.131919 0.983154 0.126517
vn -0.131919 0.983154 0.126517
vn 0.798285 0.181034 -0.574428
vn 0.798285 0.181034 -0.574428
vn 0.798285 0.181034 -0.574428
vn 0.798285 0.181034 -0.574428
vn -0.587655 0.025219 -0.808719
vn -0.587655 0.025219 -0.808719
vn -0.587655 0.025219 -0.808719
vn -0.587655 0.025219 -0.808719
vn 0.587655 -0.025219 0.808719
vn 0.587655 -0.025219 0.808719
vn 0.587655 -0.025219 0.808719
vn 0.587655 -0.025219 0.808719
vn 0.998537 0.000000 -0.054080
vn 0.998537 0.000000 -0.054080
vn 0.998537 0.000000 -0.054080
vn 0.998537 0.000000 -0.054080
vn 0.998537 0.000000 -0.054080
vn 0.998537 0.000000 -0.054080
vn 0.998537 0.000000 -0.054080
vn 0.998537 0.000000 -0.054080
vn 0.998537 0.000000 -0.054080
vn 0.998537 0.000000 -0.054080
vn 0.998537 0.000000 -0.054080
vn 0.998537 0.000000 -0.054080
vn 0.998537 0.000000 -0.054080
vn 0.998537 0.000000 -0.054080
vn 0.998537 0.000000 -0.054080
vn 0.998537 0.000000 -0.054080
vn 0.998537 0.000000 -0.054080
vn 0.998537 0.000000 -0.054080
vn 0.998537 0.000000 -0.054080
vn 0.998537 0.000000 -0.054080
vn 0.998537 0.000000 -0.054080
vn 0.998537 0.000000 -0.054080
vn 0.998537 0.000000 -0.054080
vn 0.998537 0.000000 -0.054080
vn 0.998537 0.000000 -0.054080
vn 0.998537 0.000000 -0.054080
vn 0.998537 0.000000 -0.054080
vn 0.998537 0.000000 -0.054080
vn 0.998537 0.000000 -0.054080
vn 0.998537 0.000000 -0.054080
vn 0.998537 0.000000 -0.054080
vn 0.998537 0.000000 -0.054080
vn 0.998537 0.000000 -0.054080
vn 0.998537 0.000000 -0.054080
vn 0.998537 0.000000 -0.054080
vn 0.998537 0.000000 -0.054080
vn 0.998537 0.000000 -0.054080
vn 0.998537 0.000000 -0.054080
vn 0.998537 0.000000 -0.054080
vn 0.998537 0.000000 -0.054080
vn 0.998537 0.000000 -0.054080
vn 0.998537 0.000000 -0.054080
vn 0.998537 0.000000 -0.054080
vn 0.998537 0.000000 -0.054080
vn 0.998537 0.000000 -0.054080
vn 0.998537 0.000000 -0.054080
vn 0.998537 0.000000 -0.054080
vn 0.998537 0.000000 -0.054080
vn 0.998537 0.000000 -0.054080
vn 0.998537 0.000000 -0.054080
vn 0.998537 0.000000 -0.054080
vn 0.998537 0.000000 -0.054080
vn 0.998537 0.000000 -0.054080
vn 0.998537 0.000000 -0.054080
vn 0.998537 0.000000 -0.054080
vn 0.998537 0.000000 -0.054080
vn 0.998537 0.000000 -0.054080
vn 0.998537 0.000000 -0.054080
vn 0.998537 0.000000 -0.054080
vn 0.998537 0.000000 -0.054080
vn 0.998537 0.000000 -0.054080
vn 0.998537 0.000000 -0.054080
vn 0.998537 0.000000 -0.054080
vn 0.998537 0.000000 -0.054080
vn 0.998537 0.000000 -0.054080
vn 0.998537 0.000000 -0.054080
vn 0.998537 0.000000 -0.054080
vn 0.998537 0.000000 -0.054080
vn 0.998537 0.000000 -0.054080
vn 0.998537 0.000000 -0.054080
vn 0.998537 0.000000 -0.054080
vn 0.998537 0.000000 -0.054080
vn 0.998537 0.000000 -0.054080
vn 0.998537 0.000000 -0.054080
vn 0.998537 0.000000 -0.054080
vn 0.998537 0.000000 -0.054080
vn 0.998537 0.000000 -0.054080
vn 0.998537 0.000000 -0.054080
vn 0.998537 0.000000 -0.054080
vn 0.998537 0.000000 -0.054080
vn 0.998537 0.000000 -0.054080
vn 0.998537 0.000000 -0.054080
vn 0.998537 0.000000 -0.054080
vn 0.998537 0.000000 -0.054080
vn -0.003520 0.997879 -0.064998
vn -0.002240 0.999142 -0.041366
vn -0.002240 0.999142 -0.041366
vn -0.003520 0.997879 -0.064998
vn 0.052680 0.226014 0.972699
vn 0.053683 0.120857 0.991217
vn 0.053683 0.120857 0.991217
vn 0.052680 0.226014 0.972699
vn 0.052308 0.253839 0.965831
vn 0.052680 0.226014 0.972699
vn 0.052680 0.226014 0.972699
vn 0.052308 0.253839 0.965831
vn 0.052126 0.266380 0.962458
vn 0.052308 0.253839 0.965831
vn 0.052308 0.253839 0.965831
vn 0.052126 0.266380 0.962458
vn 0.051789 0.287936 0.956248
vn 0.052126 0.266380 0.962458
vn 0.052126 0.266380 0.962458
vn 0.051789 0.287936 0.956248
vn -0.002240 0.999142 -0.041366
vn 0.001089 0.999797 0.020111
vn 0.001089 0.999797 0.020111
vn -0.002240 0.999142 -0.041366
vn 0.051208 0.321515 0.945519
vn 0.051789 0.287936 0.956248
vn 0.051789 0.287936 0.956248
vn 0.051208 0.321515 0.945519
vn 0.019051 -0.935896 0.351760
vn 0.018989 -0.936329 0.350609
vn 0.018989 -0.936329 0.350609
vn 0.019051 -0.935896 0.351760
vn 0.046266 -0.517769 0.854269
vn 0.046266 -0.517769 0.854269
vn 0.046266 -0.517769 0.854269
vn 0.046266 -0.517769 0.854269
vn 0.050932 0.336199 0.940413
vn 0.051208 0.321515 0.945519
vn 0.051208 0.321515 0.945519
vn 0.050932 0.336199 0.940413
vn 0.019028 -0.936056 0.351336
vn 0.019051 -0.935896 0.351760
vn 0.019051 -0.935896 0.351760
vn 0.019028 -0.936056 0.351336
vn 0.018989 -0.936329 0.350610
vn 0.019028 -0.936056 0.351336
vn 0.019028 -0.936056 0.351336
vn 0.018989 -0.936329 0.350610
vn -0.047950 -0.462423 -0.885362
vn -0.037381 -0.722643 -0.690210
vn -0.037381 -0.722643 -0.690210
vn -0.047950 -0.462423 -0.885362
vn -0.050469 -0.359294 -0.931859
vn -0.047950 -0.462423 -0.885362
vn -0.047950 -0.462423 -0.885362
vn -0.050469 -0.359294 -0.931859
vn -0.051264 -0.318445 -0.946554
vn -0.050469 -0.359294 -0.931859
vn -0.050469 -0.359294 -0.931859
vn -0.051264 -0.318445 -0.946554
vn -0.051524 -0.303774 -0.951350
vn -0.051264 -0.318445 -0.946554
vn -0.051264 -0.318445 -0.946554
vn -0.051524 -0.303774 -0.951350
vn -0.052230 -0.259269 -0.964392
vn -0.051524 -0.303774 -0.951350
vn -0.051524 -0.303774 -0.951350
vn -0.052230 -0.259269 -0.964392
vn -0.053591 -0.134181 -0.989507
vn -0.052230 -0.259269 -0.964392
vn -0.052230 -0.259269 -0.964392
vn -0.053591 -0.134181 -0.989507
vn -0.054060 -0.026745 -0.998179
vn -0.053591 -0.134181 -0.989507
vn -0.053591 -0.134181 -0.989507
vn -0.054060 -0.026745 -0.998179
vn 0.001089 0.999797 0.020111
vn 0.003340 0.998091 0.061677
vn 0.003340 0.998091 0.061677
vn 0.001089 0.999797 0.020111
vn -0.998537 0.000000 0.054080
vn -0.998537 0.000000 0.054080
vn -0.998537 0.000000 0.054080
vn -0.998537 0.000000 0.054080
vn -0.998537 0.000000 0.054080
vn -0.998537 0.000000 0.054080
vn -0.998537 0.000000 0.054080
vn -0.998537 0.000000 0.054080
vn -0.998537 0.000000 0.054080
vn -0.998537 0.000000 0.054080
vn -0.998537 0.000000 0.054080
vn -0.998537 0.000000 0.054080
vn -0.998537 0.000000 0.054080
vn -0.998537 0.000000 0.054080
vn -0.998537 0.000000 0.054080
vn -0.998537 0.000000 0.054080
vn -0.998537 0.000000 0.054080
vn -0.998537 0.000000 0.054080
vn -0.998537 0.000000 0.054080
vn -0.998537 0.000000 0.054080
vn -0.998537 0.000000 0.054080
vn -0.998537 0.000000 0.054080
vn -0.998537 0.000000 0.054080
vn -0.998537 0.000000 0.054080
vn -0.998537 0.000000 0.054080
vn -0.998537 0.000000 0.054080
vn -0.998537 0.000000 0.054080
vn -0.998537 0.000000 0.054080
vn -0.998537 0.000000 0.054080
vn -0.998537 0.000000 0.054080
vn -0.998537 0.000000 0.054080
vn -0.998537 0.000000 0.054080
vn -0.998537 0.000000 0.054080
vn -0.998537 0.000000 0.054080
vn -0.998537 0.000000 0.054080
vn -0.998537 0.000000 0.054080
vn -0.998537 0.000000 0.054080
vn -0.998537 0.000000 0.054080
vn -0.998537 0.000000 0.054080
vn -0.998537 0.000000 0.054080
vn -0.998537 0.000000 0.054080
vn -0.998537 0.000000 0.054080
vn -0.998537 0.000000 0.054080
vn -0.998537 0.000000 0.054080
vn -0.998537 0.000000 0.054080
vn -0.998537 0.000000 0.054080
vn -0.998537 0.000000 0.054080
vn -0.998537 0.000000 0.054080
vn -0.998537 0.000000 0.054080
vn -0.998537 0.000000 0.054080
vn -0.998537 0.000000 0.054080
vn -0.998537 0.000000 0.054080
vn -0.998537 0.000000 0.054080
vn -0.998537 0.000000 0.054080
vn -0.998537 0.000000 0.054080
vn -0.998537 0.000000 0.054080
vn -0.998537 0.000000 0.054080
vn -0.998537 0.000000 0.054080
vn -0.998537 0.000000 0.054080
vn -0.998537 0.000000 0.054080
vn -0.998537 0.000000 0.054080
vn -0.998537 0.000000 0.054080
vn -0.998537 0.000000 0.054080
vn -0.998537 0.000000 0.054080
vn -0.998537 0.000000 0.054080
vn -0.998537 0.000000 0.054080
vn -0.998537 0.000000 0.054080
vn -0.998537 0.000000 0.054080
vn -0.998537 0.000000 0.054080
vn -0.998537 0.000000 0.054080
vn -0.998537 0.000000 0.054080
vn -0.998537 0.000000 0.054080
vn -0.998537 0.000000 0.054080
vn -0.998537 0.000000 0.054080
vn -0.998537 0.000000 0.054080
vn -0.998537 0.000000 0.054080
vn -0.998537 0.000000 0.054080
vn -0.998537 0.000000 0.054080
vn -0.998537 0.000000 0.054080
vn -0.998537 0.000000 0.054080
vn -0.998537 0.000000 0.054080
vn -0.998537 0.000000 0.054080
vn -0.998537 0.000000 0.054080
vn -0.998537 0.000000 0.054080
vn -0.003520 0.997879 -0.064998
vn -0.003520 0.997879 -0.064998
vn -0.002240 0.999142 -0.041366
vn -0.002240 0.999142 -0.041366
vn 0.052680 0.226014 0.972699
vn 0.052680 0.226014 0.972699
vn 0.053683 0.120857 0.991217
vn 0.053683 0.120857 0.991217
vn 0.052308 0.253839 0.965831
vn 0.052308 0.253839 0.965831
vn 0.052680 0.226014 0.972699
vn 0.052680 0.226014 0.972699
vn 0.052126 0.266380 0.962458
vn 0.052126 0.266380 0.962458
vn 0.052308 0.253839 0.965831
vn 0.052308 0.253839 0.965831
vn 0.051789 0.287936 0.956248
vn 0.051789 0.287936 0.956248
vn 0.052126 0.266380 0.962458
vn 0.052126 0.266380 0.962458
vn -0.002240 0.999142 -0.041366
vn -0.002240 0.999142 -0.041366
vn 0.001089 0.999797 0.020111
vn 0.001089 0.999797 0.020111
vn 0.051208 0.321515 0.945519
vn 0.051208 0.321515 0.945519
vn 0.051789 0.287936 0.956248
vn 0.051789 0.287936 0.956248
vn 0.019051 -0.935896 0.351760
vn 0.019051 -0.935896 0.351760
vn 0.018989 -0.936329 0.350609
vn 0.018989 -0.936329 0.350609
vn 0.046266 -0.517769 0.854269
vn 0.046266 -0.517769 0.854269
vn 0.046266 -0.517769 0.854269
vn 0.046266 -0.517769 0.854269
vn 0.050932 0.336199 0.940413
vn 0.050932 0.336199 0.940413
vn 0.051208 0.321515 0.945519
vn 0.051208 0.321515 0.945519
vn 0.019028 -0.936056 0.351336
vn 0.019028 -0.936056 0.351336
vn 0.019051 -0.935896 0.351760
vn 0.019051 -0.935896 0.351760
vn 0.018989 -0.936329 0.350610
vn 0.018989 -0.936329 0.350610
vn 0.019028 -0.936056 0.351336
vn 0.019028 -0.936056 0.351336
vn -0.047950 -0.462423 -0.885362
vn -0.047950 -0.462423 -0.885362
vn -0.037381 -0.722643 -0.690210
vn -0.037381 -0.722643 -0.690210
vn -0.050469 -0.359294 -0.931859
vn -0.050469 -0.359294 -0.931859
vn -0.047950 -0.462423 -0.885362
vn -0.047950 -0.462423 -0.885362
vn -0.051264 -0.318445 -0.946554
vn -0.051264 -0.318445 -0.946554
vn -0.050469 -0.359294 -0.931859
vn -0.050469 -0.359294 -0.931859
vn -0.051524 -0.303774 -0.951350
vn -0.051524 -0.303774 -0.951350
vn -0.051264 -0.318445 -0.946554
vn -0.051264 -0.318445 -0.946554
vn -0.052230 -0.259269 -0.964392
vn -0.052230 -0.259269 -0.964392
vn -0.051524 -0.303774 -0.951350
vn -0.051524 -0.303774 -0.951350
vn -0.053591 -0.134181 -0.989507
vn -0.053591 -0.134181 -0.989507
vn -0.052230 -0.259269 -0.964392
vn -0.052230 -0.259269 -0.964392
vn -0.054060 -0.026745 -0.998179
vn -0.054060 -0.026745 -0.998179
vn -0.053591 -0.134181 -0.989507
vn -0.053591 -0.134181 -0.989507
vn 0.001089 0.999797 0.020111
vn 0.001089 0.999797 0.020111
vn 0.003340 0.998091 0.061677
vn 0.003340 0.998091 0.061677
vn 0.998537 0.000000 -0.054080
vn 0.998537 0.000000 -0.054080
vn 0.998537 0.000000 -0.054080
vn 0.998537 0.000000 -0.054080
vn 0.053683 0.120857 0.991217
vn 0.053683 0.120857 0.991217
vn 0.054080 0.000000 0.998537
vn 0.054080 0.000000 0.998537
vn 0.998537 0.000000 -0.054080
vn 0.998537 0.000000 -0.054080
vn 0.998537 0.000000 -0.054080
vn 0.998537 0.000000 -0.054080
vn 0.998537 0.000000 -0.054080
vn 0.998537 0.000000 -0.054080
vn 0.998537 0.000000 -0.054080
vn 0.998537 0.000000 -0.054080
vn -0.054060 -0.026745 -0.998179
vn -0.054060 -0.026745 -0.998179
vn -0.054080 0.000000 -0.998537
vn -0.054080 0.000000 -0.998537
vn 0.053683 0.120857 0.991217
vn 0.053683 0.120857 0.991217
vn 0.054080 0.000000 0.998537
vn 0.054080 0.000000 0.998537
vn -0.998537 0.000000 0.054080
vn -0.998537 0.000000 0.054080
vn -0.998537 0.000000 0.054080
vn -0.998537 0.000000 0.054080
vn -0.998537 0.000000 0.054080
vn -0.998537 0.000000 0.054080
vn -0.998537 0.000000 0.054080
vn -0.998537 0.000000 0.054080
vn -0.054060 -0.026745 -0.998179
vn -0.054060 -0.026745 -0.998179
vn -0.054080 0.000000 -0.998537
vn -0.054080 0.000000 -0.998537
vn -0.998537 0.000000 0.054080
vn -0.998537 0.000000 0.054080
vn -0.998537 0.000000 0.054080
vn -0.998537 0.000000 0.054080
vn 0.998537 0.000000 -0.054080
vn 0.998537 0.000000 -0.054080
vn 0.998537 0.000000 -0.054080
vn 0.998537 0.000000 -0.054080
vn 0.998537 0.000000 -0.054080
vn 0.998537 0.000000 -0.054080
vn 0.998537 0.000000 -0.054080
vn 0.998537 0.000000 -0.054080
vn 0.998537 0.000000 -0.054080
vn 0.998537 0.000000 -0.054080
vn 0.998537 0.000000 -0.054080
vn 0.998537 0.000000 -0.054080
vn 0.998537 0.000000 -0.054080
vn 0.998537 0.000000 -0.054080
vn 0.998537 0.000000 -0.054080
vn 0.998537 0.000000 -0.054080
vn 0.998537 0.000000 -0.054080
vn 0.998537 0.000000 -0.054080
vn 0.998537 0.000000 -0.054080
vn 0.998537 0.000000 -0.054080
vn 0.998537 0.000000 -0.054080
vn 0.998537 0.000000 -0.054080
vn 0.998537 0.000000 -0.054080
vn 0.998537 0.000000 -0.054080
vn 0.998537 0.000000 -0.054080
vn 0.998537 0.000000 -0.054080
vn 0.998537 0.000000 -0.054080
vn 0.998537 0.000000 -0.054080
vn 0.998537 0.000000 -0.054080
vn 0.998537 0.000000 -0.054080
vn 0.998537 0.000000 -0.054080
vn 0.998537 0.000000 -0.054080
vn 0.998537 0.000000 -0.054080
vn 0.998537 0.000000 -0.054080
vn 0.998537 0.000000 -0.054080
vn 0.998537 0.000000 -0.054080
vn 0.998537 0.000000 -0.054080
vn 0.998537 0.000000 -0.054080
vn 0.998537 0.000000 -0.054080
vn 0.998537 0.000000 -0.054080
vn 0.998537 0.000000 -0.054080
vn 0.998537 0.000000 -0.054080
vn 0.998537 0.000000 -0.054080
vn 0.998537 0.000000 -0.054080
vn 0.998537 0.000000 -0.054080
vn 0.998537 0.000000 -0.054080
vn 0.998537 0.000000 -0.054080
vn 0.998537 0.000000 -0.054080
vn 0.998537 0.000000 -0.054080
vn 0.998537 0.000000 -0.054080
vn 0.998537 0.000000 -0.054080
vn 0.998537 0.000000 -0.054080
vn 0.998537 0.000000 -0.054080
vn 0.998537 0.000000 -0.054080
vn 0.998537 0.000000 -0.054080
vn 0.998537 0.000000 -0.054080
vn 0.998537 0.000000 -0.054080
vn 0.998537 0.000000 -0.054080
vn 0.998537 0.000000 -0.054080
vn 0.998537 0.000000 -0.054080
vn 0.998537 0.000000 -0.054080
vn 0.998537 0.000000 -0.054080
vn 0.998537 0.000000 -0.054080
vn 0.998537 0.000000 -0.054080
vn 0.998537 0.000000 -0.054080
vn 0.998537 0.000000 -0.054080
vn 0.998537 0.000000 -0.054080
vn 0.998537 0.000000 -0.054080
vn 0.998537 0.000000 -0.054080
vn 0.998537 0.000000 -0.054080
vn 0.998537 0.000000 -0.054080
vn 0.998537 0.000000 -0.054080
vn 0.998537 0.000000 -0.054080
vn 0.998537 0.000000 -0.054080
vn 0.998537 0.000000 -0.054080
vn 0.998537 0.000000 -0.054080
vn 0.998537 0.000000 -0.054080
vn 0.998537 0.000000 -0.054080
vn 0.998537 0.000000 -0.054080
vn 0.998537 0.000000 -0.054080
vn 0.998537 0.000000 -0.054080
vn 0.998537 0.000000 -0.054080
vn 0.998537 0.000000 -0.054080
vn 0.998537 0.000000 -0.054080
vn 0.998537 0.000000 -0.054080
vn 0.998537 0.000000 -0.054080
vn 0.998537 0.000000 -0.054080
vn 0.998537 0.000000 -0.054080
vn 0.998537 0.000000 -0.054080
vn 0.998537 0.000000 -0.054080
vn 0.998537 0.000000 -0.054080
vn 0.998537 0.000000 -0.054080
vn 0.998537 0.000000 -0.054080
vn 0.998537 0.000000 -0.054080
vn 0.998537 0.000000 -0.054080
vn 0.998537 0.000000 -0.054080
vn 0.998537 0.000000 -0.054080
vn 0.998537 0.000000 -0.054080
vn 0.998537 0.000000 -0.054080
vn 0.998537 0.000000 -0.054080
vn 0.998537 0.000000 -0.054080
vn 0.998537 0.000000 -0.054080
vn 0.998537 0.000000 -0.054080
vn 0.998537 0.000000 -0.054080
vn 0.998537 0.000000 -0.054080
vn 0.998537 0.000000 -0.054080
vn 0.998537 0.000000 -0.054080
vn 0.998537 0.000000 -0.054080
vn 0.998537 0.000000 -0.054080
vn 0.998537 0.000000 -0.054080
vn 0.998537 0.000000 -0.054080
vn 0.998537 0.000000 -0.054080
vn 0.998537 0.000000 -0.054080
vn 0.998537 0.000000 -0.054080
vn 0.998537 0.000000 -0.054080
vn 0.998537 0.000000 -0.054080
vn 0.998537 0.000000 -0.054080
vn 0.998537 0.000000 -0.054080
vn 0.998537 0.000000 -0.054080
vn 0.998537 0.000000 -0.054080
vn 0.998537 0.000000 -0.054080
vn 0.998537 0.000000 -0.054080
vn 0.998537 0.000000 -0.054080
vn 0.998537 0.000000 -0.054080
vn 0.998537 0.000000 -0.054080
vn 0.998537 0.000000 -0.054080
vn 0.998537 0.000000 -0.054080
vn 0.998537 0.000000 -0.054080
vn 0.998537 0.000000 -0.054080
vn 0.998537 0.000000 -0.054080
vn 0.998537 0.000000 -0.054080
vn 0.998537 0.000000 -0.054080
vn 0.998537 0.000000 -0.054080
vn 0.998537 0.000000 -0.054080
vn 0.998537 0.000000 -0.054080
vn 0.998537 0.000000 -0.054080
vn 0.998537 0.000000 -0.054080
vn 0.998537 0.000000 -0.054080
vn 0.998537 0.000000 -0.054080
vn 0.998537 0.000000 -0.054080
vn 0.998537 0.000000 -0.054080
vn 0.998537 0.000000 -0.054080
vn 0.998537 0.000000 -0.054080
vn 0.998537 0.000000 -0.054080
vn 0.998537 0.000000 -0.054080
vn 0.998537 0.000000 -0.054080
vn 0.998537 0.000000 -0.054080
vn 0.998537 0.000000 -0.054080
vn 0.998537 0.000000 -0.054080
vn 0.998537 0.000000 -0.054080
vn 0.998537 0.000000 -0.054080
vn 0.998537 0.000000 -0.054080
vn 0.998537 0.000000 -0.054080
vn 0.998537 0.000000 -0.054080
vn 0.998537 0.000000 -0.054080
vn 0.998537 0.000000 -0.054080
vn 0.998537 0.000000 -0.054080
vn 0.998537 0.000000 -0.054080
vn 0.998537 0.000000 -0.054080
vn 0.998537 0.000000 -0.054080
vn 0.998537 0.000000 -0.054080
vn 0.998537 0.000000 -0.054080
vn 0.998537 0.000000 -0.054080
vn 0.998537 0.000000 -0.054080
vn 0.998537 0.000000 -0.054080
vn 0.998537 0.000000 -0.054080
vn 0.998537 0.000000 -0.054080
vn 0.998537 0.000000 -0.054080
vn 0.998537 0.000000 -0.054080
vn 0.998537 0.000000 -0.054080
vn 0.998537 0.000000 -0.054080
vn 0.998537 0.000000 -0.054080
vn 0.998537 0.000000 -0.054080
vn 0.998537 0.000000 -0.054080
vn 0.998537 0.000000 -0.054080
vn 0.998537 0.000000 -0.054080
vn 0.998537 0.000000 -0.054080
vn 0.998537 0.000000 -0.054080
vn 0.998537 0.000000 -0.054080
vn 0.998537 0.000000 -0.054080
vn 0.998537 0.000000 -0.054080
vn 0.998537 0.000000 -0.054080
vn 0.998537 0.000000 -0.054080
vn 0.998537 0.000000 -0.054080
vn 0.998537 0.000000 -0.054080
vn 0.998537 0.000000 -0.054080
vn 0.998537 0.000000 -0.054080
vn 0.998537 0.000000 -0.054080
vn 0.998537 0.000000 -0.054080
vn 0.998537 0.000000 -0.054080
vn 0.998537 0.000000 -0.054080
vn 0.998537 0.000000 -0.054080
vn 0.998537 0.000000 -0.054080
vn 0.998537 0.000000 -0.054080
vn 0.998537 0.000000 -0.054080
vn 0.998537 0.000000 -0.054080
vn 0.998537 0.000000 -0.054080
vn 0.998537 0.000000 -0.054080
vn 0.998537 0.000000 -0.054080
vn 0.998537 0.000000 -0.054080
vn 0.998537 0.000000 -0.054080
vn 0.998537 0.000000 -0.054080
vn 0.998537 0.000000 -0.054080
vn 0.998537 0.000000 -0.054080
vn 0.998537 0.000000 -0.054080
vn 0.998537 0.000000 -0.054080
vn 0.998537 0.000000 -0.054080
vn 0.998537 0.000000 -0.054080
vn 0.998537 0.000000 -0.054080
vn 0.998537 0.000000 -0.054080
vn 0.998537 0.000000 -0.054080
vn 0.998537 0.000000 -0.054080
vn 0.998537 0.000000 -0.054080
vn 0.998537 0.000000 -0.054080
vn 0.998537 0.000000 -0.054080
vn 0.998537 0.000000 -0.054080
vn 0.998537 0.000000 -0.054080
vn 0.998537 0.000000 -0.054080
vn 0.998537 0.000000 -0.054080
vn 0.998537 0.000000 -0.054080
vn 0.998537 0.000000 -0.054080
vn 0.998537 0.000000 -0.054080
vn 0.998537 0.000000 -0.054080
vn 0.998537 0.000000 -0.054080
vn 0.998537 0.000000 -0.054080
vn 0.998537 0.000000 -0.054080
vn 0.998537 0.000000 -0.054080
vn 0.998537 0.000000 -0.054080
vn 0.998537 0.000000 -0.054080
vn 0.998537 0.000000 -0.054080
vn 0.998537 0.000000 -0.054080
vn 0.998537 0.000000 -0.054080
vn 0.998537 0.000000 -0.054080
vn 0.998537 0.000000 -0.054080
vn 0.998537 0.000000 -0.054080
vn 0.998537 0.000000 -0.054080
vn 0.998537 0.000000 -0.054080
vn 0.998537 0.000000 -0.054080
vn 0.998537 0.000000 -0.054080
vn 0.998537 0.000000 -0.054080
vn 0.998537 0.000000 -0.054080
vn 0.998537 0.000000 -0.054080
vn 0.998537 0.000000 -0.054080
vn 0.998537 0.000000 -0.054080
vn 0.998537 0.000000 -0.054080
vn 0.998537 0.000000 -0.054079
vn 0.998537 0.000000 -0.054079
vn 0.998537 0.000000 -0.054080
vn 0.998537 0.000000 -0.054080
vn 0.998537 0.000000 -0.054080
vn 0.998537 0.000000 -0.054080
vn 0.998537 0.000000 -0.054080
vn 0.998537 0.000000 -0.054080
vn 0.998537 0.000000 -0.054080
vn 0.998537 0.000000 -0.054080
vn 0.998537 0.000000 -0.054080
vn 0.998537 0.000000 -0.054080
vn 0.998537 0.000000 -0.054080
vn 0.998537 0.000000 -0.054080
vn 0.998537 0.000000 -0.054080
vn 0.998537 0.000000 -0.054080
vn 0.998537 0.000000 -0.054080
vn 0.998537 0.000000 -0.054080
vn 0.998537 0.000000 -0.054080
vn 0.998537 0.000000 -0.054080
vn 0.998537 0.000000 -0.054080
vn 0.998537 0.000000 -0.054080
vn 0.998537 0.000000 -0.054080
vn 0.998537 0.000000 -0.054080
vn 0.998537 0.000000 -0.054080
vn 0.998537 0.000000 -0.054080
vn 0.998537 0.000000 -0.054080
vn 0.998537 0.000000 -0.054080
vn 0.998537 0.000000 -0.054080
vn 0.998537 0.000000 -0.054080
vn 0.998537 0.000000 -0.054080
vn 0.998537 0.000000 -0.054080
vn 0.998537 0.000000 -0.054080
vn 0.998537 0.000000 -0.054080
vn 0.998537 0.000000 -0.054080
vn 0.998537 0.000000 -0.054080
vn 0.998537 0.000000 -0.054080
vn 0.998537 0.000000 -0.054080
vn 0.998537 0.000000 -0.054079
vn 0.998537 0.000000 -0.054079
vn 0.998537 0.000000 -0.054079
vn 0.998537 0.000000 -0.054079
vn 0.998537 0.000000 -0.054080
vn 0.998537 0.000000 -0.054080
vn 0.998537 0.000000 -0.054080
vn 0.998537 0.000000 -0.054080
vn 0.998537 0.000000 -0.054080
vn 0.998537 0.000000 -0.054080
vn 0.998537 0.000000 -0.054080
vn 0.998537 0.000000 -0.054080
vn 0.998537 0.000000 -0.054080
vn 0.998537 0.000000 -0.054080
vn 0.998537 0.000000 -0.054080
vn 0.998537 0.000000 -0.054080
vn 0.998537 0.000000 -0.054080
vn 0.998537 0.000000 -0.054080
vn 0.998537 0.000000 -0.054080
vn 0.998537 0.000000 -0.054080
vn 0.998537 0.000000 -0.054080
vn 0.998537 0.000000 -0.054080
vn 0.998537 0.000000 -0.054080
vn 0.998537 0.000000 -0.054080
vn 0.998537 0.000000 -0.054080
vn 0.998537 0.000000 -0.054080
vn 0.998537 0.000000 -0.054080
vn 0.998537 0.000000 -0.054080
vn 0.998537 0.000000 -0.054080
vn 0.998537 0.000000 -0.054080
vn 0.998537 0.000000 -0.054080
vn 0.998537 0.000000 -0.054080
vn 0.998537 0.000000 -0.054080
vn 0.998537 0.000000 -0.054080
vn 0.998537 0.000000 -0.054080
vn 0.998537 0.000000 -0.054080
vn 0.998537 0.000000 -0.054080
vn 0.998537 0.000000 -0.054080
vn 0.998537 0.000000 -0.054080
vn 0.998537 0.000000 -0.054080
vn 0.998537 0.000000 -0.054080
vn 0.998537 0.000000 -0.054080
vn 0.998537 0.000000 -0.054080
vn 0.998537 0.000000 -0.054080
vn 0.998537 0.000000 -0.054080
vn 0.998537 0.000000 -0.054080
vn 0.998537 0.000000 -0.054080
vn 0.998537 0.000000 -0.054080
vn 0.998537 0.000000 -0.054080
vn 0.998537 0.000000 -0.054080
vn 0.998537 0.000000 -0.054080
vn 0.998537 0.000000 -0.054080
vn 0.998537 0.000000 -0.054080
vn 0.998537 0.000000 -0.054080
vn 0.998537 0.000000 -0.054080
vn 0.998537 0.000000 -0.054080
vn 0.998537 0.000000 -0.054080
vn 0.998537 0.000000 -0.054080
vn 0.998537 0.000000 -0.054080
vn 0.998537 0.000000 -0.054080
vn 0.998537 0.000000 -0.054080
vn 0.998537 0.000000 -0.054080
vn 0.998537 0.000000 -0.054080
vn 0.998537 0.000000 -0.054080
vn 0.998537 0.000000 -0.054080
vn 0.998537 0.000000 -0.054080
vn 0.998537 0.000000 -0.054080
vn 0.998537 0.000000 -0.054080
vn 0.998537 0.000000 -0.054080
vn 0.998537 0.000000 -0.054080
vn 0.998537 0.000000 -0.054080
vn 0.998537 0.000000 -0.054080
vn 0.998537 0.000000 -0.054080
vn 0.998537 0.000000 -0.054080
vn 0.998537 0.000000 -0.054080
vn 0.998537 0.000000 -0.054080
vn 0.998537 0.000000 -0.054080
vn 0.998537 0.000000 -0.054080
vn 0.998537 0.000000 -0.054080
vn 0.998537 0.000000 -0.054080
vn 0.998537 0.000000 -0.054080
vn 0.998537 0.000000 -0.054080
vn 0.998537 0.000000 -0.054080
vn 0.998537 0.000000 -0.054080
vn 0.998537 0.000000 -0.054080
vn 0.998537 0.000000 -0.054080
vn 0.998537 0.000000 -0.054080
vn 0.998537 0.000000 -0.054080
vn 0.998537 0.000000 -0.054080
vn 0.998537 0.000000 -0.054080
vn 0.998537 0.000000 -0.054080
vn 0.998537 0.000000 -0.054080
vn 0.998537 0.000000 -0.054080
vn 0.998537 0.000000 -0.054080
vn 0.998537 0.000000 -0.054080
vn 0.998537 0.000000 -0.054080
vn 0.998537 0.000000 -0.054080
vn 0.998537 0.000000 -0.054080
vn 0.998537 0.000000 -0.054080
vn 0.998537 0.000000 -0.054080
vn 0.998537 0.000000 -0.054080
vn 0.998537 0.000000 -0.054080
vn 0.998537 0.000000 -0.054080
vn 0.998537 0.000000 -0.054080
vn 0.998537 0.000000 -0.054080
vn 0.998537 0.000000 -0.054080
vn 0.998537 0.000000 -0.054080
vn 0.998537 0.000000 -0.054080
vn 0.998537 0.000000 -0.054080
vn 0.998537 0.000000 -0.054080
vn 0.998537 0.000000 -0.054080
vn 0.998537 0.000000 -0.054080
vn 0.998537 0.000000 -0.054080
vn 0.998537 0.000000 -0.054080
vn 0.998537 0.000000 -0.054080
vn 0.998537 0.000000 -0.054080
vn 0.998537 0.000000 -0.054080
vn 0.998537 0.000000 -0.054080
vn 0.998537 0.000000 -0.054080
vn 0.998537 0.000000 -0.054080
vn 0.998537 0.000000 -0.054080
vn 0.998537 0.000000 -0.054080
vn 0.998537 0.000000 -0.054080
vn 0.998537 0.000000 -0.054080
vn 0.998537 0.000000 -0.054080
vn 0.998537 0.000000 -0.054080
vn 0.998537 0.000000 -0.054080
vn 0.998537 0.000000 -0.054080
vn 0.998537 0.000000 -0.054080
vn 0.998537 0.000000 -0.054080
vn 0.998537 0.000000 -0.054080
vn 0.998537 0.000000 -0.054080
vn 0.998537 0.000000 -0.054080
vn 0.998537 0.000000 -0.054080
vn 0.998537 0.000000 -0.054080
vn 0.998537 0.000000 -0.054080
vn 0.998537 0.000000 -0.054080
vn 0.998537 0.000000 -0.054080
vn 0.998537 0.000000 -0.054080
vn 0.998537 0.000000 -0.054080
vn 0.998537 0.000000 -0.054080
vn 0.998537 0.000000 -0.054080
vn 0.998537 0.000000 -0.054080
vn 0.998537 0.000000 -0.054080
vn 0.998537 0.000000 -0.054080
vn 0.998537 0.000000 -0.054080
vn 0.998537 0.000000 -0.054080
vn 0.998537 0.000000 -0.054080
vn 0.998537 0.000000 -0.054080
vn 0.998537 0.000000 -0.054080
vn 0.998537 0.000000 -0.054080
vn 0.998537 0.000000 -0.054080
vn 0.998537 0.000000 -0.054080
vn 0.998537 0.000000 -0.054080
vn 0.998537 0.000000 -0.054080
vn 0.998537 0.000000 -0.054080
vn 0.998537 0.000000 -0.054080
vn 0.998537 0.000000 -0.054080
vn 0.998537 0.000000 -0.054080
vn 0.998537 0.000000 -0.054080
vn 0.998537 0.000000 -0.054080
vn 0.998537 0.000000 -0.054080
vn 0.998537 0.000000 -0.054080
vn 0.998537 0.000000 -0.054080
vn 0.998537 0.000000 -0.054080
vn 0.998537 0.000000 -0.054080
vn 0.998537 0.000000 -0.054080
vn 0.998537 0.000000 -0.054080
vn 0.998537 0.000000 -0.054080
vn 0.998537 0.000000 -0.054080
vn 0.998537 0.000000 -0.054080
vn 0.998537 0.000000 -0.054080
vn 0.998537 0.000000 -0.054080
vn 0.998537 0.000000 -0.054080
vn 0.998537 0.000000 -0.054080
vn 0.998537 0.000000 -0.054080
vn 0.998537 0.000000 -0.054080
vn 0.998537 0.000000 -0.054080
vn 0.998537 0.000000 -0.054080
vn 0.998537 0.000000 -0.054080
vn 0.998537 0.000000 -0.054080
vn 0.998537 0.000000 -0.054080
vn 0.998537 0.000000 -0.054080
vn 0.998537 0.000000 -0.054080
vn 0.998537 0.000000 -0.054080
vn 0.998537 0.000000 -0.054080
vn 0.998537 0.000000 -0.054080
vn 0.998537 0.000000 -0.054080
vn 0.998537 0.000000 -0.054080
vn 0.998537 0.000000 -0.054080
vn 0.998537 0.000000 -0.054080
vn 0.998537 0.000000 -0.054080
vn 0.998537 0.000000 -0.054080
vn 0.998537 0.000000 -0.054080
vn 0.998537 0.000000 -0.054080
vn 0.998537 0.000000 -0.054080
vn 0.998537 0.000000 -0.054080
vn 0.998537 0.000000 -0.054080
vn 0.998537 0.000000 -0.054080
vn 0.998537 0.000000 -0.054080
vn 0.998537 0.000000 -0.054080
vn 0.998537 0.000000 -0.054080
vn 0.998537 0.000000 -0.054080
vn 0.998537 0.000000 -0.054080
vn 0.998537 0.000000 -0.054080
vn 0.998537 0.000000 -0.054080
vn 0.998537 0.000000 -0.054080
vn 0.998537 0.000000 -0.054080
vn 0.998537 0.000000 -0.054080
vn 0.998537 0.000000 -0.054080
vn 0.998537 0.000000 -0.054080
vn 0.998537 0.000000 -0.054080
vn 0.998537 0.000000 -0.054080
vn 0.998537 0.000000 -0.054080
vn 0.998537 0.000000 -0.054080
vn 0.998537 0.000000 -0.054080
vn 0.998537 0.000000 -0.054080
vn 0.998537 0.000000 -0.054080
vn 0.998537 0.000000 -0.054080
vn 0.998537 0.000000 -0.054080
vn 0.998537 0.000000 -0.054080
vn 0.998537 0.000000 -0.054080
vn 0.998537 0.000000 -0.054080
vn 0.998537 0.000000 -0.054080
vn 0.998537 0.000000 -0.054080
vn 0.998537 0.000000 -0.054080
vn 0.998537 0.000000 -0.054080
vn 0.998537 0.000000 -0.054080
vn 0.998537 0.000000 -0.054080
vn 0.998537 0.000000 -0.054080
vn 0.998537 0.000000 -0.054080
vn 0.998537 0.000000 -0.054080
vn 0.998537 0.000000 -0.054080
vn 0.998537 0.000000 -0.054080
vn 0.998537 0.000000 -0.054080
vn 0.998537 0.000000 -0.054080
vn 0.998537 0.000000 -0.054080
vn 0.998537 0.000000 -0.054080
vn 0.998537 0.000000 -0.054080
vn 0.998537 0.000000 -0.054080
vn 0.998537 0.000000 -0.054080
vn 0.998537 0.000000 -0.054080
vn 0.998537 0.000000 -0.054080
vn 0.998537 0.000000 -0.054080
vn 0.998537 0.000000 -0.054080
vn 0.998537 0.000000 -0.054080
vn 0.998536 0.000000 -0.054081
vn 0.998536 0.000000 -0.054081
vn 0.998536 0.000000 -0.054081
vn 0.998536 0.000000 -0.054081
vn -0.000685 0.999920 -0.012654
vn -0.001704 0.999504 -0.031459
vn -0.001704 0.999504 -0.031459
vn -0.000685 0.999920 -0.012654
vn 0.054068 -0.021182 0.998313
vn 0.054066 -0.022722 0.998279
vn 0.054066 -0.022722 0.998279
vn 0.054068 -0.021182 0.998313
vn -0.004148 0.997055 -0.076581
vn -0.004148 0.997055 -0.076581
vn -0.004148 0.997055 -0.076581
vn -0.004148 0.997055 -0.076581
vn 0.034272 0.773547 0.632811
vn 0.034272 0.773547 0.632811
vn 0.034272 0.773547 0.632811
vn 0.034272 0.773547 0.632811
vn 0.054070 -0.019226 0.998352
vn 0.054068 -0.021182 0.998313
vn 0.054068 -0.021182 0.998313
vn 0.054070 -0.019226 0.998352
vn 0.008890 -0.986395 0.164154
vn 0.008890 -0.986395 0.164154
vn 0.008890 -0.986395 0.164154
vn 0.008890 -0.986395 0.164154
vn 0.000780 0.999896 0.014409
vn 0.000246 0.999990 0.004539
vn 0.000246 0.999990 0.004539
vn 0.000780 0.999896 0.014409
vn 0.000768 -0.999899 0.014182
vn 0.000462 -0.999964 0.008534
vn 0.000462 -0.999964 0.008534
vn 0.000768 -0.999899 0.014182
vn 0.000607 -0.999937 0.011212
vn 0.000768 -0.999899 0.014182
vn 0.000768 -0.999899 0.014182
vn 0.000607 -0.999937 0.011212
vn -0.000000 -1.000000 -0.000001
vn -0.001351 -0.999688 -0.024951
vn -0.001351 -0.999688 -0.024951
vn -0.000000 -1.000000 -0.000001
vn 0.022927 -0.905690 0.423319
vn 0.022927 -0.905690 0.423319
vn 0.022927 -0.905690 0.423319
vn 0.022927 -0.905690 0.423319
vn 0.003093 -0.998363 0.057114
vn 0.003974 -0.997296 0.073378
vn 0.003974 -0.997296 0.073378
vn 0.003093 -0.998363 0.057114
vn -0.001351 -0.999688 -0.024951
vn -0.001953 -0.999348 -0.036059
vn -0.001953 -0.999348 -0.036059
vn -0.001351 -0.999688 -0.024951
vn 0.000453 -0.999965 0.008366
vn 0.000607 -0.999937 0.011212
vn 0.000607 -0.999937 0.011212
vn 0.000453 -0.999965 0.008366
vn 0.000000 1.000000 0.000000
vn 0.000000 1.000000 0.000000
vn 0.000000 1.000000 0.000000
vn 0.000000 1.000000 0.000000
vn 0.000000 1.000000 0.000000
vn -0.000178 0.999995 -0.003278
vn -0.000178 0.999995 -0.003278
vn 0.000000 1.000000 0.000000
vn -0.000178 0.999995 -0.003278
vn -0.000685 0.999920 -0.012654
vn -0.000685 0.999920 -0.012654
vn -0.000178 0.999995 -0.003278
vn 0.000246 0.999990 0.004539
vn 0.000000 1.000000 0.000000
vn 0.000000 1.000000 0.000000
vn 0.000246 0.999990 0.004539
vn -0.001704 0.999504 -0.031459
vn -0.001422 0.999654 -0.026262
vn -0.001422 0.999654 -0.026262
vn -0.001704 0.999504 -0.031459
vn -0.001131 -0.999781 -0.020885
vn 0.003093 -0.998363 0.057114
vn 0.003093 -0.998363 0.057114
vn -0.001131 -0.999781 -0.020885
vn -0.003421 -0.997997 -0.063161
vn -0.001131 -0.999781 -0.020885
vn -0.001131 -0.999781 -0.020885
vn -0.003421 -0.997997 -0.063161
vn -0.001422 0.999654 -0.026262
vn -0.000938 0.999850 -0.017312
vn -0.000938 0.999850 -0.017312
vn -0.001422 0.999654 -0.026262
vn 0.054070 0.019351 0.998350
vn 0.054070 0.019351 0.998350
vn 0.054070 0.019351 0.998350
vn 0.054070 0.019351 0.998350
vn 0.001423 -0.999654 0.026268
vn -0.003695 -0.997663 -0.068233
vn -0.003695 -0.997663 -0.068233
vn 0.001423 -0.999654 0.026268
vn -0.000938 0.999850 -0.017312
vn -0.000883 0.999867 -0.016299
vn -0.000883 0.999867 -0.016299
vn -0.000938 0.999850 -0.017312
vn -0.000883 0.999867 -0.016299
vn 0.000000 1.000000 0.000000
vn 0.000000 1.000000 0.000000
vn -0.000883 0.999867 -0.016299
vn 0.000000 1.000000 0.000000
vn 0.000000 1.000000 0.000000
vn 0.000000 1.000000 0.000000
vn 0.000000 1.000000 0.000000
vn -0.001084 0.999799 -0.020018
vn -0.003074 0.998383 -0.056755
vn -0.003074 0.998383 -0.056755
vn -0.001084 0.999799 -0.020018
vn 0.006121 -0.993573 0.113026
vn 0.001423 -0.999654 0.026268
vn 0.001423 -0.999654 0.026268
vn 0.006121 -0.993573 0.113026
vn 0.033484 -0.785268 0.618250
vn 0.033484 -0.785268 0.618250
vn 0.033484 -0.785268 0.618250
vn 0.033484 -0.785268 0.618250
vn -0.029998 -0.832050 -0.553888
vn -0.029998 -0.832050 -0.553888
vn -0.029998 -0.832050 -0.553888
vn -0.029998 -0.832050 -0.553888
vn 0.043841 -0.585489 0.809494
vn 0.043841 -0.585489 0.809494
vn 0.043841 -0.585489 0.809494
vn 0.043841 -0.585489 0.809494
vn 0.052879 -0.209529 0.976372
vn 0.052943 -0.203955 0.977548
vn 0.052943 -0.203955 0.977548
vn 0.052879 -0.209529 0.976372
vn -0.053063 0.193021 -0.979759
vn -0.052709 0.223757 -0.973219
vn -0.052709 0.223757 -0.973219
vn -0.053063 0.193021 -0.979759
vn -0.052709 0.223757 -0.973219
vn -0.043848 0.585322 -0.809615
vn -0.043848 0.585322 -0.809615
vn -0.052709 0.223757 -0.973219
vn 0.046306 -0.516546 0.855006
vn 0.052879 -0.209529 0.976372
vn 0.052879 -0.209529 0.976372
vn 0.046306 -0.516546 0.855006
vn 0.012646 -0.972273 0.233505
vn 0.046306 -0.516546 0.855006
vn 0.046306 -0.516546 0.855006
vn 0.012646 -0.972273 0.233505
vn -0.043848 0.585322 -0.809615
vn -0.008691 0.987003 -0.160466
vn -0.008691 0.987003 -0.160466
vn -0.043848 0.585322 -0.809615
vn 0.000954 -0.999844 0.017619
vn 0.012646 -0.972273 0.233505
vn 0.012646 -0.972273 0.233505
vn 0.000954 -0.999844 0.017619
vn -0.008691 0.987003 -0.160466
vn 0.000396 0.999973 0.007315
vn 0.000396 0.999973 0.007315
vn -0.008691 0.987003 -0.160466
vn -0.000000 -1.000000 -0.000001
vn 0.000954 -0.999844 0.017619
vn 0.000954 -0.999844 0.017619
vn -0.000000 -1.000000 -0.000001
vn 0.000396 0.999973 0.007315
vn 0.001024 0.999821 0.018908
vn 0.001024 0.999821 0.018908
vn 0.000396 0.999973 0.007315
vn 0.001024 0.999821 0.018908
vn 0.002482 0.998947 0.045821
vn 0.002482 0.998947 0.045821
vn 0.001024 0.999821 0.018908
vn -0.000000 -1.000000 -0.000001
vn -0.000000 -1.000000 -0.000001
vn -0.000000 -1.000000 -0.000001
vn -0.000000 -1.000000 -0.000001
vn 0.002482 0.998947 0.045821
vn 0.009998 0.982762 0.184606
vn 0.009998 0.982762 0.184606
vn 0.002482 0.998947 0.045821
vn -0.002595 -0.998848 -0.047908
vn -0.000000 -1.000000 -0.000001
vn -0.000000 -1.000000 -0.000001
vn -0.002595 -0.998848 -0.047908
vn -0.012593 -0.972512 -0.232514
vn -0.002595 -0.998848 -0.047908
vn -0.002595 -0.998848 -0.047908
vn -0.012593 -0.972512 -0.232514
vn 0.009998 0.982762 0.184606
vn 0.037628 0.718240 0.694777
vn 0.037628 0.718240 0.694777
vn 0.009998 0.982762 0.184606
vn -0.015485 -0.958128 -0.285921
vn -0.012593 -0.972512 -0.232514
vn -0.012593 -0.972512 -0.232514
vn -0.015485 -0.958128 -0.285921
vn 0.037628 0.718240 0.694777
vn 0.053955 0.067928 0.996230
vn 0.053955 0.067928 0.996230
vn 0.037628 0.718240 0.694777
vn 0.053955 0.067928 0.996230
vn 0.054050 -0.033365 0.997981
vn 0.054050 -0.033365 0.997981
vn 0.053955 0.067928 0.996230
vn 0.054050 -0.033365 0.997981
vn 0.054000 -0.054409 0.997057
vn 0.054000 -0.054409 0.997057
vn 0.054050 -0.033365 0.997981
vn 0.000000 1.000000 0.000000
vn -0.001084 0.999799 -0.020018
vn -0.001084 0.999799 -0.020018
vn 0.000000 1.000000 0.000000
vn -0.053423 -0.155383 -0.986409
vn -0.051867 0.283149 -0.957672
vn -0.051867 0.283149 -0.957672
vn -0.053423 -0.155383 -0.986409
vn 0.054070 0.019351 0.998350
vn 0.054070 0.019351 0.998350
vn 0.054070 0.019351 0.998350
vn 0.054070 0.019351 0.998350
vn -0.039389 -0.685201 -0.727288
vn -0.053423 -0.155383 -0.986409
vn -0.053423 -0.155383 -0.986409
vn -0.039389 -0.685201 -0.727288
vn 0.054070 0.019351 0.998350
vn 0.054070 0.019351 0.998350
vn 0.054070 0.019351 0.998350
vn 0.054070 0.019351 0.998350
vn -0.035833 -0.748972 -0.661632
vn -0.039389 -0.685201 -0.727288
vn -0.039389 -0.685201 -0.727288
vn -0.035833 -0.748972 -0.661632
vn -0.050593 -0.353243 -0.934163
vn -0.050593 -0.353240 -0.934164
vn -0.050593 -0.353240 -0.934164
vn -0.050593 -0.353243 -0.934163
vn -0.004716 -0.996190 -0.087077
vn -0.006303 -0.993184 -0.116383
vn -0.006303 -0.993184 -0.116383
vn -0.004716 -0.996190 -0.087077
vn -0.006303 -0.993184 -0.116383
vn -0.009201 -0.985420 -0.169892
vn -0.009201 -0.985420 -0.169892
vn -0.006303 -0.993184 -0.116383
vn -0.051867 0.283149 -0.957672
vn -0.042696 0.613761 -0.788337
vn -0.042696 0.613761 -0.788337
vn -0.051867 0.283149 -0.957672
vn 0.033147 -0.790133 0.612039
vn 0.024752 -0.889106 0.457032
vn 0.024752 -0.889106 0.457032
vn 0.033147 -0.790133 0.612039
vn -0.042696 0.613761 -0.788337
vn -0.040441 0.663930 -0.746700
vn -0.040441 0.663930 -0.746700
vn -0.042696 0.613761 -0.788337
vn 0.047073 -0.492292 0.869157
vn 0.033147 -0.790133 0.612039
vn 0.033147 -0.790133 0.612039
vn 0.047073 -0.492292 0.869157
vn -0.040441 0.663930 -0.746700
vn -0.041010 0.651886 -0.757208
vn -0.041010 0.651886 -0.757208
vn -0.040441 0.663930 -0.746700
vn -0.041010 0.651886 -0.757208
vn -0.043166 0.602407 -0.797021
vn -0.043166 0.602407 -0.797021
vn -0.041010 0.651886 -0.757208
vn 0.050624 -0.351717 0.934737
vn 0.047073 -0.492292 0.869157
vn 0.047073 -0.492292 0.869157
vn 0.050624 -0.351717 0.934737
vn -0.043166 0.602407 -0.797021
vn -0.045093 0.552044 -0.832595
vn -0.045093 0.552044 -0.832595
vn -0.043166 0.602407 -0.797021
vn 0.050758 -0.345066 0.937205
vn 0.050624 -0.351717 0.934737
vn 0.050624 -0.351717 0.934737
vn 0.050758 -0.345066 0.937205
vn 0.050529 -0.356356 0.932983
vn 0.050758 -0.345066 0.937205
vn 0.050758 -0.345066 0.937205
vn 0.050529 -0.356356 0.932983
vn -0.045093 0.552044 -0.832595
vn -0.049500 0.402739 -0.913976
vn -0.049500 0.402739 -0.913976
vn -0.045093 0.552044 -0.832595
vn -0.049500 0.402739 -0.913976
vn -0.051305 0.316228 -0.947295
vn -0.051305 0.316228 -0.947295
vn -0.049500 0.402739 -0.913976
vn 0.049686 -0.394836 0.917407
vn 0.050529 -0.356356 0.932983
vn 0.050529 -0.356356 0.932983
vn 0.049686 -0.394836 0.917407
vn 0.036899 -0.731059 0.681316
vn 0.049686 -0.394836 0.917407
vn 0.049686 -0.394836 0.917407
vn 0.036899 -0.731059 0.681316
vn -0.051305 0.316228 -0.947295
vn -0.053481 0.148341 -0.987489
vn -0.053481 0.148341 -0.987489
vn -0.051305 0.316228 -0.947295
vn -0.050593 -0.353245 -0.934162
vn -0.050593 -0.353243 -0.934163
vn -0.050593 -0.353243 -0.934163
vn -0.050593 -0.353245 -0.934162
vn -0.053316 -0.167417 -0.984443
vn -0.051799 -0.287358 -0.956422
vn -0.051799 -0.287358 -0.956422
vn -0.053316 -0.167417 -0.984443
vn -0.053481 0.148341 -0.987489
vn -0.053316 -0.167417 -0.984443
vn -0.053316 -0.167417 -0.984443
vn -0.053481 0.148341 -0.987489
vn 0.024186 0.894422 0.446569
vn 0.024186 0.894422 0.446569
vn 0.024186 0.894422 0.446569
vn 0.024186 0.894422 0.446569
vn 0.040809 -0.656182 0.753498
vn 0.040809 -0.656182 0.753498
vn 0.040809 -0.656182 0.753498
vn 0.040809 -0.656182 0.753498
vn -0.018546 -0.939358 -0.342437
vn -0.017534 -0.945979 -0.323752
vn -0.017534 -0.945979 -0.323752
vn -0.018546 -0.939358 -0.342437
vn -0.017534 -0.945979 -0.323752
vn 0.003175 -0.998275 0.058630
vn 0.003175 -0.998275 0.058630
vn -0.017534 -0.945979 -0.323752
vn -0.019916 -0.929721 -0.367727
vn -0.018546 -0.939358 -0.342437
vn -0.018546 -0.939358 -0.342437
vn -0.019916 -0.929721 -0.367727
vn -0.022484 -0.909474 -0.415153
vn -0.019916 -0.929721 -0.367727
vn -0.019916 -0.929721 -0.367727
vn -0.022484 -0.909474 -0.415153
vn -0.031845 0.808237 -0.587996
vn -0.031845 0.808237 -0.587996
vn -0.031845 0.808237 -0.587996
vn -0.031845 0.808237 -0.587996
vn -0.003074 0.998383 -0.056755
vn -0.005097 0.995549 -0.094108
vn -0.005097 0.995549 -0.094108
vn -0.003074 0.998383 -0.056755
vn -0.002052 0.999279 -0.037897
vn -0.002052 0.999279 -0.037897
vn -0.002052 0.999279 -0.037897
vn -0.002052 0.999279 -0.037897
vn -0.005118 -0.995512 -0.094502
vn -0.004716 -0.996190 -0.087077
vn -0.004716 -0.996190 -0.087077
vn -0.005118 -0.995512 -0.094502
vn -0.006919 -0.991782 -0.127750
vn -0.005118 -0.995512 -0.094502
vn -0.005118 -0.995512 -0.094502
vn -0.006919 -0.991782 -0.127750
vn -0.019102 0.935539 -0.352706
vn -0.019102 0.935539 -0.352706
vn -0.019102 0.935539 -0.352706
vn -0.019102 0.935539 -0.352706
vn -0.001575 0.999576 -0.029077
vn -0.000281 0.999986 -0.005195
vn -0.000281 0.999986 -0.005195
vn -0.001575 0.999576 -0.029077
vn -0.000862 -0.999873 -0.015921
vn -0.006919 -0.991782 -0.127750
vn -0.006919 -0.991782 -0.127750
vn -0.000862 -0.999873 -0.015921
vn -0.000281 0.999986 -0.005195
vn 0.000000 1.000000 0.000000
vn 0.000000 1.000000 0.000000
vn -0.000281 0.999986 -0.005195
vn 0.000164 -0.999995 0.003035
vn -0.000862 -0.999873 -0.015921
vn -0.000862 -0.999873 -0.015921
vn 0.000164 -0.999995 0.003035
vn 0.000000 1.000000 0.000000
vn 0.000000 1.000000 0.000000
vn 0.000000 1.000000 0.000000
vn 0.000000 1.000000 0.000000
vn 0.000157 -0.999996 0.002902
vn 0.000164 -0.999995 0.003035
vn 0.000164 -0.999995 0.003035
vn 0.000157 -0.999996 0.002902
vn 0.000000 1.000000 0.000000
vn 0.000000 1.000000 0.000000
vn 0.000000 1.000000 0.000000
vn 0.000000 1.000000 0.000000
vn -0.000000 -1.000000 -0.000001
vn 0.000157 -0.999996 0.002902
vn 0.000157 -0.999996 0.002902
vn -0.000000 -1.000000 -0.000001
vn 0.035787 -0.749732 0.660773
vn 0.037926 -0.712875 0.700265
vn 0.037926 -0.712875 0.700265
vn 0.035787 -0.749732 0.660773
vn 0.000000 1.000000 0.000000
vn 0.000000 1.000000 0.000000
vn 0.000000 1.000000 0.000000
vn 0.000000 1.000000 0.000000
vn 0.035723 -0.750767 0.659600
vn 0.035787 -0.749732 0.660773
vn 0.035787 -0.749732 0.660773
vn 0.035723 -0.750767 0.659600
vn 0.038942 -0.693883 0.719034
vn 0.035723 -0.750767 0.659600
vn 0.035723 -0.750767 0.659600
vn 0.038942 -0.693883 0.719034
vn 0.041276 -0.646118 0.762121
vn 0.038942 -0.693883 0.719034
vn 0.038942 -0.693883 0.719034
vn 0.041276 -0.646118 0.762121
vn 0.001201 -0.999753 0.022184
vn 0.003714 -0.997640 0.068567
vn 0.003714 -0.997640 0.068567
vn 0.001201 -0.999753 0.022184
vn 0.044529 -0.567459 0.822197
vn 0.041276 -0.646118 0.762121
vn 0.041276 -0.646118 0.762121
vn 0.044529 -0.567459 0.822197
vn -0.001877 -0.999398 -0.034657
vn 0.001201 -0.999753 0.022184
vn 0.001201 -0.999753 0.022184
vn -0.001877 -0.999398 -0.034657
vn -0.054068 0.020926 -0.998318
vn -0.053185 -0.181189 -0.982009
vn -0.053185 -0.181189 -0.982009
vn -0.054068 0.020926 -0.998318
vn -0.003909 -0.997385 -0.072168
vn -0.001877 -0.999398 -0.034657
vn -0.001877 -0.999398 -0.034657
vn -0.003909 -0.997385 -0.072168
vn -0.054060 -0.027244 -0.998166
vn -0.054068 0.020926 -0.998318
vn -0.054068 0.020926 -0.998318
vn -0.054060 -0.027244 -0.998166
vn 0.000000 1.000000 0.000000
vn -0.002044 0.999286 -0.037732
vn -0.002044 0.999286 -0.037732
vn 0.000000 1.000000 0.000000
vn -0.002044 0.999286 -0.037732
vn -0.003305 0.998131 -0.061020
vn -0.003305 0.998131 -0.061020
vn -0.002044 0.999286 -0.037732
vn -0.053890 -0.083621 -0.995039
vn -0.054060 -0.027244 -0.998166
vn -0.054060 -0.027244 -0.998166
vn -0.053890 -0.083621 -0.995039
vn -0.038240 0.707106 -0.706073
vn -0.038240 0.707106 -0.706073
vn -0.038240 0.707106 -0.706073
vn -0.038240 0.707106 -0.706073
vn -0.053128 -0.186817 -0.980957
vn -0.054078 -0.007962 -0.998505
vn -0.054078 -0.007962 -0.998505
vn -0.053128 -0.186817 -0.980957
vn 0.052944 -0.203893 0.977561
vn 0.053482 -0.148299 0.987495
vn 0.053482 -0.148299 0.987495
vn 0.052944 -0.203893 0.977561
vn 0.052316 -0.253303 0.965971
vn 0.052944 -0.203893 0.977561
vn 0.052944 -0.203893 0.977561
vn 0.052316 -0.253303 0.965971
vn -0.054078 -0.007962 -0.998505
vn -0.052368 0.249587 -0.966935
vn -0.052368 0.249587 -0.966935
vn -0.054078 -0.007962 -0.998505
vn 0.051996 -0.274921 0.960060
vn 0.052316 -0.253303 0.965971
vn 0.052316 -0.253303 0.965971
vn 0.051996 -0.274921 0.960060
vn -0.052368 0.249587 -0.966935
vn -0.051417 0.309892 -0.949380
vn -0.051417 0.309892 -0.949380
vn -0.052368 0.249587 -0.966935
vn 0.051642 -0.296832 0.953532
vn 0.051996 -0.274921 0.960060
vn 0.051996 -0.274921 0.960060
vn 0.051642 -0.296832 0.953532
vn -0.022289 -0.911116 -0.411548
vn -0.021682 -0.916109 -0.400342
vn -0.021682 -0.916109 -0.400342
vn -0.022289 -0.911116 -0.411548
vn -0.025325 -0.883577 -0.467601
vn -0.022289 -0.911116 -0.411548
vn -0.022289 -0.911116 -0.411548
vn -0.025325 -0.883577 -0.467601
vn -0.051605 0.299074 -0.952834
vn -0.053968 0.064257 -0.996473
vn -0.053968 0.064257 -0.996473
vn -0.051605 0.299074 -0.952834
vn -0.050412 0.362014 -0.930809
vn -0.051605 0.299074 -0.952834
vn -0.051605 0.299074 -0.952834
vn -0.050412 0.362014 -0.930809
vn -0.051269 0.318192 -0.946639
vn -0.050412 0.362014 -0.930809
vn -0.050412 0.362014 -0.930809
vn -0.051269 0.318192 -0.946639
vn -0.051417 0.309892 -0.949380
vn -0.051269 0.318192 -0.946639
vn -0.051269 0.318192 -0.946639
vn -0.051417 0.309892 -0.949380
vn 0.047032 -0.493607 0.868412
vn 0.047032 -0.493607 0.868412
vn 0.047032 -0.493607 0.868412
vn 0.047032 -0.493607 0.868412
vn 0.000942 -0.999848 0.017397
vn 0.000942 -0.999848 0.017397
vn 0.000942 -0.999848 0.017397
vn 0.000942 -0.999848 0.017397
vn 0.048194 0.453689 0.889856
vn 0.048194 0.453689 0.889856
vn 0.048194 0.453689 0.889856
vn 0.048194 0.453689 0.889856
vn 0.053983 0.059777 0.996751
vn 0.053983 0.059777 0.996751
vn 0.053983 0.059777 0.996751
vn 0.053983 0.059777 0.996751
vn 0.051999 -0.274721 0.960117
vn 0.051999 -0.274721 0.960117
vn 0.051999 -0.274721 0.960117
vn 0.051999 -0.274721 0.960117
vn 0.008561 -0.987391 0.158072
vn 0.008561 -0.987391 0.158072
vn 0.008561 -0.987391 0.158072
vn 0.008561 -0.987391 0.158072
vn -0.998537 0.000000 0.054080
vn -0.998537 0.000000 0.054080
vn -0.998537 0.000000 0.054080
vn -0.998537 0.000000 0.054080
vn -0.998537 0.000000 0.054080
vn -0.998537 0.000000 0.054080
vn -0.998537 0.000000 0.054080
vn -0.998537 0.000000 0.054080
vn -0.998537 0.000000 0.054080
vn -0.998537 0.000000 0.054080
vn -0.998537 0.000000 0.054080
vn -0.998537 0.000000 0.054080
vn -0.998537 0.000000 0.054080
vn -0.998537 0.000000 0.054080
vn -0.998537 0.000000 0.054080
vn -0.998537 0.000000 0.054080
vn -0.998537 0.000000 0.054080
vn -0.998537 0.000000 0.054080
vn -0.998537 0.000000 0.054080
vn -0.998537 0.000000 0.054080
vn -0.998537 0.000000 0.054080
vn -0.998537 0.000000 0.054080
vn -0.998537 0.000000 0.054080
vn -0.998537 0.000000 0.054080
vn -0.998537 0.000000 0.054080
vn -0.998537 0.000000 0.054080
vn -0.998537 0.000000 0.054080
vn -0.998537 0.000000 0.054080
vn -0.998537 0.000000 0.054080
vn -0.998537 0.000000 0.054080
vn -0.998537 0.000000 0.054080
vn -0.998537 0.000000 0.054080
vn -0.998537 0.000000 0.054080
vn -0.998537 0.000000 0.054080
vn -0.998537 0.000000 0.054080
vn -0.998537 0.000000 0.054080
vn -0.998537 0.000000 0.054080
vn -0.998537 0.000000 0.054080
vn -0.998537 0.000000 0.054080
vn -0.998537 0.000000 0.054080
vn -0.998537 0.000000 0.054080
vn -0.998537 0.000000 0.054080
vn -0.998537 0.000000 0.054080
vn -0.998537 0.000000 0.054080
vn -0.998537 0.000000 0.054080
vn -0.998537 0.000000 0.054080
vn -0.998537 0.000000 0.054080
vn -0.998537 0.000000 0.054080
vn -0.998537 0.000000 0.054080
vn -0.998537 0.000000 0.054080
vn -0.998537 0.000000 0.054080
vn -0.998537 0.000000 0.054080
vn -0.998537 0.000000 0.054080
vn -0.998537 0.000000 0.054080
vn -0.998537 0.000000 0.054080
vn -0.998537 0.000000 0.054080
vn -0.998537 0.000000 0.054080
vn -0.998537 0.000000 0.054080
vn -0.998537 0.000000 0.054080
vn -0.998537 0.000000 0.054080
vn -0.998537 0.000000 0.054080
vn -0.998537 0.000000 0.054080
vn -0.998537 0.000000 0.054080
vn -0.998537 0.000000 0.054080
vn -0.998537 0.000000 0.054080
vn -0.998537 0.000000 0.054080
vn -0.998537 0.000000 0.054080
vn -0.998537 0.000000 0.054080
vn -0.998537 0.000000 0.054080
vn -0.998537 0.000000 0.054080
vn -0.998537 0.000000 0.054080
vn -0.998537 0.000000 0.054080
vn -0.998537 0.000000 0.054080
vn -0.998537 0.000000 0.054080
vn -0.998537 0.000000 0.054080
vn -0.998537 0.000000 0.054080
vn -0.998537 0.000000 0.054080
vn -0.998537 0.000000 0.054080
vn -0.998537 0.000000 0.054080
vn -0.998537 0.000000 0.054080
vn -0.998537 0.000000 0.054080
vn -0.998537 0.000000 0.054080
vn -0.998537 0.000000 0.054080
vn -0.998537 0.000000 0.054080
vn -0.998537 0.000000 0.054080
vn -0.998537 0.000000 0.054080
vn -0.998537 0.000000 0.054080
vn -0.998537 0.000000 0.054080
vn -0.998537 0.000000 0.054080
vn -0.998537 0.000000 0.054080
vn -0.998537 0.000000 0.054080
vn -0.998537 0.000000 0.054080
vn -0.998537 0.000000 0.054080
vn -0.998537 0.000000 0.054080
vn -0.998537 0.000000 0.054080
vn -0.998537 0.000000 0.054080
vn -0.998537 0.000000 0.054080
vn -0.998537 0.000000 0.054080
vn -0.998537 0.000000 0.054080
vn -0.998537 0.000000 0.054080
vn -0.998537 0.000000 0.054080
vn -0.998537 0.000000 0.054080
vn -0.998537 0.000000 0.054080
vn -0.998537 0.000000 0.054080
vn -0.998537 0.000000 0.054080
vn -0.998537 0.000000 0.054080
vn -0.998537 0.000000 0.054080
vn -0.998537 0.000000 0.054080
vn -0.998537 0.000000 0.054080
vn -0.998537 0.000000 0.054080
vn -0.998537 0.000000 0.054080
vn -0.998537 0.000000 0.054080
vn -0.998537 0.000000 0.054080
vn -0.998537 0.000000 0.054080
vn -0.998537 0.000000 0.054080
vn -0.998537 0.000000 0.054080
vn -0.998537 0.000000 0.054080
vn -0.998537 0.000000 0.054080
vn -0.998537 0.000000 0.054080
vn -0.998537 0.000000 0.054080
vn -0.998537 0.000000 0.054080
vn -0.998537 0.000000 0.054080
vn -0.998537 0.000000 0.054080
vn -0.998537 0.000000 0.054080
vn -0.998537 0.000000 0.054080
vn -0.998537 0.000000 0.054080
vn -0.998537 0.000000 0.054080
vn -0.998537 0.000000 0.054080
vn -0.998537 0.000000 0.054080
vn -0.998537 0.000000 0.054080
vn -0.998537 0.000000 0.054080
vn -0.998537 0.000000 0.054080
vn -0.998537 0.000000 0.054080
vn -0.998537 0.000000 0.054080
vn -0.998537 0.000000 0.054080
vn -0.998537 0.000000 0.054080
vn -0.998537 0.000000 0.054080
vn -0.998537 0.000000 0.054080
vn -0.998537 0.000000 0.054080
vn -0.998537 0.000000 0.054080
vn -0.998537 0.000000 0.054080
vn -0.998537 0.000000 0.054080
vn -0.998537 0.000000 0.054080
vn -0.998537 0.000000 0.054080
vn -0.998537 0.000000 0.054080
vn -0.998537 0.000000 0.054080
vn -0.998537 0.000000 0.054080
vn -0.998537 0.000000 0.054080
vn -0.998537 0.000000 0.054080
vn -0.998537 0.000000 0.054080
vn -0.998537 0.000000 0.054080
vn -0.998537 0.000000 0.054080
vn -0.998537 0.000000 0.054080
vn -0.998537 0.000000 0.054080
vn -0.998537 0.000000 0.054080
vn -0.998537 0.000000 0.054080
vn -0.998537 0.000000 0.054080
vn -0.998537 0.000000 0.054080
vn -0.998537 0.000000 0.054080
vn -0.998537 0.000000 0.054080
vn -0.998537 0.000000 0.054080
vn -0.998537 0.000000 0.054080
vn -0.998537 0.000000 0.054080
vn -0.998537 0.000000 0.054080
vn -0.998537 0.000000 0.054080
vn -0.998537 0.000000 0.054080
vn -0.998537 0.000000 0.054080
vn -0.998537 0.000000 0.054080
vn -0.998537 0.000000 0.054080
vn -0.998537 0.000000 0.054080
vn -0.998537 0.000000 0.054080
vn -0.998537 0.000000 0.054080
vn -0.998537 0.000000 0.054080
vn -0.998537 0.000000 0.054080
vn -0.998537 0.000000 0.054080
vn -0.998537 0.000000 0.054080
vn -0.998537 0.000000 0.054080
vn -0.998537 0.000000 0.054080
vn -0.998537 0.000000 0.054080
vn -0.998537 0.000000 0.054080
vn -0.998537 0.000000 0.054080
vn -0.998537 0.000000 0.054080
vn -0.998537 0.000000 0.054080
vn -0.998537 0.000000 0.054080
vn -0.998537 0.000000 0.054080
vn -0.998537 0.000000 0.054080
vn -0.998537 0.000000 0.054080
vn -0.998537 0.000000 0.054080
vn -0.998537 0.000000 0.054080
vn -0.998537 0.000000 0.054080
vn -0.998537 0.000000 0.054080
vn -0.998537 0.000000 0.054080
vn -0.998537 0.000000 0.054080
vn -0.998537 0.000000 0.054080
vn -0.998537 0.000000 0.054080
vn -0.998537 0.000000 0.054080
vn -0.998537 0.000000 0.054080
vn -0.998537 0.000000 0.054080
vn -0.998537 0.000000 0.054080
vn -0.998537 0.000000 0.054080
vn -0.998537 0.000000 0.054080
vn -0.998537 0.000000 0.054080
vn -0.998537 0.000000 0.054080
vn -0.998537 0.000000 0.054080
vn -0.998537 0.000000 0.054080
vn -0.998537 0.000000 0.054080
vn -0.998537 0.000000 0.054080
vn -0.998537 0.000000 0.054080
vn -0.998537 0.000000 0.054080
vn -0.998537 0.000000 0.054080
vn -0.998537 0.000000 0.054080
vn -0.998537 0.000000 0.054080
vn -0.998537 0.000000 0.054080
vn -0.998537 0.000000 0.054080
vn -0.998537 0.000000 0.054080
vn -0.998537 0.000000 0.054080
vn -0.998537 0.000000 0.054080
vn -0.998537 0.000000 0.054080
vn -0.998537 0.000000 0.054080
vn -0.998537 0.000000 0.054080
vn -0.998537 0.000000 0.054080
vn -0.998537 0.000000 0.054080
vn -0.998537 0.000000 0.054080
vn -0.998537 0.000000 0.054080
vn -0.998537 0.000000 0.054080
vn -0.998537 0.000000 0.054080
vn -0.998537 0.000000 0.054080
vn -0.998537 0.000000 0.054080
vn -0.998537 0.000000 0.054080
vn -0.998537 0.000000 0.054080
vn -0.998537 0.000000 0.054080
vn -0.998537 0.000000 0.054080
vn -0.998537 0.000000 0.054080
vn -0.998537 0.000000 0.054080
vn -0.998537 0.000000 0.054080
vn -0.998537 0.000000 0.054080
vn -0.998537 0.000000 0.054080
vn -0.998537 0.000000 0.054080
vn -0.998537 0.000000 0.054080
vn -0.998537 0.000000 0.054080
vn -0.998537 0.000000 0.054080
vn -0.998537 0.000000 0.054080
vn -0.998537 0.000000 0.054080
vn -0.998537 0.000000 0.054080
vn -0.998537 0.000000 0.054080
vn -0.998537 0.000000 0.054080
vn -0.998537 0.000000 0.054080
vn -0.998537 0.000000 0.054080
vn -0.998537 0.000000 0.054080
vn -0.998537 0.000000 0.054080
vn -0.998537 0.000000 0.054080
vn -0.998537 0.000000 0.054080
vn -0.998537 0.000000 0.054080
vn -0.998537 0.000000 0.054080
vn -0.998537 0.000000 0.054080
vn -0.998537 0.000000 0.054080
vn -0.998537 0.000000 0.054080
vn -0.998537 0.000000 0.054080
vn -0.998537 0.000000 0.054080
vn -0.998537 0.000000 0.054080
vn -0.998537 0.000000 0.054080
vn -0.998537 0.000000 0.054080
vn -0.998537 0.000000 0.054080
vn -0.998537 0.000000 0.054080
vn -0.998537 0.000000 0.054080
vn -0.998537 0.000000 0.054080
vn -0.998537 0.000000 0.054080
vn -0.998537 0.000000 0.054080
vn -0.998537 0.000000 0.054080
vn -0.998537 0.000000 0.054080
vn -0.998537 0.000000 0.054080
vn -0.998537 0.000000 0.054080
vn -0.998537 0.000000 0.054080
vn -0.998537 0.000000 0.054080
vn -0.998537 0.000000 0.054080
vn -0.998537 0.000000 0.054080
vn -0.998537 0.000000 0.054080
vn -0.998537 0.000000 0.054080
vn -0.998537 0.000000 0.054080
vn -0.998537 0.000000 0.054080
vn -0.998537 0.000000 0.054080
vn -0.998537 0.000000 0.054080
vn -0.998537 0.000000 0.054080
vn -0.998537 0.000000 0.054080
vn -0.998537 0.000000 0.054080
vn -0.998537 0.000000 0.054080
vn -0.998537 0.000000 0.054080
vn -0.998537 0.000000 0.054080
vn -0.998537 0.000000 0.054080
vn -0.998537 0.000000 0.054080
vn -0.998537 0.000000 0.054080
vn -0.998537 0.000000 0.054080
vn -0.998537 0.000000 0.054080
vn -0.998537 0.000000 0.054080
vn -0.998537 0.000000 0.054080
vn -0.998537 0.000000 0.054080
vn -0.998537 0.000000 0.054080
vn -0.998537 0.000000 0.054080
vn -0.998537 0.000000 0.054080
vn -0.998537 0.000000 0.054080
vn -0.998537 0.000000 0.054080
vn -0.998537 0.000000 0.054080
vn -0.998537 0.000000 0.054080
vn -0.998537 0.000000 0.054080
vn -0.998537 0.000000 0.054080
vn -0.998537 0.000000 0.054080
vn -0.998537 0.000000 0.054080
vn -0.998537 0.000000 0.054080
vn -0.998537 0.000000 0.054080
vn -0.998537 0.000000 0.054080
vn -0.998537 0.000000 0.054080
vn -0.998537 0.000000 0.054080
vn -0.998537 0.000000 0.054080
vn -0.998537 0.000000 0.054080
vn -0.998537 0.000000 0.054080
vn -0.998537 0.000000 0.054080
vn -0.998537 0.000000 0.054080
vn -0.998537 0.000000 0.054080
vn -0.998537 0.000000 0.054080
vn -0.998537 0.000000 0.054080
vn -0.998537 0.000000 0.054080
vn -0.998537 0.000000 0.054080
vn -0.998537 0.000000 0.054080
vn -0.998537 0.000000 0.054080
vn -0.998537 0.000000 0.054080
vn -0.998537 0.000000 0.054080
vn -0.998537 0.000000 0.054080
vn -0.998537 0.000000 0.054080
vn -0.998537 0.000000 0.054080
vn -0.998537 0.000000 0.054080
vn -0.998537 0.000000 0.054080
vn -0.998537 0.000000 0.054080
vn -0.998537 0.000000 0.054080
vn -0.998537 0.000000 0.054080
vn -0.998537 0.000000 0.054080
vn -0.998537 0.000000 0.054080
vn -0.998537 0.000000 0.054080
vn -0.998537 0.000000 0.054080
vn -0.998537 0.000000 0.054080
vn -0.998537 0.000000 0.054080
vn -0.998537 0.000000 0.054080
vn -0.998537 0.000000 0.054080
vn -0.998537 0.000000 0.054080
vn -0.998537 0.000000 0.054080
vn -0.998537 0.000000 0.054080
vn -0.998537 0.000000 0.054080
vn -0.998537 0.000000 0.054080
vn -0.998537 0.000000 0.054080
vn -0.998537 0.000000 0.054080
vn -0.998537 0.000000 0.054080
vn -0.998537 0.000000 0.054080
vn -0.998537 0.000000 0.054080
vn -0.998537 0.000000 0.054080
vn -0.998537 0.000000 0.054080
vn -0.998537 0.000000 0.054080
vn -0.998537 0.000000 0.054080
vn -0.998537 0.000000 0.054080
vn -0.998537 0.000000 0.054080
vn -0.998537 0.000000 0.054080
vn -0.998537 0.000000 0.054080
vn -0.998537 0.000000 0.054080
vn -0.998537 0.000000 0.054080
vn -0.998537 0.000000 0.054080
vn -0.998537 0.000000 0.054080
vn -0.998537 0.000000 0.054080
vn -0.998537 0.000000 0.054080
vn -0.998537 0.000000 0.054080
vn -0.998537 0.000000 0.054080
vn -0.998537 0.000000 0.054080
vn -0.998537 0.000000 0.054080
vn -0.998537 0.000000 0.054080
vn -0.998537 0.000000 0.054080
vn -0.998537 0.000000 0.054080
vn -0.998537 0.000000 0.054080
vn -0.998537 0.000000 0.054080
vn -0.998537 0.000000 0.054080
vn -0.998537 0.000000 0.054080
vn -0.998537 0.000000 0.054080
vn -0.998537 0.000000 0.054080
vn -0.998537 0.000000 0.054080
vn -0.998537 0.000000 0.054080
vn -0.998537 0.000000 0.054080
vn -0.998537 0.000000 0.054080
vn -0.998537 0.000000 0.054080
vn -0.998537 0.000000 0.054080
vn -0.998537 0.000000 0.054080
vn -0.998537 0.000000 0.054080
vn -0.998537 0.000000 0.054080
vn -0.998537 0.000000 0.054080
vn -0.998537 0.000000 0.054080
vn -0.998537 0.000000 0.054080
vn -0.998537 0.000000 0.054080
vn -0.998537 0.000000 0.054080
vn -0.998537 0.000000 0.054080
vn -0.998537 0.000000 0.054080
vn -0.998537 0.000000 0.054080
vn -0.998537 0.000000 0.054080
vn -0.998537 0.000000 0.054080
vn -0.998537 0.000000 0.054080
vn -0.998537 0.000000 0.054080
vn -0.998537 0.000000 0.054080
vn -0.998537 0.000000 0.054080
vn -0.998537 0.000000 0.054080
vn -0.998537 0.000000 0.054080
vn -0.998537 0.000000 0.054080
vn -0.998537 0.000000 0.054080
vn -0.998537 0.000000 0.054080
vn -0.998537 0.000000 0.054080
vn -0.998537 0.000000 0.054080
vn -0.998537 0.000000 0.054080
vn -0.998537 0.000000 0.054080
vn -0.998537 0.000000 0.054080
vn -0.998537 0.000000 0.054080
vn -0.998537 0.000000 0.054080
vn -0.998537 0.000000 0.054080
vn -0.998537 0.000000 0.054080
vn -0.998537 0.000000 0.054080
vn -0.998537 0.000000 0.054080
vn -0.998537 0.000000 0.054080
vn -0.998537 0.000000 0.054080
vn -0.998537 0.000000 0.054080
vn -0.998537 0.000000 0.054080
vn -0.998537 0.000000 0.054080
vn -0.998537 0.000000 0.054080
vn -0.998537 0.000000 0.054080
vn -0.998537 0.000000 0.054080
vn -0.998537 0.000000 0.054080
vn -0.998537 0.000000 0.054080
vn -0.998537 0.000000 0.054080
vn -0.998537 0.000000 0.054080
vn -0.998537 0.000000 0.054080
vn -0.998537 0.000000 0.054080
vn -0.998537 0.000000 0.054080
vn -0.998537 0.000000 0.054080
vn -0.998537 0.000000 0.054080
vn -0.998537 0.000000 0.054080
vn -0.998537 0.000000 0.054080
vn -0.998537 0.000000 0.054080
vn -0.998537 0.000000 0.054080
vn -0.998537 0.000000 0.054080
vn -0.998537 0.000000 0.054080
vn -0.998537 0.000000 0.054080
vn -0.998537 0.000000 0.054080
vn -0.998537 0.000000 0.054080
vn -0.998537 0.000000 0.054080
vn -0.998537 0.000000 0.054080
vn -0.998537 0.000000 0.054080
vn -0.998537 0.000000 0.054080
vn -0.998537 0.000000 0.054080
vn -0.998537 0.000000 0.054080
vn -0.998537 0.000000 0.054080
vn -0.998537 0.000000 0.054080
vn -0.998537 0.000000 0.054080
vn -0.998537 0.000000 0.054080
vn -0.998537 0.000000 0.054080
vn -0.998537 0.000000 0.054080
vn -0.998537 0.000000 0.054080
vn -0.998537 0.000000 0.054080
vn -0.998537 0.000000 0.054080
vn -0.998537 0.000000 0.054080
vn -0.998537 0.000000 0.054080
vn -0.998537 0.000000 0.054080
vn -0.998537 0.000000 0.054080
vn -0.998537 0.000000 0.054080
vn -0.998537 0.000000 0.054080
vn -0.998537 0.000000 0.054080
vn -0.998537 0.000000 0.054080
vn -0.998537 0.000000 0.054080
vn -0.998537 0.000000 0.054080
vn -0.998537 0.000000 0.054080
vn -0.998537 0.000000 0.054080
vn -0.998537 0.000000 0.054080
vn -0.998537 0.000000 0.054080
vn -0.998537 0.000000 0.054080
vn -0.998537 0.000000 0.054080
vn -0.998537 0.000000 0.054080
vn -0.998537 0.000000 0.054080
vn -0.998537 0.000000 0.054080
vn -0.998537 0.000000 0.054080
vn -0.998537 0.000000 0.054080
vn -0.998537 0.000000 0.054080
vn -0.998537 0.000000 0.054080
vn -0.998537 0.000000 0.054080
vn -0.998537 0.000000 0.054080
vn -0.998537 0.000000 0.054080
vn -0.998537 0.000000 0.054080
vn -0.998537 0.000000 0.054080
vn -0.998537 0.000000 0.054080
vn -0.998537 0.000000 0.054080
vn -0.998537 0.000000 0.054080
vn -0.998537 0.000000 0.054080
vn -0.998537 0.000000 0.054080
vn -0.998537 0.000000 0.054080
vn -0.998537 0.000000 0.054080
vn -0.998537 0.000000 0.054080
vn -0.998537 0.000000 0.054080
vn -0.998537 0.000000 0.054080
vn -0.998537 0.000000 0.054080
vn -0.998537 0.000000 0.054080
vn -0.998537 0.000000 0.054080
vn -0.998537 0.000000 0.054080
vn -0.998537 0.000000 0.054080
vn -0.998537 0.000000 0.054080
vn -0.998537 0.000000 0.054080
vn -0.998537 0.000000 0.054080
vn -0.998537 0.000000 0.054080
vn -0.998537 0.000000 0.054080
vn -0.998537 0.000000 0.054080
vn -0.998537 0.000000 0.054080
vn -0.998537 0.000000 0.054080
vn -0.998537 0.000000 0.054080
vn -0.998537 0.000000 0.054080
vn -0.998537 0.000000 0.054080
vn -0.998537 0.000000 0.054080
vn -0.998537 0.000000 0.054080
vn -0.998537 0.000000 0.054080
vn -0.998537 0.000000 0.054080
vn -0.998537 0.000000 0.054080
vn -0.998537 0.000000 0.054080
vn -0.998537 0.000000 0.054080
vn -0.998537 0.000000 0.054080
vn -0.998537 0.000000 0.054080
vn -0.998537 0.000000 0.054080
vn -0.998537 0.000000 0.054080
vn -0.998537 0.000000 0.054080
vn -0.998537 0.000000 0.054079
vn -0.998537 0.000000 0.054079
vn -0.998537 0.000000 0.054079
vn -0.998537 0.000000 0.054079
vn -0.998537 0.000000 0.054080
vn -0.998537 0.000000 0.054080
vn -0.998537 0.000000 0.054080
vn -0.998537 0.000000 0.054080
vn -0.000685 0.999920 -0.012654
vn -0.000685 0.999920 -0.012654
vn -0.001704 0.999504 -0.031459
vn -0.001704 0.999504 -0.031459
vn 0.054068 -0.021182 0.998313
vn 0.054068 -0.021182 0.998313
vn 0.054066 -0.022722 0.998279
vn 0.054066 -0.022722 0.998279
vn -0.004148 0.997055 -0.076581
vn -0.004148 0.997055 -0.076581
vn -0.004148 0.997055 -0.076581
vn -0.004148 0.997055 -0.076581
vn 0.034272 0.773547 0.632811
vn 0.034272 0.773547 0.632811
vn 0.034272 0.773547 0.632811
vn 0.034272 0.773547 0.632811
vn 0.054070 -0.019226 0.998352
vn 0.054070 -0.019226 0.998352
vn 0.054068 -0.021182 0.998313
vn 0.054068 -0.021182 0.998313
vn 0.008890 -0.986395 0.164154
vn 0.008890 -0.986395 0.164154
vn 0.008890 -0.986395 0.164154
vn 0.008890 -0.986395 0.164154
vn 0.000780 0.999896 0.014409
vn 0.000780 0.999896 0.014409
vn 0.000246 0.999990 0.004539
vn 0.000246 0.999990 0.004539
vn 0.000768 -0.999899 0.014182
vn 0.000768 -0.999899 0.014182
vn 0.000462 -0.999964 0.008534
vn 0.000462 -0.999964 0.008534
vn 0.000607 -0.999937 0.011212
vn 0.000607 -0.999937 0.011212
vn 0.000768 -0.999899 0.014182
vn 0.000768 -0.999899 0.014182
vn -0.000000 -1.000000 -0.000001
vn -0.000000 -1.000000 -0.000001
vn -0.001351 -0.999688 -0.024951
vn -0.001351 -0.999688 -0.024951
vn 0.022927 -0.905690 0.423319
vn 0.022927 -0.905690 0.423319
vn 0.022927 -0.905690 0.423319
vn 0.022927 -0.905690 0.423319
vn 0.003093 -0.998363 0.057114
vn 0.003093 -0.998363 0.057114
vn 0.003974 -0.997296 0.073378
vn 0.003974 -0.997296 0.073378
vn -0.001351 -0.999688 -0.024951
vn -0.001351 -0.999688 -0.024951
vn -0.001953 -0.999348 -0.036059
vn -0.001953 -0.999348 -0.036059
vn 0.000453 -0.999965 0.008366
vn 0.000453 -0.999965 0.008366
vn 0.000607 -0.999937 0.011212
vn 0.000607 -0.999937 0.011212
vn 0.000000 1.000000 0.000000
vn 0.000000 1.000000 0.000000
vn 0.000000 1.000000 0.000000
vn 0.000000 1.000000 0.000000
vn 0.000000 1.000000 0.000000
vn 0.000000 1.000000 0.000000
vn -0.000178 0.999995 -0.003278
vn -0.000178 0.999995 -0.003278
vn -0.000178 0.999995 -0.003278
vn -0.000178 0.999995 -0.003278
vn -0.000685 0.999920 -0.012654
vn -0.000685 0.999920 -0.012654
vn 0.000246 0.999990 0.004539
vn 0.000246 0.999990 0.004539
vn 0.000000 1.000000 0.000000
vn 0.000000 1.000000 0.000000
vn -0.001704 0.999504 -0.031459
vn -0.001704 0.999504 -0.031459
vn -0.001422 0.999654 -0.026262
vn -0.001422 0.999654 -0.026262
vn -0.001131 -0.999781 -0.020885
vn -0.001131 -0.999781 -0.020885
vn 0.003093 -0.998363 0.057114
vn 0.003093 -0.998363 0.057114
vn -0.003421 -0.997997 -0.063161
vn -0.003421 -0.997997 -0.063161
vn -0.001131 -0.999781 -0.020885
vn -0.001131 -0.999781 -0.020885
vn -0.001422 0.999654 -0.026262
vn -0.001422 0.999654 -0.026262
vn -0.000938 0.999850 -0.017312
vn -0.000938 0.999850 -0.017312
vn 0.054070 0.019351 0.998350
vn 0.054070 0.019351 0.998350
vn 0.054070 0.019351 0.998350
vn 0.054070 0.019351 0.998350
vn 0.001423 -0.999654 0.026268
vn 0.001423 -0.999654 0.026268
vn -0.003695 -0.997663 -0.068233
vn -0.003695 -0.997663 -0.068233
vn -0.000938 0.999850 -0.017312
vn -0.000938 0.999850 -0.017312
vn -0.000883 0.999867 -0.016299
vn -0.000883 0.999867 -0.016299
vn -0.000883 0.999867 -0.016299
vn -0.000883 0.999867 -0.016299
vn 0.000000 1.000000 0.000000
vn 0.000000 1.000000 0.000000
vn 0.000000 1.000000 0.000000
vn 0.000000 1.000000 0.000000
vn 0.000000 1.000000 0.000000
vn 0.000000 1.000000 0.000000
vn -0.001084 0.999799 -0.020018
vn -0.001084 0.999799 -0.020018
vn -0.003074 0.998383 -0.056755
vn -0.003074 0.998383 -0.056755
vn 0.006121 -0.993573 0.113026
vn 0.006121 -0.993573 0.113026
vn 0.001423 -0.999654 0.026268
vn 0.001423 -0.999654 0.026268
vn 0.033484 -0.785268 0.618250
vn 0.033484 -0.785268 0.618250
vn 0.033484 -0.785268 0.618250
vn 0.033484 -0.785268 0.618250
vn -0.029998 -0.832050 -0.553888
vn -0.029998 -0.832050 -0.553888
vn -0.029998 -0.832050 -0.553888
vn -0.029998 -0.832050 -0.553888
vn 0.043841 -0.585489 0.809494
vn 0.043841 -0.585489 0.809494
vn 0.043841 -0.585489 0.809494
vn 0.043841 -0.585489 0.809494
vn 0.052879 -0.209529 0.976372
vn 0.052879 -0.209529 0.976372
vn 0.052943 -0.203955 0.977548
vn 0.052943 -0.203955 0.977548
vn -0.053063 0.193021 -0.979759
vn -0.053063 0.193021 -0.979759
vn -0.052709 0.223757 -0.973219
vn -0.052709 0.223757 -0.973219
vn -0.052709 0.223757 -0.973219
vn -0.052709 0.223757 -0.973219
vn -0.043848 0.585322 -0.809615
vn -0.043848 0.585322 -0.809615
vn 0.046306 -0.516546 0.855006
vn 0.046306 -0.516546 0.855006
vn 0.052879 -0.209529 0.976372
vn 0.052879 -0.209529 0.976372
vn 0.012646 -0.972273 0.233505
vn 0.012646 -0.972273 0.233505
vn 0.046306 -0.516546 0.855006
vn 0.046306 -0.516546 0.855006
vn -0.043848 0.585322 -0.809615
vn -0.043848 0.585322 -0.809615
vn -0.008691 0.987003 -0.160466
vn -0.008691 0.987003 -0.160466
vn 0.000954 -0.999844 0.017619
vn 0.000954 -0.999844 0.017619
vn 0.012646 -0.972273 0.233505
vn 0.012646 -0.972273 0.233505
vn -0.008691 0.987003 -0.160466
vn -0.008691 0.987003 -0.160466
vn 0.000396 0.999973 0.007315
vn 0.000396 0.999973 0.007315
vn -0.000000 -1.000000 -0.000001
vn -0.000000 -1.000000 -0.000001
vn 0.000954 -0.999844 0.017619
vn 0.000954 -0.999844 0.017619
vn 0.000396 0.999973 0.007315
vn 0.000396 0.999973 0.007315
vn 0.001024 0.999821 0.018908
vn 0.001024 0.999821 0.018908
vn 0.001024 0.999821 0.018908
vn 0.001024 0.999821 0.018908
vn 0.002482 0.998947 0.045821
vn 0.002482 0.998947 0.045821
vn -0.000000 -1.000000 -0.000001
vn -0.000000 -1.000000 -0.000001
vn -0.000000 -1.000000 -0.000001
vn -0.000000 -1.000000 -0.000001
vn 0.002482 0.998947 0.045821
vn 0.002482 0.998947 0.045821
vn 0.009998 0.982762 0.184606
vn 0.009998 0.982762 0.184606
vn -0.002595 -0.998848 -0.047908
vn -0.002595 -0.998848 -0.047908
vn -0.000000 -1.000000 -0.000001
vn -0.000000 -1.000000 -0.000001
vn -0.012593 -0.972512 -0.232514
vn -0.012593 -0.972512 -0.232514
vn -0.002595 -0.998848 -0.047908
vn -0.002595 -0.998848 -0.047908
vn 0.009998 0.982762 0.184606
vn 0.009998 0.982762 0.184606
vn 0.037628 0.718240 0.694777
vn 0.037628 0.718240 0.694777
vn -0.015485 -0.958128 -0.285921
vn -0.015485 -0.958128 -0.285921
vn -0.012593 -0.972512 -0.232514
vn -0.012593 -0.972512 -0.232514
vn 0.037628 0.718240 0.694777
vn 0.037628 0.718240 0.694777
vn 0.053955 0.067928 0.996230
vn 0.053955 0.067928 0.996230
vn 0.053955 0.067928 0.996230
vn 0.053955 0.067928 0.996230
vn 0.054050 -0.033365 0.997981
vn 0.054050 -0.033365 0.997981
vn 0.054050 -0.033365 0.997981
vn 0.054050 -0.033365 0.997981
vn 0.054000 -0.054409 0.997057
vn 0.054000 -0.054409 0.997057
vn 0.000000 1.000000 0.000000
vn 0.000000 1.000000 0.000000
vn -0.001084 0.999799 -0.020018
vn -0.001084 0.999799 -0.020018
vn -0.053423 -0.155383 -0.986409
vn -0.053423 -0.155383 -0.986409
vn -0.051867 0.283149 -0.957672
vn -0.051867 0.283149 -0.957672
vn 0.054070 0.019351 0.998350
vn 0.054070 0.019351 0.998350
vn 0.054070 0.019351 0.998350
vn 0.054070 0.019351 0.998350
vn -0.039389 -0.685201 -0.727288
vn -0.039389 -0.685201 -0.727288
vn -0.053423 -0.155383 -0.986409
vn -0.053423 -0.155383 -0.986409
vn 0.054070 0.019351 0.998350
vn 0.054070 0.019351 0.998350
vn 0.054070 0.019351 0.998350
vn 0.054070 0.019351 0.998350
vn -0.035833 -0.748972 -0.661632
vn -0.035833 -0.748972 -0.661632
vn -0.039389 -0.685201 -0.727288
vn -0.039389 -0.685201 -0.727288
vn -0.050593 -0.353243 -0.934163
vn -0.050593 -0.353243 -0.934163
vn -0.050593 -0.353240 -0.934164
vn -0.050593 -0.353240 -0.934164
vn -0.004716 -0.996190 -0.087077
vn -0.004716 -0.996190 -0.087077
vn -0.006303 -0.993184 -0.116383
vn -0.006303 -0.993184 -0.116383
vn -0.006303 -0.993184 -0.116383
vn -0.006303 -0.993184 -0.116383
vn -0.009201 -0.985420 -0.169892
vn -0.009201 -0.985420 -0.169892
vn -0.051867 0.283149 -0.957672
vn -0.051867 0.283149 -0.957672
vn -0.042696 0.613761 -0.788337
vn -0.042696 0.613761 -0.788337
vn 0.033147 -0.790133 0.612039
vn 0.033147 -0.790133 0.612039
vn 0.024752 -0.889106 0.457032
vn 0.024752 -0.889106 0.457032
vn -0.042696 0.613761 -0.788337
vn -0.042696 0.613761 -0.788337
vn -0.040441 0.663930 -0.746700
vn -0.040441 0.663930 -0.746700
vn 0.047073 -0.492292 0.869157
vn 0.047073 -0.492292 0.869157
vn 0.033147 -0.790133 0.612039
vn 0.033147 -0.790133 0.612039
vn -0.040441 0.663930 -0.746700
vn -0.040441 0.663930 -0.746700
vn -0.041010 0.651886 -0.757208
vn -0.041010 0.651886 -0.757208
vn -0.041010 0.651886 -0.757208
vn -0.041010 0.651886 -0.757208
vn -0.043166 0.602407 -0.797021
vn -0.043166 0.602407 -0.797021
vn 0.050624 -0.351717 0.934737
vn 0.050624 -0.351717 0.934737
vn 0.047073 -0.492292 0.869157
vn 0.047073 -0.492292 0.869157
vn -0.043166 0.602407 -0.797021
vn -0.043166 0.602407 -0.797021
vn -0.045093 0.552044 -0.832595
vn -0.045093 0.552044 -0.832595
vn 0.050758 -0.345066 0.937205
vn 0.050758 -0.345066 0.937205
vn 0.050624 -0.351717 0.934737
vn 0.050624 -0.351717 0.934737
vn 0.050529 -0.356356 0.932983
vn 0.050529 -0.356356 0.932983
vn 0.050758 -0.345066 0.937205
vn 0.050758 -0.345066 0.937205
vn -0.045093 0.552044 -0.832595
vn -0.045093 0.552044 -0.832595
vn -0.049500 0.402739 -0.913976
vn -0.049500 0.402739 -0.913976
vn -0.049500 0.402739 -0.913976
vn -0.049500 0.402739 -0.913976
vn -0.051305 0.316228 -0.947295
vn -0.051305 0.316228 -0.947295
vn 0.049686 -0.394836 0.917407
vn 0.049686 -0.394836 0.917407
vn 0.050529 -0.356356 0.932983
vn 0.050529 -0.356356 0.932983
vn 0.036899 -0.731059 0.681316
vn 0.036899 -0.731059 0.681316
vn 0.049686 -0.394836 0.917407
vn 0.049686 -0.394836 0.917407
vn -0.051305 0.316228 -0.947295
vn -0.051305 0.316228 -0.947295
vn -0.053481 0.148341 -0.987489
vn -0.053481 0.148341 -0.987489
vn -0.050593 -0.353245 -0.934162
vn -0.050593 -0.353245 -0.934162
vn -0.050593 -0.353243 -0.934163
vn -0.050593 -0.353243 -0.934163
vn -0.053316 -0.167417 -0.984443
vn -0.053316 -0.167417 -0.984443
vn -0.051799 -0.287358 -0.956422
vn -0.051799 -0.287358 -0.956422
vn -0.053481 0.148341 -0.987489
vn -0.053481 0.148341 -0.987489
vn -0.053316 -0.167417 -0.984443
vn -0.053316 -0.167417 -0.984443
vn 0.024186 0.894422 0.446569
vn 0.024186 0.894422 0.446569
vn 0.024186 0.894422 0.446569
vn 0.024186 0.894422 0.446569
vn 0.040809 -0.656182 0.753498
vn 0.040809 -0.656182 0.753498
vn 0.040809 -0.656182 0.753498
vn 0.040809 -0.656182 0.753498
vn -0.018546 -0.939358 -0.342437
vn -0.018546 -0.939358 -0.342437
vn -0.017534 -0.945979 -0.323752
vn -0.017534 -0.945979 -0.323752
vn -0.017534 -0.945979 -0.323752
vn -0.017534 -0.945979 -0.323752
vn 0.003175 -0.998275 0.058630
vn 0.003175 -0.998275 0.058630
vn -0.019916 -0.929721 -0.367727
vn -0.019916 -0.929721 -0.367727
vn -0.018546 -0.939358 -0.342437
vn -0.018546 -0.939358 -0.342437
vn -0.022484 -0.909474 -0.415153
vn -0.022484 -0.909474 -0.415153
vn -0.019916 -0.929721 -0.367727
vn -0.019916 -0.929721 -0.367727
vn -0.031845 0.808237 -0.587996
vn -0.031845 0.808237 -0.587996
vn -0.031845 0.808237 -0.587996
vn -0.031845 0.808237 -0.587996
vn -0.003074 0.998383 -0.056755
vn -0.003074 0.998383 -0.056755
vn -0.005097 0.995549 -0.094108
vn -0.005097 0.995549 -0.094108
vn -0.002052 0.999279 -0.037897
vn -0.002052 0.999279 -0.037897
vn -0.002052 0.999279 -0.037897
vn -0.002052 0.999279 -0.037897
vn -0.005118 -0.995512 -0.094502
vn -0.005118 -0.995512 -0.094502
vn -0.004716 -0.996190 -0.087077
vn -0.004716 -0.996190 -0.087077
vn -0.006919 -0.991782 -0.127750
vn -0.006919 -0.991782 -0.127750
vn -0.005118 -0.995512 -0.094502
vn -0.005118 -0.995512 -0.094502
vn -0.019102 0.935539 -0.352706
vn -0.019102 0.935539 -0.352706
vn -0.019102 0.935539 -0.352706
vn -0.019102 0.935539 -0.352706
vn -0.001575 0.999576 -0.029077
vn -0.001575 0.999576 -0.029077
vn -0.000281 0.999986 -0.005195
vn -0.000281 0.999986 -0.005195
vn -0.000862 -0.999873 -0.015921
vn -0.000862 -0.999873 -0.015921
vn -0.006919 -0.991782 -0.127750
vn -0.006919 -0.991782 -0.127750
vn -0.000281 0.999986 -0.005195
vn -0.000281 0.999986 -0.005195
vn 0.000000 1.000000 0.000000
vn 0.000000 1.000000 0.000000
vn 0.000164 -0.999995 0.003035
vn 0.000164 -0.999995 0.003035
vn -0.000862 -0.999873 -0.015921
vn -0.000862 -0.999873 -0.015921
vn 0.000000 1.000000 0.000000
vn 0.000000 1.000000 0.000000
vn 0.000000 1.000000 0.000000
vn 0.000000 1.000000 0.000000
vn 0.000157 -0.999996 0.002902
vn 0.000157 -0.999996 0.002902
vn 0.000164 -0.999995 0.003035
vn 0.000164 -0.999995 0.003035
vn 0.000000 1.000000 0.000000
vn 0.000000 1.000000 0.000000
vn 0.000000 1.000000 0.000000
vn 0.000000 1.000000 0.000000
vn -0.000000 -1.000000 -0.000001
vn -0.000000 -1.000000 -0.000001
vn 0.000157 -0.999996 0.002902
vn 0.000157 -0.999996 0.002902
vn 0.035787 -0.749732 0.660773
vn 0.035787 -0.749732 0.660773
vn 0.037926 -0.712875 0.700265
vn 0.037926 -0.712875 0.700265
vn 0.000000 1.000000 0.000000
vn 0.000000 1.000000 0.000000
vn 0.000000 1.000000 0.000000
vn 0.000000 1.000000 0.000000
vn 0.035723 -0.750767 0.659600
vn 0.035723 -0.750767 0.659600
vn 0.035787 -0.749732 0.660773
vn 0.035787 -0.749732 0.660773
vn 0.038942 -0.693883 0.719034
vn 0.038942 -0.693883 0.719034
vn 0.035723 -0.750767 0.659600
vn 0.035723 -0.750767 0.659600
vn 0.041276 -0.646118 0.762121
vn 0.041276 -0.646118 0.762121
vn 0.038942 -0.693883 0.719034
vn 0.038942 -0.693883 0.719034
vn 0.001201 -0.999753 0.022184
vn 0.001201 -0.999753 0.022184
vn 0.003714 -0.997640 0.068567
vn 0.003714 -0.997640 0.068567
vn 0.044529 -0.567459 0.822197
vn 0.044529 -0.567459 0.822197
vn 0.041276 -0.646118 0.762121
vn 0.041276 -0.646118 0.762121
vn -0.001877 -0.999398 -0.034657
vn -0.001877 -0.999398 -0.034657
vn 0.001201 -0.999753 0.022184
vn 0.001201 -0.999753 0.022184
vn -0.054068 0.020926 -0.998318
vn -0.054068 0.020926 -0.998318
vn -0.053185 -0.181189 -0.982009
vn -0.053185 -0.181189 -0.982009
vn -0.003909 -0.997385 -0.072168
vn -0.003909 -0.997385 -0.072168
vn -0.001877 -0.999398 -0.034657
vn -0.001877 -0.999398 -0.034657
vn -0.054060 -0.027244 -0.998166
vn -0.054060 -0.027244 -0.998166
vn -0.054068 0.020926 -0.998318
vn -0.054068 0.020926 -0.998318
vn 0.000000 1.000000 0.000000
vn 0.000000 1.000000 0.000000
vn -0.002044 0.999286 -0.037732
vn -0.002044 0.999286 -0.037732
vn -0.002044 0.999286 -0.037732
vn -0.002044 0.999286 -0.037732
vn -0.003305 0.998131 -0.061020
vn -0.003305 0.998131 -0.061020
vn -0.053890 -0.083621 -0.995039
vn -0.053890 -0.083621 -0.995039
vn -0.054060 -0.027244 -0.998166
vn -0.054060 -0.027244 -0.998166
vn -0.038240 0.707106 -0.706073
vn -0.038240 0.707106 -0.706073
vn -0.038240 0.707106 -0.706073
vn -0.038240 0.707106 -0.706073
vn -0.053128 -0.186817 -0.980957
vn -0.053128 -0.186817 -0.980957
vn -0.054078 -0.007962 -0.998505
vn -0.054078 -0.007962 -0.998505
vn 0.052944 -0.203893 0.977561
vn 0.052944 -0.203893 0.977561
vn 0.053482 -0.148299 0.987495
vn 0.053482 -0.148299 0.987495
vn 0.052316 -0.253303 0.965971
vn 0.052316 -0.253303 0.965971
vn 0.052944 -0.203893 0.977561
vn 0.052944 -0.203893 0.977561
vn -0.054078 -0.007962 -0.998505
vn -0.054078 -0.007962 -0.998505
vn -0.052368 0.249587 -0.966935
vn -0.052368 0.249587 -0.966935
vn 0.051996 -0.274921 0.960060
vn 0.051996 -0.274921 0.960060
vn 0.052316 -0.253303 0.965971
vn 0.052316 -0.253303 0.965971
vn -0.052368 0.249587 -0.966935
vn -0.052368 0.249587 -0.966935
vn -0.051417 0.309892 -0.949380
vn -0.051417 0.309892 -0.949380
vn 0.051642 -0.296832 0.953532
vn 0.051642 -0.296832 0.953532
vn 0.051996 -0.274921 0.960060
vn 0.051996 -0.274921 0.960060
vn -0.022289 -0.911116 -0.411548
vn -0.022289 -0.911116 -0.411548
vn -0.021682 -0.916109 -0.400342
vn -0.021682 -0.916109 -0.400342
vn -0.025325 -0.883577 -0.467601
vn -0.025325 -0.883577 -0.467601
vn -0.022289 -0.911116 -0.411548
vn -0.022289 -0.911116 -0.411548
vn -0.051605 0.299074 -0.952834
vn -0.051605 0.299074 -0.952834
vn -0.053968 0.064257 -0.996473
vn -0.053968 0.064257 -0.996473
vn -0.050412 0.362014 -0.930809
vn -0.050412 0.362014 -0.930809
vn -0.051605 0.299074 -0.952834
vn -0.051605 0.299074 -0.952834
vn -0.051269 0.318192 -0.946639
vn -0.051269 0.318192 -0.946639
vn -0.050412 0.362014 -0.930809
vn -0.050412 0.362014 -0.930809
vn -0.051417 0.309892 -0.949380
vn -0.051417 0.309892 -0.949380
vn -0.051269 0.318192 -0.946639
vn -0.051269 0.318192 -0.946639
vn 0.047032 -0.493607 0.868412
vn 0.047032 -0.493607 0.868412
vn 0.047032 -0.493607 0.868412
vn 0.047032 -0.493607 0.868412
vn 0.000942 -0.999848 0.017397
vn 0.000942 -0.999848 0.017397
vn 0.000942 -0.999848 0.017397
vn 0.000942 -0.999848 0.017397
vn 0.048194 0.453689 0.889856
vn 0.048194 0.453689 0.889856
vn 0.048194 0.453689 0.889856
vn 0.048194 0.453689 0.889856
vn 0.053983 0.059777 0.996751
vn 0.053983 0.059777 0.996751
vn 0.053983 0.059777 0.996751
vn 0.053983 0.059777 0.996751
vn 0.051999 -0.274721 0.960117
vn 0.051999 -0.274721 0.960117
vn 0.051999 -0.274721 0.960117
vn 0.051999 -0.274721 0.960117
vn 0.008561 -0.987391 0.158072
vn 0.008561 -0.987391 0.158072
vn 0.008561 -0.987391 0.158072
vn 0.008561 -0.987391 0.158072
s off
g arma__1_:polySurface43
usemtl initialShadingGroup
f 1/1/1 9/2/2 10/3/3 2/4/4
f 2/4/5 10/3/6 11/5/7 3/6/8
f 3/7/9 11/8/10 12/9/11 4/10/12
f 4/10/13 12/9/14 13/11/15 5/12/16
f 5/12/17 13/11/18 14/13/19 6/14/20
f 6/15/21 14/16/22 15/17/23 7/18/24
f 7/18/25 15/17/26 16/19/27 8/20/28
f 8/20/29 16/19/30 9/21/31 1/22/32
f 9/2/33 17/23/34 18/24/35 10/3/36
f 10/3/37 18/24/38 19/25/39 11/5/40
f 11/26/41 19/27/42 20/28/43 12/29/44
f 12/9/45 20/30/46 21/31/47 13/11/48
f 13/32/49 21/33/50 22/34/51 14/35/52
f 14/16/53 22/36/54 23/37/55 15/17/56
f 15/17/57 23/37/58 24/38/59 16/19/60
f 16/19/61 24/38/62 17/39/63 9/21/64
f 17/23/65 25/40/66 26/41/67 18/24/68
f 18/24/69 26/41/70 27/42/71 19/25/72
f 19/27/73 27/43/74 28/44/75 20/28/76
f 20/28/77 28/44/78 29/45/79 21/46/80
f 21/33/81 29/47/82 30/48/83 22/34/84
f 22/36/85 30/49/86 31/50/87 23/37/88
f 23/37/89 31/50/90 32/51/91 24/38/92
f 24/38/93 32/51/94 25/52/95 17/39/96
f 25/40/97 33/53/98 34/54/99 26/41/100
f 26/55/101 34/56/102 35/57/103 27/43/104
f 27/43/105 35/57/106 36/58/107 28/44/108
f 28/44/109 36/58/110 37/59/111 29/45/112
f 29/47/113 37/60/114 38/61/115 30/48/116
f 30/48/117 38/61/118 39/62/119 31/63/120
f 31/50/121 39/64/122 40/65/123 32/51/124
f 32/51/125 40/65/126 33/66/127 25/52/128
f 33/53/129 41/67/130 42/68/131 34/54/132
f 34/56/133 42/69/134 43/70/135 35/57/136
f 35/57/137 43/70/138 44/71/139 36/58/140
f 36/58/141 44/71/142 45/72/143 37/59/144
f 37/60/145 45/73/146 46/74/147 38/61/148
f 38/61/149 46/74/150 47/75/151 39/62/152
f 39/64/153 47/76/154 48/77/155 40/65/156
f 40/78/157 48/79/158 41/80/159 33/81/160
f 41/80/161 49/82/162 50/83/163 42/84/164
f 42/69/165 50/85/166 51/86/167 43/70/168
f 43/70/169 51/86/170 52/87/171 44/71/172
f 44/71/173 52/87/174 53/88/175 45/72/176
f 45/73/177 53/89/178 54/90/179 46/74/180
f 46/74/181 54/90/182 55/91/183 47/75/184
f 47/92/185 55/93/186 56/94/187 48/79/188
f 48/79/189 56/94/190 49/82/191 41/80/192
f 2/95/193 57/96/194 1/97/195
f 3/7/196 57/96/197 2/95/198
f 4/10/199 57/96/200 3/7/201
f 5/12/202 57/96/203 4/10/204
f 6/14/205 57/96/206 5/12/207
f 7/98/208 57/96/209 6/14/210
f 8/20/211 57/99/212 7/18/213
f 1/22/214 57/99/215 8/20/216
f 49/82/217 58/100/218 50/83/219
f 50/83/220 58/100/221 51/101/222
f 51/86/223 58/102/224 52/87/225
f 52/87/226 58/102/227 53/88/228
f 53/103/229 58/100/230 54/104/231
f 54/104/232 58/100/233 55/93/234
f 55/93/235 58/100/236 56/94/237
f 56/94/238 58/100/239 49/82/240
f 59/105/241 61/106/242 62/107/243 60/108/244
f 61/109/245 63/110/246 64/111/247 62/112/248
f 63/113/249 65/114/250 66/115/251 64/116/252
f 65/117/253 59/118/254 60/119/255 66/120/256
f 60/121/257 62/122/258 64/123/259 66/124/260
f 65/125/261 63/126/262 61/127/263 59/128/264
f 67/129/265 69/130/266 70/131/267 68/132/268
f 69/133/269 71/134/270 72/135/271 70/136/272
f 71/137/273 73/138/274 74/139/275 72/140/276
f 73/141/277 67/142/278 68/143/279 74/144/280
f 68/145/281 70/136/282 72/135/283 74/146/284
f 73/141/285 71/147/286 69/148/287 67/142/288
f 75/149/289 83/150/290 84/151/291 76/152/292
f 76/152/293 84/151/294 85/153/295 77/154/296
f 77/155/297 85/156/298 86/157/299 78/158/300
f 78/159/301 86/160/302 87/161/303 79/162/304
f 79/162/305 87/161/306 88/163/307 80/164/308
f 80/164/309 88/163/310 89/165/311 81/166/312
f 81/167/313 89/168/314 90/169/315 82/170/316
f 82/171/317 90/172/318 83/150/319 75/149/320
f 76/173/321 91/174/322 75/175/323
f 77/155/324 91/174/325 76/173/326
f 78/158/327 91/174/328 77/155/329
f 79/176/330 91/174/331 78/158/332
f 80/177/333 91/174/334 79/176/335
f 81/178/336 91/174/337 80/177/338
f 82/170/339 91/179/340 81/167/341
f 75/175/342 91/174/343 82/180/344
f 83/181/345 92/182/346 84/183/347
f 84/183/348 92/182/349 85/184/350
f 85/184/351 92/182/352 86/185/353
f 86/185/354 92/182/355 87/186/356
f 87/186/357 92/182/358 88/187/359
f 88/187/360 92/182/361 89/168/362
f 89/168/363 92/182/364 90/169/365
f 90/169/366 92/182/367 83/181/368
f 93/188/369 95/189/370 96/190/371 94/191/372
f 95/192/373 97/193/374 98/194/375 96/195/376
f 97/196/377 99/197/378 100/198/379 98/199/380
f 99/200/381 93/201/382 94/202/383 100/203/384
f 94/191/385 96/190/386 98/204/387 100/205/388
f 99/197/389 97/196/390 95/206/391 93/207/392
f 101/208/393 113/209/394 114/210/395 102/211/396
f 102/211/397 114/210/398 115/212/399 103/213/400
f 103/213/401 115/212/402 116/214/403 104/215/404
f 104/215/405 116/214/406 117/216/407 105/217/408
f 105/217/409 117/216/410 118/218/411 106/219/412
f 106/219/413 118/218/414 119/220/415 107/221/416
f 107/221/417 119/220/418 120/222/419 108/223/420
f 108/223/421 120/222/422 121/224/423 109/225/424
f 109/225/425 121/224/426 122/226/427 110/227/428
f 110/227/429 122/226/430 123/228/431 111/229/432
f 111/229/433 123/228/434 124/230/435 112/231/436
f 112/231/437 124/230/438 113/209/439 101/208/440
f 113/209/441 125/232/442 126/233/443 114/210/444
f 114/210/445 126/233/446 127/234/447 115/212/448
f 115/212/449 127/234/450 128/235/451 116/214/452
f 116/214/453 128/235/454 129/236/455 117/216/456
f 117/216/457 129/236/458 130/237/459 118/218/460
f 118/218/461 130/237/462 131/238/463 119/220/464
f 119/220/465 131/238/466 132/239/467 120/222/468
f 120/222/469 132/239/470 133/240/471 121/224/472
f 121/224/473 133/240/474 134/241/475 122/226/476
f 122/226/477 134/241/478 135/242/479 123/228/480
f 123/228/481 135/242/482 136/243/483 124/230/484
f 124/230/485 136/243/486 125/232/487 113/209/488
f 125/244/489 137/245/490 138/246/491 126/247/492
f 126/247/493 138/246/494 139/248/495 127/249/496
f 127/249/497 139/248/498 140/250/499 128/251/500
f 128/251/501 140/250/502 141/252/503 129/253/504
f 129/254/505 141/255/506 142/256/507 130/257/508
f 130/257/509 142/256/510 143/258/511 131/259/512
f 131/260/513 143/261/514 144/262/515 132/263/516
f 132/263/517 144/262/518 145/264/519 133/265/520
f 133/265/521 145/264/522 146/266/523 134/267/524
f 134/267/525 146/266/526 147/268/527 135/269/528
f 135/270/529 147/271/530 148/272/531 136/273/532
f 136/273/533 148/272/534 137/274/535 125/275/536
f 210/276/537 213/277/538 212/278/539 211/279/540
f 211/279/541 212/278/542 215/280/543 214/281/544
f 214/281/545 215/280/546 217/282/547 216/283/548
f 216/283/549 217/282/550 219/284/551 218/285/552
f 218/286/553 219/287/554 221/288/555 220/289/556
f 220/289/557 221/288/558 223/290/559 222/291/560
f 222/292/561 223/293/562 225/294/563 224/295/564
f 224/295/565 225/294/566 227/296/567 226/297/568
f 226/297/569 227/296/570 229/298/571 228/299/572
f 228/299/573 229/298/574 231/300/575 230/301/576
f 230/302/577 231/303/578 233/304/579 232/305/580
f 232/305/581 233/304/582 213/306/583 210/307/584
f 213/277/585 235/308/586 234/309/587 212/278/588
f 212/278/589 234/309/590 236/310/591 215/280/592
f 215/280/593 236/310/594 237/311/595 217/282/596
f 217/282/597 237/311/598 238/312/599 219/284/600
f 219/287/601 238/313/602 239/314/603 221/288/604
f 221/288/605 239/314/606 240/315/607 223/290/608
f 223/293/609 240/316/610 241/317/611 225/294/612
f 225/294/613 241/317/614 242/318/615 227/296/616
f 227/296/617 242/318/618 243/319/619 229/298/620
f 229/298/621 243/319/622 244/320/623 231/300/624
f 231/303/625 244/321/626 245/322/627 233/304/628
f 233/304/629 245/322/630 235/323/631 213/306/632
f 149/324/633 161/325/634 162/326/635 150/327/636
f 150/327/637 162/326/638 163/328/639 151/329/640
f 151/329/641 163/328/642 164/330/643 152/331/644
f 152/331/645 164/330/646 165/332/647 153/333/648
f 153/334/649 165/335/650 166/336/651 154/337/652
f 154/337/653 166/336/654 167/338/655 155/339/656
f 155/340/657 167/341/658 168/342/659 156/343/660
f 156/343/661 168/342/662 169/344/663 157/345/664
f 157/345/665 169/344/666 170/346/667 158/347/668
f 158/347/669 170/346/670 171/348/671 159/349/672
f 159/350/673 171/351/674 172/352/675 160/353/676
f 160/353/677 172/352/678 161/354/679 149/355/680
f 161/356/681 173/357/682 174/358/683 162/359/684
f 162/359/685 174/358/686 175/360/687 163/361/688
f 163/361/689 175/360/690 176/362/691 164/363/692
f 164/363/693 176/362/694 177/364/695 165/365/696
f 165/365/697 177/364/698 178/366/699 166/367/700
f 166/367/701 178/366/702 179/368/703 167/369/704
f 167/369/705 179/368/706 180/370/707 168/371/708
f 168/371/709 180/370/710 181/372/711 169/373/712
f 169/373/713 181/372/714 182/374/715 170/375/716
f 170/375/717 182/374/718 183/376/719 171/377/720
f 171/377/721 183/376/722 184/378/723 172/379/724
f 172/379/725 184/378/726 173/357/727 161/356/728
f 173/357/729 185/380/730 186/381/731 174/358/732
f 174/358/733 186/381/734 187/382/735 175/360/736
f 175/360/737 187/382/738 188/383/739 176/362/740
f 176/362/741 188/383/742 189/384/743 177/364/744
f 177/364/745 189/384/746 190/385/747 178/366/748
f 178/366/749 190/385/750 191/386/751 179/368/752
f 179/368/753 191/386/754 192/387/755 180/370/756
f 180/370/757 192/387/758 193/388/759 181/372/760
f 181/372/761 193/388/762 194/389/763 182/374/764
f 182/374/765 194/389/766 195/390/767 183/376/768
f 183/376/769 195/390/770 196/391/771 184/378/772
f 184/378/773 196/391/774 185/380/775 173/357/776
f 246/392/777 249/393/778 248/394/779 247/395/780
f 247/395/781 248/394/782 251/396/783 250/397/784
f 250/397/785 251/396/786 253/398/787 252/399/788
f 252/399/789 253/398/790 255/400/791 254/401/792
f 254/401/793 255/400/794 257/402/795 256/403/796
f 256/403/797 257/402/798 259/404/799 258/405/800
f 258/405/801 259/404/802 261/406/803 260/407/804
f 260/407/805 261/406/806 263/408/807 262/409/808
f 262/409/809 263/408/810 265/410/811 264/411/812
f 264/411/813 265/410/814 267/412/815 266/413/816
f 266/413/817 267/412/818 269/414/819 268/415/820
f 268/415/821 269/414/822 249/393/823 246/392/824
f 197/416/825 209/417/826 198/418/827
f 198/418/828 209/417/829 199/419/830
f 199/419/831 209/417/832 200/420/833
f 200/420/834 209/417/835 201/421/836
f 201/421/837 209/417/838 202/422/839
f 202/422/840 209/417/841 203/423/842
f 203/423/843 209/417/844 204/424/845
f 204/424/846 209/417/847 205/425/848
f 205/425/849 209/417/850 206/426/851
f 206/426/852 209/417/853 207/427/854
f 207/427/855 209/417/856 208/428/857
f 208/428/858 209/417/859 197/416/860
f 137/429/861 210/430/862 211/431/863 138/432/864
f 138/432/865 211/431/866 214/433/867 139/434/868
f 139/434/869 214/433/870 216/435/871 140/436/872
f 140/436/873 216/435/874 218/437/875 141/438/876
f 141/438/877 218/437/878 220/439/879 142/440/880
f 142/440/881 220/439/882 222/441/883 143/442/884
f 143/442/885 222/441/886 224/443/887 144/444/888
f 144/444/889 224/443/890 226/445/891 145/446/892
f 145/446/893 226/445/894 228/447/895 146/448/896
f 146/448/897 228/447/898 230/449/899 147/450/900
f 147/450/901 230/449/902 232/451/903 148/452/904
f 148/452/905 232/451/906 210/430/907 137/429/908
f 150/453/909 234/454/910 235/455/911 149/456/912
f 151/457/913 236/458/914 234/454/915 150/453/916
f 152/459/917 237/460/918 236/458/919 151/457/920
f 153/461/921 238/462/922 237/460/923 152/459/924
f 154/463/925 239/464/926 238/462/927 153/461/928
f 155/465/929 240/466/930 239/464/931 154/463/932
f 156/467/933 241/468/934 240/466/935 155/465/936
f 157/469/937 242/470/938 241/468/939 156/467/940
f 158/471/941 243/472/942 242/470/943 157/469/944
f 159/473/945 244/474/946 243/472/947 158/471/948
f 160/475/949 245/476/950 244/474/951 159/473/952
f 149/456/953 235/455/954 245/476/955 160/475/956
f 185/477/957 246/478/958 247/479/959 186/480/960
f 198/481/961 248/482/962 249/483/963 197/484/964
f 186/480/965 247/479/966 250/485/967 187/486/968
f 199/487/969 251/488/970 248/482/971 198/481/972
f 187/486/973 250/485/974 252/489/975 188/490/976
f 200/491/977 253/492/978 251/488/979 199/487/980
f 188/490/981 252/489/982 254/493/983 189/494/984
f 201/495/985 255/496/986 253/492/987 200/491/988
f 189/497/989 254/498/990 256/499/991 190/500/992
f 202/501/993 257/502/994 255/503/995 201/504/996
f 190/500/997 256/499/998 258/505/999 191/506/1000
f 203/507/1001 259/508/1002 257/502/1003 202/501/1004
f 191/509/1005 258/510/1006 260/511/1007 192/512/1008
f 204/513/1009 261/514/1010 259/515/1011 203/516/1012
f 192/512/1013 260/511/1014 262/517/1015 193/518/1016
f 205/519/1017 263/520/1018 261/514/1019 204/513/1020
f 193/518/1021 262/517/1022 264/521/1023 194/522/1024
f 206/523/1025 265/524/1026 263/520/1027 205/519/1028
f 194/522/1029 264/521/1030 266/525/1031 195/526/1032
f 207/527/1033 267/528/1034 265/524/1035 206/523/1036
f 195/529/1037 266/530/1038 268/531/1039 196/532/1040
f 208/533/1041 269/534/1042 267/535/1043 207/536/1044
f 196/532/1045 268/531/1046 246/537/1047 185/538/1048
f 197/539/1049 249/540/1050 269/534/1051 208/533/1052
f 270/541/1053 272/542/1054 273/543/1055 271/544/1056
f 272/545/1057 274/546/1058 275/547/1059 273/548/1060
f 274/549/1061 276/550/1062 277/551/1063 275/552/1064
f 276/553/1065 270/554/1066 271/555/1067 277/556/1068
f 271/557/1069 273/558/1070 275/559/1071 277/560/1072
f 276/561/1073 274/562/1074 272/563/1075 270/564/1076
f 109/225/1077 278/565/1078 108/223/1079
f 110/227/1080 278/565/1081 109/225/1082
f 101/208/1083 278/565/1084 112/231/1085
f 106/219/1086 278/565/1087 105/217/1088
f 101/208/1089 102/211/1090 278/565/1091
f 107/221/1092 278/565/1093 106/219/1094
f 111/229/1095 278/565/1096 110/227/1097
f 104/215/1098 278/565/1099 103/213/1100
f 112/231/1101 278/565/1102 111/229/1103
f 105/217/1104 278/565/1105 104/215/1106
f 278/565/1107 102/211/1108 103/213/1109
f 108/223/1110 278/565/1111 107/221/1112
f 279/566/1113 287/567/1114 288/568/1115 280/569/1116
f 280/570/1117 288/571/1118 289/572/1119 281/573/1120
f 281/573/1121 289/572/1122 290/574/1123 282/575/1124
f 282/576/1125 290/577/1126 291/578/1127 283/579/1128
f 283/579/1129 291/578/1130 292/580/1131 284/581/1132
f 284/582/1133 292/583/1134 293/584/1135 285/585/1136
f 285/585/1137 293/584/1138 294/586/1139 286/587/1140
f 286/588/1141 294/589/1142 287/567/1143 279/566/1144
f 280/590/1145 295/591/1146 279/592/1147
f 281/593/1148 295/591/1149 280/590/1150
f 282/576/1151 295/591/1152 281/593/1153
f 283/579/1154 295/591/1155 282/576/1156
f 284/581/1157 295/591/1158 283/579/1159
f 285/594/1160 295/591/1161 284/581/1162
f 286/595/1163 295/591/1164 285/594/1165
f 279/592/1166 295/591/1167 286/595/1168
f 287/567/1169 296/596/1170 288/568/1171
f 288/568/1172 296/596/1173 289/597/1174
f 289/597/1175 296/596/1176 290/598/1177
f 290/598/1178 296/596/1179 291/599/1180
f 291/599/1181 296/596/1182 292/600/1183
f 292/600/1184 296/596/1185 293/601/1186
f 293/601/1187 296/596/1188 294/589/1189
f 294/589/1190 296/596/1191 287/567/1192
f 297/602/1193 299/603/1194 300/604/1195 298/605/1196
f 299/603/1197 301/606/1198 302/607/1199 300/604/1200
f 301/608/1201 303/609/1202 304/610/1203 302/611/1204
f 303/609/1205 297/612/1206 298/613/1207 304/610/1208
f 298/614/1209 300/615/1210 302/616/1211 304/617/1212
f 303/618/1213 301/619/1214 299/620/1215 297/621/1216
f 451/622/1217 454/623/1218 453/624/1219 452/625/1220
f 452/625/1221 453/624/1222 456/626/1223 455/627/1224
f 455/627/1225 456/626/1226 458/628/1227 457/629/1228
f 457/629/1229 458/628/1230 460/630/1231 459/631/1232
f 459/632/1233 460/633/1234 462/634/1235 461/635/1236
f 461/635/1237 462/634/1238 464/636/1239 463/637/1240
f 463/638/1241 464/639/1242 466/640/1243 465/641/1244
f 465/641/1245 466/640/1246 468/642/1247 467/643/1248
f 467/643/1249 468/642/1250 470/644/1251 469/645/1252
f 469/645/1253 470/644/1254 472/646/1255 471/647/1256
f 471/648/1257 472/649/1258 474/650/1259 473/651/1260
f 473/651/1261 474/650/1262 454/652/1263 451/653/1264
f 402/654/1265 403/655/1266 401/656/1267
f 404/657/1268 403/655/1269 402/654/1270
f 405/658/1271 403/655/1272 404/657/1273
f 406/659/1274 403/655/1275 405/658/1276
f 407/660/1277 403/655/1278 406/659/1279
f 408/661/1280 403/655/1281 407/660/1282
f 409/662/1283 403/655/1284 408/661/1285
f 410/663/1286 403/655/1287 409/662/1288
f 411/664/1289 403/655/1290 410/663/1291
f 412/665/1292 403/655/1293 411/664/1294
f 413/666/1295 403/655/1296 412/665/1297
f 401/656/1298 403/655/1299 413/666/1300
f 414/667/1301 416/668/1302 415/669/1303
f 415/669/1304 416/668/1305 417/670/1306
f 417/670/1307 416/668/1308 418/671/1309
f 418/671/1310 416/668/1311 419/672/1312
f 419/672/1313 416/668/1314 420/673/1315
f 420/673/1316 416/668/1317 421/674/1318
f 421/674/1319 416/668/1320 422/675/1321
f 422/675/1322 416/668/1323 423/676/1324
f 423/676/1325 416/668/1326 424/677/1327
f 424/677/1328 416/668/1329 425/678/1330
f 425/678/1331 416/668/1332 426/679/1333
f 426/679/1334 416/668/1335 414/667/1336
f 306/680/1337 330/681/1338 329/682/1339 305/683/1340
f 307/684/1341 331/685/1342 330/681/1343 306/680/1344
f 308/686/1345 332/687/1346 331/685/1347 307/684/1348
f 309/688/1349 333/689/1350 332/687/1351 308/686/1352
f 310/690/1353 334/691/1354 333/689/1355 309/688/1356
f 311/692/1357 335/693/1358 334/691/1359 310/690/1360
f 312/694/1361 336/695/1362 335/693/1363 311/692/1364
f 313/696/1365 337/697/1366 336/695/1367 312/694/1368
f 314/698/1369 338/699/1370 337/697/1371 313/696/1372
f 315/700/1373 339/701/1374 338/699/1375 314/698/1376
f 316/702/1377 340/703/1378 339/701/1379 315/700/1380
f 305/683/1381 329/682/1382 340/703/1383 316/702/1384
f 317/704/1385 341/705/1386 342/706/1387 318/707/1388
f 318/707/1389 342/706/1390 343/708/1391 319/709/1392
f 319/709/1393 343/708/1394 344/710/1395 320/711/1396
f 320/711/1397 344/710/1398 345/712/1399 321/713/1400
f 321/713/1401 345/712/1402 346/714/1403 322/715/1404
f 322/715/1405 346/714/1406 347/716/1407 323/717/1408
f 323/717/1409 347/716/1410 348/718/1411 324/719/1412
f 324/719/1413 348/718/1414 349/720/1415 325/721/1416
f 325/721/1417 349/720/1418 350/722/1419 326/723/1420
f 326/723/1421 350/722/1422 351/724/1423 327/725/1424
f 327/725/1425 351/724/1426 352/726/1427 328/727/1428
f 328/727/1429 352/726/1430 341/705/1431 317/704/1432
f 330/728/1433 354/729/1434 353/730/1435 329/731/1436
f 331/732/1437 355/733/1438 354/729/1439 330/728/1440
f 332/734/1441 356/735/1442 355/733/1443 331/732/1444
f 333/736/1445 357/737/1446 356/735/1447 332/734/1448
f 334/738/1449 358/739/1450 357/740/1451 333/741/1452
f 335/742/1453 359/743/1454 358/739/1455 334/738/1456
f 336/744/1457 360/745/1458 359/746/1459 335/747/1460
f 337/748/1461 361/749/1462 360/745/1463 336/744/1464
f 338/750/1465 362/751/1466 361/749/1467 337/748/1468
f 339/752/1469 363/753/1470 362/751/1471 338/750/1472
f 340/754/1473 364/755/1474 363/756/1475 339/757/1476
f 329/758/1477 353/759/1478 364/755/1479 340/754/1480
f 341/760/1481 365/761/1482 366/762/1483 342/763/1484
f 342/763/1485 366/762/1486 367/764/1487 343/765/1488
f 343/765/1489 367/764/1490 368/766/1491 344/767/1492
f 344/767/1493 368/766/1494 369/768/1495 345/769/1496
f 345/770/1497 369/771/1498 370/772/1499 346/773/1500
f 346/773/1501 370/772/1502 371/774/1503 347/775/1504
f 347/776/1505 371/777/1506 372/778/1507 348/779/1508
f 348/779/1509 372/778/1510 373/780/1511 349/781/1512
f 349/781/1513 373/780/1514 374/782/1515 350/783/1516
f 350/783/1517 374/782/1518 375/784/1519 351/785/1520
f 351/786/1521 375/787/1522 376/788/1523 352/789/1524
f 352/789/1525 376/788/1526 365/790/1527 341/791/1528
f 354/792/1529 378/793/1530 377/794/1531 353/795/1532
f 355/796/1533 379/797/1534 378/793/1535 354/792/1536
f 356/798/1537 380/799/1538 379/797/1539 355/796/1540
f 357/800/1541 381/801/1542 380/799/1543 356/798/1544
f 358/802/1545 382/803/1546 381/801/1547 357/800/1548
f 359/804/1549 383/805/1550 382/803/1551 358/802/1552
f 360/806/1553 384/807/1554 383/805/1555 359/804/1556
f 361/808/1557 385/809/1558 384/807/1559 360/806/1560
f 362/810/1561 386/811/1562 385/809/1563 361/808/1564
f 363/812/1565 387/813/1566 386/811/1567 362/810/1568
f 364/814/1569 388/815/1570 387/813/1571 363/812/1572
f 353/795/1573 377/794/1574 388/815/1575 364/814/1576
f 365/816/1577 389/817/1578 390/818/1579 366/819/1580
f 366/819/1581 390/818/1582 391/820/1583 367/821/1584
f 367/821/1585 391/820/1586 392/822/1587 368/823/1588
f 368/823/1589 392/822/1590 393/824/1591 369/825/1592
f 369/825/1593 393/824/1594 394/826/1595 370/827/1596
f 370/827/1597 394/826/1598 395/828/1599 371/829/1600
f 371/829/1601 395/828/1602 396/830/1603 372/831/1604
f 372/831/1605 396/830/1606 397/832/1607 373/833/1608
f 373/833/1609 397/832/1610 398/834/1611 374/835/1612
f 374/835/1613 398/834/1614 399/836/1615 375/837/1616
f 375/837/1617 399/836/1618 400/838/1619 376/839/1620
f 376/839/1621 400/838/1622 389/817/1623 365/816/1624
f 378/840/1625 402/841/1626 401/842/1627 377/843/1628
f 379/844/1629 404/845/1630 402/841/1631 378/840/1632
f 380/846/1633 405/847/1634 404/845/1635 379/844/1636
f 381/848/1637 406/849/1638 405/847/1639 380/846/1640
f 382/850/1641 407/851/1642 406/852/1643 381/853/1644
f 383/854/1645 408/855/1646 407/851/1647 382/850/1648
f 384/856/1649 409/857/1650 408/858/1651 383/859/1652
f 385/860/1653 410/861/1654 409/857/1655 384/856/1656
f 386/862/1657 411/863/1658 410/861/1659 385/860/1660
f 387/864/1661 412/865/1662 411/863/1663 386/862/1664
f 388/866/1665 413/867/1666 412/868/1667 387/869/1668
f 377/870/1669 401/871/1670 413/867/1671 388/866/1672
f 389/872/1673 414/873/1674 415/874/1675 390/875/1676
f 390/875/1677 415/874/1678 417/876/1679 391/877/1680
f 391/877/1681 417/876/1682 418/878/1683 392/879/1684
f 392/879/1685 418/878/1686 419/880/1687 393/881/1688
f 393/882/1689 419/883/1690 420/884/1691 394/885/1692
f 394/885/1693 420/884/1694 421/886/1695 395/887/1696
f 395/888/1697 421/889/1698 422/890/1699 396/891/1700
f 396/891/1701 422/890/1702 423/892/1703 397/893/1704
f 397/893/1705 423/892/1706 424/894/1707 398/895/1708
f 398/895/1709 424/894/1710 425/896/1711 399/897/1712
f 399/898/1713 425/899/1714 426/900/1715 400/901/1716
f 400/901/1717 426/900/1718 414/902/1719 389/903/1720
f 305/904/1721 427/905/1722 428/906/1723 306/907/1724
f 318/908/1725 429/909/1726 430/910/1727 317/911/1728
f 306/907/1729 428/906/1730 431/912/1731 307/913/1732
f 319/914/1733 432/915/1734 429/909/1735 318/908/1736
f 307/913/1737 431/912/1738 433/916/1739 308/917/1740
f 320/918/1741 434/919/1742 432/915/1743 319/914/1744
f 308/917/1745 433/916/1746 435/920/1747 309/921/1748
f 321/922/1749 436/923/1750 434/919/1751 320/918/1752
f 309/924/1753 435/925/1754 437/926/1755 310/927/1756
f 322/928/1757 438/929/1758 436/930/1759 321/931/1760
f 310/927/1761 437/926/1762 439/932/1763 311/933/1764
f 323/934/1765 440/935/1766 438/929/1767 322/928/1768
f 311/936/1769 439/937/1770 441/938/1771 312/939/1772
f 324/940/1773 442/941/1774 440/942/1775 323/943/1776
f 312/939/1777 441/938/1778 443/944/1779 313/945/1780
f 325/946/1781 444/947/1782 442/941/1783 324/940/1784
f 313/945/1785 443/944/1786 445/948/1787 314/949/1788
f 326/950/1789 446/951/1790 444/947/1791 325/946/1792
f 314/949/1793 445/948/1794 447/952/1795 315/953/1796
f 327/954/1797 448/955/1798 446/951/1799 326/950/1800
f 315/956/1801 447/957/1802 449/958/1803 316/959/1804
f 328/960/1805 450/961/1806 448/962/1807 327/963/1808
f 316/959/1809 449/958/1810 427/964/1811 305/965/1812
f 317/966/1813 430/967/1814 450/961/1815 328/960/1816
f 427/968/1817 451/969/1818 452/970/1819 428/971/1820
f 429/972/1821 453/973/1822 454/974/1823 430/975/1824
f 428/971/1825 452/970/1826 455/976/1827 431/977/1828
f 432/978/1829 456/979/1830 453/973/1831 429/972/1832
f 431/977/1833 455/976/1834 457/980/1835 433/981/1836
f 434/982/1837 458/983/1838 456/979/1839 432/978/1840
f 433/981/1841 457/980/1842 459/984/1843 435/985/1844
f 436/986/1845 460/987/1846 458/983/1847 434/982/1848
f 435/985/1849 459/984/1850 461/988/1851 437/989/1852
f 438/990/1853 462/991/1854 460/987/1855 436/986/1856
f 437/989/1857 461/988/1858 463/992/1859 439/993/1860
f 440/994/1861 464/995/1862 462/991/1863 438/990/1864
f 439/993/1865 463/992/1866 465/996/1867 441/997/1868
f 442/998/1869 466/999/1870 464/995/1871 440/994/1872
f 441/997/1873 465/996/1874 467/1000/1875 443/1001/1876
f 444/1002/1877 468/1003/1878 466/999/1879 442/998/1880
f 443/1001/1881 467/1000/1882 469/1004/1883 445/1005/1884
f 446/1006/1885 470/1007/1886 468/1003/1887 444/1002/1888
f 445/1005/1889 469/1004/1890 471/1008/1891 447/1009/1892
f 448/1010/1893 472/1011/1894 470/1007/1895 446/1006/1896
f 447/1009/1897 471/1008/1898 473/1012/1899 449/1013/1900
f 450/1014/1901 474/1015/1902 472/1011/1903 448/1010/1904
f 449/1013/1905 473/1012/1906 451/969/1907 427/968/1908
f 430/975/1909 454/974/1910 474/1015/1911 450/1014/1912
f 487/1016/1913 514/1017/1914 513/1018/1915 488/1019/1916
f 475/1020/1917 499/1021/1918 503/1022/1919 478/1023/1920
f 476/1024/1921 475/1025/1922 479/1026/1923 480/1027/1924
f 490/1028/1925 487/1016/1926 488/1019/1927 489/1029/1928
f 482/1030/1929 478/1031/1930 477/1032/1931 481/1033/1932
f 479/1034/1933 475/1020/1934 478/1023/1935 482/1035/1936
f 477/1036/1937 485/1037/1938 484/1038/1939 481/1039/1940
f 480/1040/1941 483/1041/1942 486/1042/1943 476/1043/1944
f 485/1044/1945 489/1045/1946 488/1046/1947 484/1047/1948
f 483/1048/1949 487/1049/1950 490/1050/1951 486/1051/1952
f 493/1052/1953 479/1034/1954 482/1035/1955 497/1053/1956
f 515/1054/1957 490/1028/1958 489/1029/1959 517/1055/1960
f 491/1056/1961 508/1057/1962 483/1041/1963 492/1058/1964
f 492/1059/1965 493/1060/1966 494/1061/1967 491/1062/1968
f 495/1063/1969 484/1038/1970 507/1064/1971 496/1065/1972
f 496/1066/1973 498/1067/1974 497/1068/1975 495/1069/1976
f 499/1070/1977 501/1071/1978 502/1072/1979 500/1073/1980
f 501/1074/1981 509/1075/1982 510/1076/1983 502/1077/1984
f 504/1078/1985 505/1079/1986 506/1080/1987 503/1081/1988
f 505/1082/1989 511/1083/1990 512/1084/1991 506/1085/1992
f 484/1047/1993 488/1046/1994 513/1086/1995 507/1087/1996
f 508/1088/1997 514/1089/1998 487/1049/1999 483/1048/2000
f 509/1090/2001 515/1091/2002 516/1092/2003 510/1093/2004
f 511/1094/2005 518/1095/2006 517/1096/2007 512/1097/2008
f 491/1098/2009 494/1099/2010 498/1100/2011 496/1101/2012
f 502/1102/2013 505/1103/2014 504/1104/2015 500/1105/2016
f 495/1069/2017 497/1068/2018 482/1030/2019 481/1033/2020
f 480/1027/2021 479/1026/2022 493/1060/2023 492/1059/2024
f 501/1071/2025 499/1070/2026 475/1025/2027 476/1024/2028
f 478/1031/2029 503/1081/2030 506/1080/2031 477/1032/2032
f 481/1039/2033 484/1038/2034 495/1063/2035
f 496/1065/2036 507/1064/2037 508/1057/2038 491/1056/2039
f 492/1058/2040 483/1041/2041 480/1040/2042
f 502/1077/2043 510/1076/2044 511/1083/2045 505/1082/2046
f 506/1085/2047 512/1084/2048 485/1037/2049 477/1036/2050
f 476/1043/2051 486/1042/2052 509/1075/2053 501/1074/2054
f 507/1106/2055 513/1107/2056 514/1108/2057 508/1109/2058
f 510/1110/2059 516/1111/2060 518/1112/2061 511/1113/2062
f 512/1097/2063 517/1096/2064 489/1045/2065 485/1044/2066
f 486/1051/2067 490/1050/2068 515/1091/2069 509/1090/2070
f 499/1021/2071 500/1114/2072 504/1115/2073 503/1022/2074
f 493/1052/2075 497/1053/2076 498/1116/2077 494/1117/2078
f 515/1054/2079 517/1055/2080 518/1118/2081 516/1119/2082
f 519/1120/2083 531/1121/2084 532/1122/2085 520/1123/2086
f 520/1123/2087 532/1122/2088 533/1124/2089 521/1125/2090
f 521/1125/2091 533/1124/2092 534/1126/2093 522/1127/2094
f 522/1127/2095 534/1126/2096 535/1128/2097 523/1129/2098
f 523/1129/2099 535/1128/2100 536/1130/2101 524/1131/2102
f 524/1131/2103 536/1130/2104 537/1132/2105 525/1133/2106
f 525/1133/2107 537/1132/2108 538/1134/2109 526/1135/2110
f 526/1135/2111 538/1134/2112 539/1136/2113 527/1137/2114
f 527/1137/2115 539/1136/2116 540/1138/2117 528/1139/2118
f 528/1139/2119 540/1138/2120 541/1140/2121 529/1141/2122
f 529/1141/2123 541/1140/2124 542/1142/2125 530/1143/2126
f 530/1143/2127 542/1142/2128 531/1121/2129 519/1120/2130
f 531/1121/2131 543/1144/2132 544/1145/2133 532/1122/2134
f 532/1122/2135 544/1145/2136 545/1146/2137 533/1124/2138
f 533/1124/2139 545/1146/2140 546/1147/2141 534/1126/2142
f 534/1126/2143 546/1147/2144 547/1148/2145 535/1128/2146
f 535/1128/2147 547/1148/2148 548/1149/2149 536/1130/2150
f 536/1130/2151 548/1149/2152 549/1150/2153 537/1132/2154
f 537/1132/2155 549/1150/2156 550/1151/2157 538/1134/2158
f 538/1134/2159 550/1151/2160 551/1152/2161 539/1136/2162
f 539/1136/2163 551/1152/2164 552/1153/2165 540/1138/2166
f 540/1138/2167 552/1153/2168 553/1154/2169 541/1140/2170
f 541/1140/2171 553/1154/2172 554/1155/2173 542/1142/2174
f 542/1142/2175 554/1155/2176 543/1144/2177 531/1121/2178
f 543/1144/2179 555/1156/2180 556/1157/2181 544/1145/2182
f 544/1145/2183 556/1157/2184 557/1158/2185 545/1146/2186
f 545/1146/2187 557/1158/2188 558/1159/2189 546/1147/2190
f 546/1147/2191 558/1159/2192 559/1160/2193 547/1148/2194
f 547/1148/2195 559/1160/2196 560/1161/2197 548/1149/2198
f 548/1149/2199 560/1161/2200 561/1162/2201 549/1150/2202
f 549/1150/2203 561/1162/2204 562/1163/2205 550/1151/2206
f 550/1151/2207 562/1163/2208 563/1164/2209 551/1152/2210
f 551/1152/2211 563/1164/2212 564/1165/2213 552/1153/2214
f 552/1153/2215 564/1165/2216 565/1166/2217 553/1154/2218
f 553/1154/2219 565/1166/2220 566/1167/2221 554/1155/2222
f 554/1155/2223 566/1167/2224 555/1156/2225 543/1144/2226
f 555/1168/2227 567/1169/2228 568/1170/2229 556/1171/2230
f 556/1171/2231 568/1170/2232 569/1172/2233 557/1173/2234
f 557/1174/2235 569/1175/2236 570/1176/2237 558/1177/2238
f 558/1177/2239 570/1176/2240 571/1178/2241 559/1179/2242
f 559/1180/2243 571/1181/2244 572/1182/2245 560/1183/2246
f 560/1183/2247 572/1182/2248 573/1184/2249 561/1185/2250
f 561/1185/2251 573/1184/2252 574/1186/2253 562/1187/2254
f 562/1187/2255 574/1186/2256 575/1188/2257 563/1189/2258
f 563/1190/2259 575/1191/2260 576/1192/2261 564/1193/2262
f 564/1193/2263 576/1192/2264 577/1194/2265 565/1195/2266
f 565/1196/2267 577/1197/2268 578/1198/2269 566/1199/2270
f 566/1199/2271 578/1198/2272 567/1169/2273 555/1168/2274
f 641/1200/2275 644/1201/2276 643/1202/2277 642/1203/2278
f 642/1203/2279 643/1202/2280 646/1204/2281 645/1205/2282
f 645/1206/2283 646/1207/2284 648/1208/2285 647/1209/2286
f 647/1209/2287 648/1208/2288 650/1210/2289 649/1211/2290
f 649/1212/2291 650/1213/2292 652/1214/2293 651/1215/2294
f 651/1215/2295 652/1214/2296 654/1216/2297 653/1217/2298
f 653/1217/2299 654/1216/2300 656/1218/2301 655/1219/2302
f 655/1219/2303 656/1218/2304 658/1220/2305 657/1221/2306
f 657/1222/2307 658/1223/2308 660/1224/2309 659/1225/2310
f 659/1225/2311 660/1224/2312 662/1226/2313 661/1227/2314
f 661/1228/2315 662/1229/2316 664/1230/2317 663/1231/2318
f 663/1231/2319 664/1230/2320 644/1201/2321 641/1200/2322
f 644/1201/2323 666/1232/2324 665/1233/2325 643/1202/2326
f 643/1202/2327 665/1233/2328 667/1234/2329 646/1204/2330
f 646/1207/2331 667/1235/2332 668/1236/2333 648/1208/2334
f 648/1208/2335 668/1236/2336 669/1237/2337 650/1210/2338
f 650/1213/2339 669/1238/2340 670/1239/2341 652/1214/2342
f 652/1214/2343 670/1239/2344 671/1240/2345 654/1216/2346
f 654/1216/2347 671/1240/2348 672/1241/2349 656/1218/2350
f 656/1218/2351 672/1241/2352 673/1242/2353 658/1220/2354
f 658/1223/2355 673/1243/2356 674/1244/2357 660/1224/2358
f 660/1224/2359 674/1244/2360 675/1245/2361 662/1226/2362
f 662/1229/2363 675/1246/2364 676/1247/2365 664/1230/2366
f 664/1230/2367 676/1247/2368 666/1232/2369 644/1201/2370
f 579/1248/2371 591/1249/2372 592/1250/2373 580/1251/2374
f 580/1251/2375 592/1250/2376 593/1252/2377 581/1253/2378
f 581/1254/2379 593/1255/2380 594/1256/2381 582/1257/2382
f 582/1257/2383 594/1256/2384 595/1258/2385 583/1259/2386
f 583/1260/2387 595/1261/2388 596/1262/2389 584/1263/2390
f 584/1263/2391 596/1262/2392 597/1264/2393 585/1265/2394
f 585/1265/2395 597/1264/2396 598/1266/2397 586/1267/2398
f 586/1267/2399 598/1266/2400 599/1268/2401 587/1269/2402
f 587/1270/2403 599/1271/2404 600/1272/2405 588/1273/2406
f 588/1273/2407 600/1272/2408 601/1274/2409 589/1275/2410
f 589/1276/2411 601/1277/2412 602/1278/2413 590/1279/2414
f 590/1279/2415 602/1278/2416 591/1249/2417 579/1248/2418
f 591/1280/2419 603/1281/2420 604/1282/2421 592/1283/2422
f 592/1283/2423 604/1282/2424 605/1284/2425 593/1285/2426
f 593/1285/2427 605/1284/2428 606/1286/2429 594/1287/2430
f 594/1287/2431 606/1286/2432 607/1288/2433 595/1289/2434
f 595/1289/2435 607/1288/2436 608/1290/2437 596/1291/2438
f 596/1291/2439 608/1290/2440 609/1292/2441 597/1293/2442
f 597/1293/2443 609/1292/2444 610/1294/2445 598/1295/2446
f 598/1295/2447 610/1294/2448 611/1296/2449 599/1297/2450
f 599/1297/2451 611/1296/2452 612/1298/2453 600/1299/2454
f 600/1299/2455 612/1298/2456 613/1300/2457 601/1301/2458
f 601/1301/2459 613/1300/2460 614/1302/2461 602/1303/2462
f 602/1303/2463 614/1302/2464 603/1281/2465 591/1280/2466
f 603/1281/2467 615/1304/2468 616/1305/2469 604/1282/2470
f 604/1282/2471 616/1305/2472 617/1306/2473 605/1284/2474
f 605/1284/2475 617/1306/2476 618/1307/2477 606/1286/2478
f 606/1286/2479 618/1307/2480 619/1308/2481 607/1288/2482
f 607/1288/2483 619/1308/2484 620/1309/2485 608/1290/2486
f 608/1290/2487 620/1309/2488 621/1310/2489 609/1292/2490
f 609/1292/2491 621/1310/2492 622/1311/2493 610/1294/2494
f 610/1294/2495 622/1311/2496 623/1312/2497 611/1296/2498
f 611/1296/2499 623/1312/2500 624/1313/2501 612/1298/2502
f 612/1298/2503 624/1313/2504 625/1314/2505 613/1300/2506
f 613/1300/2507 625/1314/2508 626/1315/2509 614/1302/2510
f 614/1302/2511 626/1315/2512 615/1304/2513 603/1281/2514
f 677/1316/2515 680/1317/2516 679/1318/2517 678/1319/2518
f 678/1319/2519 679/1318/2520 682/1320/2521 681/1321/2522
f 681/1321/2523 682/1320/2524 684/1322/2525 683/1323/2526
f 683/1323/2527 684/1322/2528 686/1324/2529 685/1325/2530
f 685/1325/2531 686/1324/2532 688/1326/2533 687/1327/2534
f 687/1327/2535 688/1326/2536 690/1328/2537 689/1329/2538
f 689/1329/2539 690/1328/2540 692/1330/2541 691/1331/2542
f 691/1331/2543 692/1330/2544 694/1332/2545 693/1333/2546
f 693/1333/2547 694/1332/2548 696/1334/2549 695/1335/2550
f 695/1335/2551 696/1334/2552 698/1336/2553 697/1337/2554
f 697/1337/2555 698/1336/2556 700/1338/2557 699/1339/2558
f 699/1339/2559 700/1338/2560 680/1317/2561 677/1316/2562
f 520/1123/2563 639/1340/2564 519/1120/2565
f 521/1125/2566 639/1340/2567 520/1123/2568
f 522/1127/2569 639/1340/2570 521/1125/2571
f 523/1129/2572 639/1340/2573 522/1127/2574
f 524/1131/2575 639/1340/2576 523/1129/2577
f 525/1133/2578 639/1340/2579 524/1131/2580
f 526/1135/2581 639/1340/2582 525/1133/2583
f 527/1137/2584 639/1340/2585 526/1135/2586
f 528/1139/2587 639/1340/2588 527/1137/2589
f 529/1141/2590 639/1340/2591 528/1139/2592
f 530/1143/2593 639/1340/2594 529/1141/2595
f 519/1120/2596 639/1340/2597 530/1143/2598
f 627/1341/2599 640/1342/2600 628/1343/2601
f 628/1343/2602 640/1342/2603 629/1344/2604
f 629/1344/2605 640/1342/2606 630/1345/2607
f 630/1345/2608 640/1342/2609 631/1346/2610
f 631/1346/2611 640/1342/2612 632/1347/2613
f 632/1347/2614 640/1342/2615 633/1348/2616
f 633/1348/2617 640/1342/2618 634/1349/2619
f 634/1349/2620 640/1342/2621 635/1350/2622
f 635/1350/2623 640/1342/2624 636/1351/2625
f 636/1351/2626 640/1342/2627 637/1352/2628
f 637/1352/2629 640/1342/2630 638/1353/2631
f 638/1353/2632 640/1342/2633 627/1341/2634
f 567/1354/2635 641/1355/2636 642/1356/2637 568/1357/2638
f 568/1357/2639 642/1356/2640 645/1358/2641 569/1359/2642
f 569/1359/2643 645/1358/2644 647/1360/2645 570/1361/2646
f 570/1361/2647 647/1360/2648 649/1362/2649 571/1363/2650
f 571/1363/2651 649/1362/2652 651/1364/2653 572/1365/2654
f 572/1365/2655 651/1364/2656 653/1366/2657 573/1367/2658
f 573/1367/2659 653/1366/2660 655/1368/2661 574/1369/2662
f 574/1369/2663 655/1368/2664 657/1370/2665 575/1371/2666
f 575/1371/2667 657/1370/2668 659/1372/2669 576/1373/2670
f 576/1373/2671 659/1372/2672 661/1374/2673 577/1375/2674
f 577/1375/2675 661/1374/2676 663/1376/2677 578/1377/2678
f 578/1377/2679 663/1376/2680 641/1355/2681 567/1354/2682
f 580/1378/2683 665/1379/2684 666/1380/2685 579/1381/2686
f 581/1382/2687 667/1383/2688 665/1379/2689 580/1378/2690
f 582/1384/2691 668/1385/2692 667/1383/2693 581/1382/2694
f 583/1386/2695 669/1387/2696 668/1385/2697 582/1384/2698
f 584/1388/2699 670/1389/2700 669/1387/2701 583/1386/2702
f 585/1390/2703 671/1391/2704 670/1389/2705 584/1388/2706
f 586/1392/2707 672/1393/2708 671/1391/2709 585/1390/2710
f 587/1394/2711 673/1395/2712 672/1393/2713 586/1392/2714
f 588/1396/2715 674/1397/2716 673/1395/2717 587/1394/2718
f 589/1398/2719 675/1399/2720 674/1397/2721 588/1396/2722
f 590/1400/2723 676/1401/2724 675/1399/2725 589/1398/2726
f 579/1381/2727 666/1380/2728 676/1401/2729 590/1400/2730
f 615/1402/2731 677/1403/2732 678/1404/2733 616/1405/2734
f 628/1406/2735 679/1407/2736 680/1408/2737 627/1409/2738
f 616/1405/2739 678/1404/2740 681/1410/2741 617/1411/2742
f 629/1412/2743 682/1413/2744 679/1407/2745 628/1406/2746
f 617/1414/2747 681/1415/2748 683/1416/2749 618/1417/2750
f 630/1418/2751 684/1419/2752 682/1420/2753 629/1421/2754
f 618/1417/2755 683/1416/2756 685/1422/2757 619/1423/2758
f 631/1424/2759 686/1425/2760 684/1419/2761 630/1418/2762
f 619/1426/2763 685/1427/2764 687/1428/2765 620/1429/2766
f 632/1430/2767 688/1431/2768 686/1432/2769 631/1433/2770
f 620/1429/2771 687/1428/2772 689/1434/2773 621/1435/2774
f 633/1436/2775 690/1437/2776 688/1431/2777 632/1430/2778
f 621/1435/2779 689/1434/2780 691/1438/2781 622/1439/2782
f 634/1440/2783 692/1441/2784 690/1437/2785 633/1436/2786
f 622/1439/2787 691/1438/2788 693/1442/2789 623/1443/2790
f 635/1444/2791 694/1445/2792 692/1441/2793 634/1440/2794
f 623/1446/2795 693/1447/2796 695/1448/2797 624/1449/2798
f 636/1450/2799 696/1451/2800 694/1452/2801 635/1453/2802
f 624/1449/2803 695/1448/2804 697/1454/2805 625/1455/2806
f 637/1456/2807 698/1457/2808 696/1451/2809 636/1450/2810
f 625/1458/2811 697/1459/2812 699/1460/2813 626/1461/2814
f 638/1462/2815 700/1463/2816 698/1464/2817 637/1465/2818
f 626/1461/2819 699/1460/2820 677/1403/2821 615/1402/2822
f 627/1409/2823 680/1408/2824 700/1463/2825 638/1462/2826
f 712/1466/2827 716/1467/2828 714/1468/2829 710/1469/2830
f 717/1470/2831 718/1471/2832 722/1472/2833 721/1473/2834
f 720/1474/2835 724/1475/2836 722/1476/2837 718/1477/2838
f 708/1478/2839 707/1479/2840 721/1480/2841 723/1481/2842
f 717/1482/2843 706/1483/2844 705/1484/2845 719/1485/2846
f 701/1486/2847 702/1487/2848 711/1488/2849 709/1489/2850
f 715/1490/2851 703/1491/2852 704/1492/2853 713/1493/2854
f 709/1494/2855 710/1495/2856 714/1496/2857 713/1497/2858
f 705/1484/2859 706/1483/2860 702/1487/2861 701/1486/2862
f 702/1498/2863 706/1499/2864 707/1500/2865 703/1501/2866
f 704/1492/2867 703/1491/2868 707/1479/2869 708/1478/2870
f 705/1502/2871 701/1503/2872 704/1504/2873 708/1505/2874
f 711/1506/2875 702/1498/2876 703/1501/2877 715/1507/2878
f 719/1508/2879 723/1509/2880 724/1510/2881 720/1511/2882
f 709/1489/2883 711/1488/2884 712/1512/2885 710/1513/2886
f 714/1514/2887 716/1515/2888 715/1490/2889 713/1493/2890
f 717/1482/2891 719/1485/2892 720/1516/2893 718/1517/2894
f 722/1518/2895 724/1519/2896 723/1481/2897 721/1480/2898
f 711/1506/2899 715/1507/2900 716/1520/2901 712/1521/2902
f 706/1499/2903 717/1470/2904 721/1473/2905 707/1500/2906
f 719/1508/2907 705/1502/2908 708/1505/2909 723/1509/2910
f 701/1503/2911 709/1494/2912 713/1497/2913 704/1504/2914
f 725/1522/2915 733/1523/2916 734/1524/2917 726/1525/2918
f 726/1525/2919 734/1524/2920 735/1526/2921 727/1527/2922
f 727/1528/2923 735/1529/2924 736/1530/2925 728/1531/2926
f 728/1532/2927 736/1533/2928 737/1534/2929 729/1535/2930
f 729/1535/2931 737/1534/2932 738/1536/2933 730/1537/2934
f 730/1537/2935 738/1536/2936 739/1538/2937 731/1539/2938
f 731/1540/2939 739/1541/2940 740/1542/2941 732/1543/2942
f 732/1544/2943 740/1545/2944 733/1523/2945 725/1522/2946
f 726/1546/2947 741/1547/2948 725/1548/2949
f 727/1549/2950 741/1547/2951 726/1546/2952
f 728/1550/2953 741/1547/2954 727/1549/2955
f 729/1551/2956 741/1547/2957 728/1550/2958
f 730/1552/2959 741/1547/2960 729/1551/2961
f 731/1553/2962 741/1547/2963 730/1552/2964
f 732/1554/2965 741/1547/2966 731/1553/2967
f 725/1548/2968 741/1547/2969 732/1554/2970
f 733/1555/2971 742/1556/2972 734/1557/2973
f 734/1557/2974 742/1556/2975 735/1558/2976
f 735/1558/2977 742/1556/2978 736/1559/2979
f 736/1559/2980 742/1556/2981 737/1560/2982
f 737/1560/2983 742/1556/2984 738/1561/2985
f 738/1561/2986 742/1556/2987 739/1562/2988
f 739/1562/2989 742/1556/2990 740/1563/2991
f 740/1563/2992 742/1556/2993 733/1555/2994
f 743/1564/2995 745/1565/2996 746/1566/2997 744/1567/2998
f 745/1568/2999 747/1569/3000 748/1570/3001 746/1571/3002
f 747/1572/3003 749/1573/3004 750/1574/3005 748/1575/3006
f 749/1576/3007 743/1577/3008 744/1578/3009 750/1579/3010
f 744/1580/3011 746/1581/3012 748/1582/3013 750/1583/3014
f 749/1584/3015 747/1585/3016 745/1586/3017 743/1587/3018
f 751/1588/3019 759/1589/3020 760/1590/3021 752/1591/3022
f 752/1591/3023 760/1590/3024 761/1592/3025 753/1593/3026
f 753/1594/3027 761/1595/3028 762/1596/3029 754/1597/3030
f 754/1598/3031 762/1599/3032 763/1600/3033 755/1601/3034
f 755/1601/3035 763/1600/3036 764/1602/3037 756/1603/3038
f 756/1603/3039 764/1602/3040 765/1604/3041 757/1605/3042
f 757/1606/3043 765/1607/3044 766/1608/3045 758/1609/3046
f 758/1610/3047 766/1611/3048 759/1589/3049 751/1588/3050
f 752/1612/3051 767/1613/3052 751/1614/3053
f 753/1615/3054 767/1613/3055 752/1612/3056
f 754/1616/3057 767/1613/3058 753/1615/3059
f 755/1617/3060 767/1613/3061 754/1616/3062
f 756/1618/3063 767/1613/3064 755/1617/3065
f 757/1619/3066 767/1613/3067 756/1618/3068
f 758/1620/3069 767/1613/3070 757/1619/3071
f 751/1614/3072 767/1613/3073 758/1620/3074
f 759/1621/3075 768/1622/3076 760/1623/3077
f 760/1623/3078 768/1622/3079 761/1624/3080
f 761/1624/3081 768/1622/3082 762/1625/3083
f 762/1625/3084 768/1622/3085 763/1626/3086
f 763/1626/3087 768/1622/3088 764/1627/3089
f 764/1627/3090 768/1622/3091 765/1628/3092
f 765/1628/3093 768/1622/3094 766/1629/3095
f 766/1629/3096 768/1622/3097 759/1621/3098
f 769/1630/3099 771/1631/3100 772/1632/3101 770/1633/3102
f 771/1634/3103 773/1635/3104 774/1636/3105 772/1637/3106
f 773/1638/3107 775/1639/3108 776/1640/3109 774/1641/3110
f 775/1642/3111 769/1643/3112 770/1644/3113 776/1645/3114
f 770/1646/3115 772/1647/3116 774/1648/3117 776/1649/3118
f 775/1650/3119 773/1651/3120 771/1652/3121 769/1653/3122
f 788/1654/3123 785/1655/3124 778/1656/3125 780/1657/3126
f 787/1658/3127 788/1659/3128 780/1660/3129 782/1661/3130
f 786/1662/3131 787/1663/3132 782/1664/3133 784/1665/3134
f 786/1666/3135 784/1667/3136 778/1668/3137 785/1669/3138 808/1670/3139 807/1671/3140
f 801/1672/3141 802/1673/3142 803/1674/3143 804/1675/3144
f 790/1676/3145 791/1677/3146 787/1663/3147 786/1662/3148
f 791/1678/3149 792/1679/3150 788/1659/3151 787/1658/3152
f 792/1680/3153 789/1681/3154 785/1655/3155 788/1654/3156
f 794/1682/3157 795/1683/3158 791/1677/3159 790/1676/3160
f 795/1684/3161 796/1685/3162 792/1679/3163 791/1678/3164
f 796/1686/3165 793/1687/3166 789/1681/3167 792/1680/3168
f 809/1688/3169 810/1689/3170 811/1690/3171 812/1691/3172
f 798/1692/3173 799/1693/3174 795/1683/3175 794/1682/3176
f 799/1694/3177 800/1695/3178 796/1685/3179 795/1684/3180
f 800/1696/3181 797/1697/3182 793/1687/3183 796/1686/3184
f 781/1698/3185 799/1693/3186 798/1692/3187 783/1699/3188
f 779/1700/3189 800/1695/3190 799/1694/3191 781/1701/3192
f 777/1702/3193 797/1697/3194 800/1696/3195 779/1703/3196
f 805/1704/3197 806/1705/3198 802/1706/3199 801/1707/3200
f 806/1708/3201 807/1709/3202 803/1710/3203 802/1711/3204
f 807/1712/3205 808/1713/3206 804/1714/3207 803/1715/3208
f 808/1716/3209 805/1717/3210 801/1718/3211 804/1719/3212
f 813/1720/3213 814/1721/3214 810/1722/3215 809/1723/3216
f 814/1724/3217 815/1725/3218 811/1726/3219 810/1727/3220
f 815/1728/3221 816/1729/3222 812/1730/3223 811/1731/3224
f 816/1732/3225 813/1733/3226 809/1734/3227 812/1735/3228
f 790/1736/3229 806/1737/3230 805/1738/3231 789/1739/3232 793/1740/3233 816/1741/3234 815/1742/3235 794/1743/3236
f 790/1736/3237 786/1666/3238 807/1671/3239 806/1737/3240
f 785/1669/3241 789/1739/3242 805/1738/3243 808/1670/3244
f 798/1744/3245 814/1745/3246 813/1746/3247 797/1747/3248 777/1748/3249 783/1749/3250
f 798/1744/3251 794/1743/3252 815/1742/3253 814/1745/3254
f 793/1740/3255 797/1747/3256 813/1746/3257 816/1741/3258
f 783/1750/3259 777/1751/3260 818/1752/3261 817/1753/3262
f 777/1751/3263 779/1754/3264 819/1755/3265 818/1752/3266
f 779/1754/3267 781/1756/3268 820/1757/3269 819/1755/3270
f 781/1756/3271 783/1750/3272 817/1753/3273 820/1757/3274
f 817/1758/3275 818/1759/3276 822/1760/3277 821/1761/3278
f 818/1762/3279 819/1763/3280 823/1764/3281 822/1765/3282
f 819/1766/3283 820/1767/3284 824/1768/3285 823/1769/3286
f 820/1770/3287 817/1771/3288 821/1772/3289 824/1773/3290
f 780/1774/3291 778/1775/3292 822/1776/3293 823/1777/3294
f 778/1775/3295 784/1778/3296 821/1779/3297 822/1776/3298
f 784/1778/3299 782/1780/3300 824/1781/3301 821/1779/3302
f 782/1780/3303 780/1774/3304 823/1777/3305 824/1781/3306
f 825/1782/3307 826/1783/3308 828/1784/3309 827/1785/3310
f 829/1786/3311 837/1787/3312 838/1788/3313 830/1789/3314
f 830/1789/3315 838/1788/3316 839/1790/3317 831/1791/3318
f 831/1792/3319 839/1793/3320 840/1794/3321 832/1795/3322
f 832/1796/3323 840/1797/3324 841/1798/3325 833/1799/3326
f 833/1799/3327 841/1798/3328 842/1800/3329 834/1801/3330
f 834/1801/3331 842/1800/3332 843/1802/3333 835/1803/3334
f 835/1804/3335 843/1805/3336 844/1806/3337 836/1807/3338
f 836/1808/3339 844/1809/3340 837/1787/3341 829/1786/3342
f 830/1810/3343 845/1811/3344 829/1812/3345
f 831/1813/3346 845/1811/3347 830/1810/3348
f 832/1814/3349 845/1811/3350 831/1813/3351
f 833/1815/3352 845/1811/3353 832/1814/3354
f 834/1816/3355 845/1811/3356 833/1815/3357
f 835/1817/3358 845/1811/3359 834/1816/3360
f 836/1818/3361 845/1811/3362 835/1817/3363
f 829/1812/3364 845/1811/3365 836/1818/3366
f 837/1819/3367 846/1820/3368 838/1821/3369
f 838/1821/3370 846/1820/3371 839/1822/3372
f 839/1822/3373 846/1820/3374 840/1823/3375
f 840/1823/3376 846/1820/3377 841/1824/3378
f 841/1824/3379 846/1820/3380 842/1825/3381
f 842/1825/3382 846/1820/3383 843/1826/3384
f 843/1826/3385 846/1820/3386 844/1827/3387
f 844/1827/3388 846/1820/3389 837/1819/3390
f 847/1828/3391 849/1829/3392 850/1830/3393 848/1831/3394
f 849/1832/3395 851/1833/3396 852/1834/3397 850/1835/3398
f 851/1836/3399 853/1837/3400 854/1838/3401 852/1839/3402
f 853/1840/3403 847/1841/3404 848/1842/3405 854/1843/3406
f 848/1844/3407 850/1845/3408 852/1846/3409 854/1847/3410
f 853/1848/3411 851/1849/3412 849/1850/3413 847/1851/3414
f 855/1852/3415 863/1853/3416 864/1854/3417 856/1855/3418
f 856/1856/3419 864/1857/3420 865/1858/3421 857/1859/3422
f 857/1859/3423 865/1858/3424 866/1860/3425 858/1861/3426
f 858/1861/3427 866/1860/3428 867/1862/3429 859/1863/3430
f 859/1864/3431 867/1865/3432 868/1866/3433 860/1867/3434
f 860/1868/3435 868/1869/3436 869/1870/3437 861/1871/3438
f 861/1871/3439 869/1870/3440 870/1872/3441 862/1873/3442
f 862/1873/3443 870/1872/3444 863/1874/3445 855/1875/3446
f 856/1876/3447 871/1877/3448 855/1878/3449
f 857/1879/3450 871/1877/3451 856/1876/3452
f 858/1880/3453 871/1877/3454 857/1879/3455
f 859/1881/3456 871/1877/3457 858/1880/3458
f 860/1882/3459 871/1877/3460 859/1881/3461
f 861/1883/3462 871/1877/3463 860/1882/3464
f 862/1884/3465 871/1877/3466 861/1883/3467
f 855/1878/3468 871/1877/3469 862/1884/3470
f 863/1885/3471 872/1886/3472 864/1887/3473
f 864/1887/3474 872/1886/3475 865/1888/3476
f 865/1888/3477 872/1886/3478 866/1889/3479
f 866/1889/3480 872/1886/3481 867/1890/3482
f 867/1890/3483 872/1886/3484 868/1891/3485
f 868/1891/3486 872/1886/3487 869/1892/3488
f 869/1892/3489 872/1886/3490 870/1893/3491
f 870/1893/3492 872/1886/3493 863/1885/3494
f 873/1894/3495 875/1895/3496 876/1896/3497 874/1897/3498
f 875/1898/3499 877/1899/3500 878/1900/3501 876/1901/3502
f 877/1902/3503 879/1903/3504 880/1904/3505 878/1905/3506
f 879/1906/3507 873/1907/3508 874/1908/3509 880/1909/3510
f 874/1910/3511 876/1911/3512 878/1912/3513 880/1913/3514
f 879/1914/3515 877/1915/3516 875/1916/3517 873/1917/3518
f 881/1918/3519 889/1919/3520 890/1920/3521 882/1921/3522
f 882/1921/3523 890/1920/3524 891/1922/3525 883/1923/3526
f 883/1923/3527 891/1922/3528 892/1924/3529 884/1925/3530
f 884/1926/3531 892/1927/3532 893/1928/3533 885/1929/3534
f 885/1930/3535 893/1931/3536 894/1932/3537 886/1933/3538
f 886/1933/3539 894/1932/3540 895/1934/3541 887/1935/3542
f 887/1935/3543 895/1934/3544 896/1936/3545 888/1937/3546
f 888/1938/3547 896/1939/3548 889/1940/3549 881/1941/3550
f 882/1942/3551 897/1943/3552 881/1944/3553
f 883/1945/3554 897/1943/3555 882/1942/3556
f 884/1946/3557 897/1943/3558 883/1945/3559
f 885/1947/3560 897/1943/3561 884/1946/3562
f 886/1948/3563 897/1943/3564 885/1947/3565
f 887/1949/3566 897/1943/3567 886/1948/3568
f 888/1950/3569 897/1943/3570 887/1949/3571
f 881/1944/3572 897/1943/3573 888/1950/3574
f 889/1951/3575 898/1952/3576 890/1953/3577
f 890/1953/3578 898/1952/3579 891/1954/3580
f 891/1954/3581 898/1952/3582 892/1955/3583
f 892/1955/3584 898/1952/3585 893/1956/3586
f 893/1956/3587 898/1952/3588 894/1957/3589
f 894/1957/3590 898/1952/3591 895/1958/3592
f 895/1958/3593 898/1952/3594 896/1959/3595
f 896/1959/3596 898/1952/3597 889/1951/3598
f 899/1960/3599 901/1961/3600 902/1962/3601 900/1963/3602
f 901/1964/3603 903/1965/3604 904/1966/3605 902/1967/3606
f 903/1968/3607 905/1969/3608 906/1970/3609 904/1971/3610
f 905/1972/3611 899/1973/3612 900/1974/3613 906/1975/3614
f 900/1976/3615 902/1967/3616 904/1966/3617 906/1977/3618
f 905/1972/3619 903/1978/3620 901/1979/3621 899/1973/3622
f 907/1980/3623 908/1981/3624 910/1982/3625 909/1983/3626
f 914/1984/3627 911/1985/3628 912/1986/3629 913/1987/3630
f 913/1987/3631 915/1988/3632 916/1989/3633 914/1984/3634
f 909/1983/3635 916/1989/3636 915/1988/3637 917/1990/3638
f 917/1990/3639 918/1991/3640 907/1980/3641 909/1983/3642
f 909/1983/3643 910/1982/3644 919/1992/3645 916/1989/3646
f 920/1993/3647 914/1984/3648 916/1989/3649 919/1992/3650
f 911/1985/3651 914/1984/3652 920/1993/3653 921/1994/3654
f 923/1995/3655 922/1996/3656 907/1980/3657 918/1991/3658
f 927/1997/3659 924/1998/3660 925/1999/3661 926/2000/3662
f 925/1999/3663 922/1996/3664 923/1995/3665 926/2000/3666
f 924/1998/3667 928/2001/3668 929/2002/3669 925/1999/3670
f 925/1999/3671 929/2002/3672 930/2003/3673 922/1996/3674
f 930/2003/3675 908/1981/3676 907/1980/3677 922/1996/3678
f 928/2001/3679 931/2004/3680 932/2005/3681 929/2002/3682
f 929/2002/3683 932/2005/3684 933/2006/3685 930/2003/3686
f 934/2007/3687 908/1981/3688 930/2003/3689 933/2006/3690
f 934/2007/3691 935/2008/3692 910/1982/3693 908/1981/3694
f 910/1982/3695 935/2008/3696 936/2009/3697 919/1992/3698
f 937/2010/3699 920/1993/3700 919/1992/3701 936/2009/3702
f 920/1993/3703 937/2010/3704 938/2011/3705 921/1994/3706
f 990/2012/3707 989/2013/3708 991/2014/3709 992/2015/3710
f 913/2016/3711 912/2017/3712 939/2018/3713 940/2019/3714
f 915/2020/3715 913/2016/3716 940/2019/3717 941/2021/3718
f 917/2022/3719 915/2020/3720 941/2021/3721 942/2023/3722
f 918/2024/3723 917/2022/3724 942/2023/3725 943/2025/3726
f 989/2013/3727 993/2026/3728 994/2027/3729 991/2014/3730
f 923/2028/3731 918/2024/3732 943/2025/3733 944/2029/3734
f 924/2030/3735 927/2031/3736 945/2032/3737 946/2033/3738
f 927/2031/3739 926/2034/3740 947/2035/3741 945/2032/3742
f 926/2036/3743 923/2028/3744 944/2029/3745 947/2037/3746
f 928/2038/3747 924/2030/3748 946/2033/3749 948/2039/3750
f 931/2040/3751 928/2038/3752 948/2039/3753 949/2041/3754
f 932/2042/3755 931/2040/3756 949/2041/3757 950/2043/3758
f 933/2044/3759 932/2045/3760 950/2046/3761 951/2047/3762
f 934/2048/3763 933/2044/3764 951/2047/3765 952/2049/3766
f 935/2050/3767 934/2048/3768 952/2049/3769 953/2051/3770
f 936/2052/3771 935/2050/3772 953/2051/3773 954/2053/3774
f 937/2054/3775 936/2052/3776 954/2053/3777 955/2055/3778
f 938/2056/3779 937/2054/3780 955/2055/3781 956/2057/3782
f 993/2026/3783 995/2058/3784 996/2059/3785 994/2027/3786
f 957/2060/3787 959/2061/3788 960/2062/3789 958/2063/3790
f 964/2064/3791 963/2065/3792 962/2066/3793 961/2067/3794
f 963/2065/3795 964/2064/3796 966/2068/3797 965/2069/3798
f 959/2061/3799 967/2070/3800 965/2069/3801 966/2068/3802
f 967/2070/3803 959/2061/3804 957/2060/3805 968/2071/3806
f 959/2061/3807 966/2068/3808 969/2072/3809 960/2062/3810
f 970/2073/3811 969/2072/3812 966/2068/3813 964/2064/3814
f 961/2067/3815 971/2074/3816 970/2073/3817 964/2064/3818
f 973/2075/3819 968/2071/3820 957/2060/3821 972/2076/3822
f 977/2077/3823 976/2078/3824 975/2079/3825 974/2080/3826
f 975/2079/3827 976/2078/3828 973/2075/3829 972/2076/3830
f 974/2080/3831 975/2079/3832 979/2081/3833 978/2082/3834
f 975/2079/3835 972/2076/3836 980/2083/3837 979/2081/3838
f 980/2083/3839 972/2076/3840 957/2060/3841 958/2063/3842
f 978/2082/3843 979/2081/3844 982/2084/3845 981/2085/3846
f 979/2081/3847 980/2083/3848 983/2086/3849 982/2084/3850
f 984/2087/3851 983/2086/3852 980/2083/3853 958/2063/3854
f 984/2087/3855 958/2063/3856 960/2062/3857 985/2088/3858
f 960/2062/3859 969/2072/3860 986/2089/3861 985/2088/3862
f 987/2090/3863 986/2089/3864 969/2072/3865 970/2073/3866
f 970/2073/3867 971/2074/3868 988/2091/3869 987/2090/3870
f 997/2092/3871 992/2015/3872 991/2014/3873 998/2093/3874
f 963/2094/3875 940/2019/3876 939/2018/3877 962/2095/3878
f 965/2096/3879 941/2021/3880 940/2019/3881 963/2094/3882
f 967/2097/3883 942/2023/3884 941/2021/3885 965/2096/3886
f 968/2098/3887 943/2025/3888 942/2023/3889 967/2097/3890
f 998/2093/3891 991/2014/3892 994/2027/3893 999/2099/3894
f 973/2100/3895 944/2029/3896 943/2025/3897 968/2098/3898
f 974/2101/3899 946/2033/3900 945/2032/3901 977/2102/3902
f 977/2102/3903 945/2032/3904 947/2035/3905 976/2103/3906
f 976/2104/3907 947/2037/3908 944/2029/3909 973/2100/3910
f 978/2105/3911 948/2039/3912 946/2033/3913 974/2101/3914
f 981/2106/3915 949/2041/3916 948/2039/3917 978/2105/3918
f 982/2107/3919 950/2043/3920 949/2041/3921 981/2106/3922
f 983/2108/3923 951/2047/3924 950/2046/3925 982/2109/3926
f 984/2110/3927 952/2049/3928 951/2047/3929 983/2108/3930
f 985/2111/3931 953/2051/3932 952/2049/3933 984/2110/3934
f 986/2112/3935 954/2053/3936 953/2051/3937 985/2111/3938
f 987/2113/3939 955/2055/3940 954/2053/3941 986/2112/3942
f 988/2114/3943 956/2057/3944 955/2055/3945 987/2113/3946
f 999/2099/3947 994/2027/3948 996/2059/3949 1000/2115/3950
f 912/1986/3951 911/1985/3952 989/2116/3953 990/2117/3954
f 939/2018/3955 912/2017/3956 990/2118/3957 992/2119/3958
f 911/1985/3959 921/1994/3960 993/2120/3961 989/2116/3962
f 921/1994/3963 938/2011/3964 995/2121/3965 993/2120/3966
f 938/2056/3967 956/2057/3968 996/2122/3969 995/2123/3970
f 962/2095/3971 939/2018/3972 992/2119/3973 997/2124/3974
f 961/2067/3975 962/2066/3976 997/2125/3977 998/2126/3978
f 971/2074/3979 961/2067/3980 998/2126/3981 999/2127/3982
f 956/2057/3983 988/2114/3984 1000/2128/3985 996/2122/3986
f 988/2091/3987 971/2074/3988 999/2127/3989 1000/2129/3990
f 1004/2130/3991 1012/2131/3992 1013/2132/3993 1003/2133/3994
f 1008/2134/3995 1005/2135/3996 1006/2136/3997 1007/2137/3998
f 1007/2137/3999 1006/2136/4000 1004/2130/4001 1003/2133/4002
f 1005/2135/4003 1009/2138/4004 1010/2139/4005 1006/2136/4006
f 1011/2140/4007 1004/2130/4008 1006/2136/4009 1010/2139/4010
f 1028/2141/4011 1019/2142/4012 1001/2143/4013 1002/2144/4014
f 1011/2140/4015 1012/2131/4016 1004/2130/4017
f 1010/2139/4018 1014/2145/4019 1012/2131/4020 1011/2140/4021
f 1014/2145/4022 1015/2146/4023 1016/2147/4024 1012/2131/4025
f 1020/2148/4026 1017/2149/4027 1018/2150/4028 1019/2142/4029
f 1018/2150/4030 1021/2151/4031 1001/2143/4032 1019/2142/4033
f 1019/2142/4034 1022/2152/4035 1023/2153/4036 1020/2148/4037
f 1025/2154/4038 1023/2153/4039 1022/2152/4040 1024/2155/4041
f 1016/2147/4042 1015/2146/4043 1025/2154/4044 1024/2155/4045
f 1013/2132/4046 1012/2131/4047 1016/2147/4048 1029/2156/4049
f 1026/2157/4050 1024/2155/4051 1022/2152/4052 1027/2158/4053
f 1027/2158/4054 1022/2152/4055 1019/2142/4056 1028/2141/4057
f 1029/2156/4058 1016/2147/4059 1024/2155/4060 1026/2157/4061
f 1031/2159/4062 1030/2160/4063 1002/2144/4064 1001/2143/4065
f 1001/2143/4066 1021/2151/4067 1032/2161/4068 1031/2159/4069
f 1034/2162/4070 1031/2159/4071 1032/2161/4072 1033/2163/4073
f 1030/2160/4074 1031/2159/4075 1034/2162/4076 1035/2164/4077
f 1033/2163/4078 1088/2165/4079 1089/2166/4080 1038/2167/4081
f 1038/2167/4082 1089/2166/4083 1090/2168/4084 1040/2169/4085
f 1041/2170/4086 1034/2162/4087 1033/2163/4088 1038/2167/4089
f 1041/2170/4090 1038/2167/4091 1040/2169/4092 1042/2171/4093
f 1041/2170/4094 1043/2172/4095 1035/2164/4096 1034/2162/4097
f 1043/2172/4098 1041/2170/4099 1042/2171/4100 1044/2173/4101
f 1042/2171/4102 1045/2174/4103 1046/2175/4104 1044/2173/4105
f 1076/2176/4106 1077/2177/4107 1047/2178/4108 1048/2179/4109
f 1040/2169/4110 1049/2180/4111 1045/2174/4112 1042/2171/4113
f 1047/2178/4114 1077/2177/4115 1078/2181/4116 1050/2182/4117
f 1040/2169/4118 1090/2168/4119 1091/2183/4120 1049/2180/4121
f 1092/2184/4122 1093/2185/4123 1050/2182/4124 1078/2181/4125
f 1054/2186/4126 1037/2187/4127 1036/2188/4128 1053/2189/4129
f 1053/2189/4130 1055/2190/4131 1056/2191/4132 1054/2186/4133
f 1058/2192/4134 1057/2193/4135 1056/2191/4136 1055/2190/4137
f 1058/2192/4138 1059/2194/4139 1060/2195/4140 1057/2193/4141
f 1059/2194/4142 1061/2196/4143 1062/2197/4144 1060/2195/4145
f 1061/2196/4146 1063/2198/4147 1064/2199/4148 1062/2197/4149
f 1066/2200/4150 1064/2199/4151 1063/2198/4152 1065/2201/4153
f 1068/2202/4154 1066/2200/4155 1065/2201/4156 1067/2203/4157
f 1068/2202/4158 1067/2203/4159 1069/2204/4160 1070/2205/4161
f 1070/2205/4162 1069/2204/4163 1071/2206/4164 1072/2207/4165
f 1074/2208/4166 1072/2207/4167 1071/2206/4168 1073/2209/4169
f 1052/2210/4170 1075/2211/4171 1074/2208/4172 1073/2209/4173
f 1045/2174/4174 1077/2177/4175 1076/2176/4176 1046/2175/4177
f 1078/2181/4178 1077/2177/4179 1045/2174/4180 1049/2180/4181
f 1091/2183/4182 1092/2184/4183 1078/2181/4184 1049/2180/4185
f 1114/2212/4186 1115/2213/4187 1079/2214/4188 1080/2215/4189
f 1082/2216/4190 1081/2217/4191 1036/2188/4192 1037/2187/4193
f 1083/2218/4194 1082/2216/4195 1037/2187/4196 1039/2219/4197
f 1084/2220/4198 1083/2218/4199 1039/2219/4200 1051/2221/4201
f 1075/2211/4202 1085/2222/4203 1084/2220/4204 1051/2221/4205
f 1052/2210/4206 1086/2223/4207 1085/2222/4208 1075/2211/4209
f 1113/2224/4210 1114/2212/4211 1080/2215/4212 1087/2225/4213
f 1089/2166/4214 1088/2165/4215 1081/2217/4216 1082/2216/4217
f 1090/2168/4218 1089/2166/4219 1082/2216/4220 1083/2218/4221
f 1091/2183/4222 1090/2168/4223 1083/2218/4224 1084/2220/4225
f 1084/2220/4226 1085/2222/4227 1092/2184/4228 1091/2183/4229
f 1085/2222/4230 1086/2223/4231 1093/2185/4232 1092/2184/4233
f 1087/2225/4234 1094/2226/4235 1112/2227/4236 1113/2224/4237
f 1096/2228/4238 1095/2229/4239 1050/2182/4240 1093/2185/4241
f 1079/2214/4242 1115/2213/4243 1116/2230/4244 1097/2231/4245
f 1097/2231/4246 1116/2230/4247 1117/2232/4248 1099/2233/4249
f 1099/2233/4250 1117/2232/4251 1118/2234/4252 1101/2235/4253
f 1118/2234/4254 1119/2236/4255 1102/2237/4256 1101/2235/4257
f 1119/2236/4258 1120/2238/4259 1104/2239/4260 1102/2237/4261
f 1104/2239/4262 1120/2238/4263 1121/2240/4264 1107/2241/4265
f 1121/2240/4266 1122/2242/4267 1108/2243/4268 1107/2241/4269
f 1108/2243/4270 1122/2242/4271 1123/2244/4272 1111/2245/4273
f 1113/2224/4274 1112/2227/4275 1093/2185/4276 1086/2223/4277
f 1052/2210/4278 1114/2212/4279 1113/2224/4280 1086/2223/4281
f 1073/2209/4282 1115/2213/4283 1114/2212/4284 1052/2210/4285
f 1116/2230/4286 1115/2213/4287 1073/2209/4288 1071/2206/4289
f 1117/2232/4290 1116/2230/4291 1071/2206/4292 1098/2246/4293
f 1118/2234/4294 1117/2232/4295 1098/2246/4296 1100/2247/4297
f 1103/2248/4298 1119/2236/4299 1118/2234/4300 1100/2247/4301
f 1105/2249/4302 1120/2238/4303 1119/2236/4304 1103/2248/4305
f 1121/2240/4306 1120/2238/4307 1105/2249/4308 1106/2250/4309
f 1109/2251/4310 1122/2242/4311 1121/2240/4312 1106/2250/4313
f 1123/2244/4314 1122/2242/4315 1109/2251/4316 1110/2252/4317
f 1123/2244/4318 1124/2253/4319 1125/2254/4320 1111/2245/4321
f 1127/2255/4322 1123/2244/4323 1110/2252/4324 1126/2256/4325
f 1129/2257/4326 1128/2258/4327 1123/2244/4328 1127/2255/4329
f 1128/2258/4330 1130/2259/4331 1124/2253/4332 1123/2244/4333
f 1047/2178/4334 1131/2260/4335 1132/2261/4336 1048/2179/4337
f 1134/2262/4338 1131/2260/4339 1047/2178/4340 1133/2263/4341
f 1050/2182/4342 1135/2264/4343 1133/2263/4344 1047/2178/4345
f 1135/2264/4346 1050/2182/4347 1095/2229/4348 1136/2265/4349
f 1138/2266/4350 1137/2267/4351 1133/2263/4352 1135/2264/4353
f 1139/2268/4354 1138/2266/4355 1135/2264/4356 1136/2265/4357
f 1137/2267/4358 1140/2269/4359 1134/2262/4360 1133/2263/4361
f 1140/2269/4362 1137/2267/4363 1141/2270/4364 1142/2271/4365
f 1143/2272/4366 1141/2270/4367 1137/2267/4368 1138/2266/4369
f 1139/2268/4370 1144/2273/4371 1143/2272/4372 1138/2266/4373
f 1141/2270/4374 1145/2274/4375 1146/2275/4376 1142/2271/4377
f 1145/2274/4378 1141/2270/4379 1143/2272/4380 1147/2276/4381
f 1144/2273/4382 1148/2277/4383 1147/2276/4384 1143/2272/4385
f 1150/2278/4386 1146/2275/4387 1145/2274/4388 1149/2279/4389
f 1147/2276/4390 1151/2280/4391 1149/2279/4392 1145/2274/4393
f 1148/2277/4394 1152/2281/4395 1151/2280/4396 1147/2276/4397
f 1154/2282/4398 1150/2278/4399 1149/2279/4400 1153/2283/4401
f 1153/2283/4402 1149/2279/4403 1151/2280/4404 1155/2284/4405
f 1152/2281/4406 1156/2285/4407 1155/2284/4408 1151/2280/4409
f 1156/2285/4410 1157/2286/4411 1158/2287/4412 1155/2284/4413
f 1155/2284/4414 1158/2287/4415 1159/2288/4416 1153/2283/4417
f 1159/2288/4418 1160/2289/4419 1154/2282/4420 1153/2283/4421
f 1158/2287/4422 1157/2286/4423 1161/2290/4424 1162/2291/4425
f 1164/2292/4426 1163/2293/4427 1162/2291/4428 1161/2290/4429
f 1165/2294/4430 1158/2287/4431 1162/2291/4432 1163/2293/4433
f 1167/2295/4434 1166/2296/4435 1165/2294/4436 1163/2293/4437
f 1163/2293/4438 1164/2292/4439 1168/2297/4440
f 1170/2298/4441 1169/2299/4442 1163/2293/4443 1168/2297/4444
f 1163/2293/4445 1169/2299/4446 1173/2300/4447 1167/2295/4448
f 1167/2295/4449 1172/2301/4450 1166/2296/4451
f 1167/2295/4452 1173/2300/4453 1171/2302/4454 1172/2301/4455
f 1165/2294/4456 1174/2303/4457 1159/2288/4458 1158/2287/4459
f 1174/2303/4460 1165/2294/4461 1166/2296/4462 1175/2304/4463
f 1166/2296/4464 1172/2301/4465 1176/2305/4466 1175/2304/4467
f 1174/2303/4468 1177/2306/4469 1160/2289/4470 1159/2288/4471
f 1174/2303/4472 1175/2304/4473 1178/2307/4474 1177/2306/4475
f 1176/2305/4476 1179/2308/4477 1178/2307/4478 1175/2304/4479
f 1181/2309/4480 1180/2310/4481 1023/2153/4482 1025/2154/4483
f 1180/2310/4484 1181/2309/4485 1182/2311/4486 1183/2312/4487
f 1183/2312/4488 1182/2311/4489 1184/2313/4490 1185/2314/4491
f 1185/2314/4492 1184/2313/4493 1186/2315/4494 1187/2316/4495
f 1187/2316/4496 1186/2315/4497 1188/2317/4498 1189/2318/4499
f 1191/2319/4500 1190/2320/4501 1189/2318/4502 1188/2317/4503
f 1189/2318/4504 1190/2320/4505 1192/2321/4506 1193/2322/4507
f 1193/2322/4508 1194/2323/4509 1187/2316/4510 1189/2318/4511
f 1194/2323/4512 1195/2324/4513 1185/2314/4514 1187/2316/4515
f 1197/2325/4516 1196/2326/4517 1191/2319/4518 1188/2317/4519
f 1188/2317/4520 1186/2315/4521 1198/2327/4522 1199/2328/4523
f 1028/2329/4524 1002/2330/4525 1200/2331/4526 1201/2332/4527
f 1005/2333/4528 1008/2334/4529 1202/2335/4530 1203/2336/4531
f 1008/2337/4532 1007/2338/4533 1204/2339/4534 1202/2340/4535
f 1007/2338/4536 1003/2341/4537 1205/2342/4538 1204/2339/4539
f 1009/2343/4540 1005/2333/4541 1203/2336/4542 1206/2344/4543
f 1010/2345/4544 1009/2346/4545 1206/2347/4546 1207/2348/4547
f 1003/2341/4548 1013/2349/4549 1208/2350/4550 1205/2342/4551
f 1014/2351/4552 1010/2345/4553 1207/2348/4554 1209/2352/4555
f 1015/2353/4556 1014/2351/4557 1209/2352/4558 1210/2354/4559
f 1017/2355/4560 1020/2356/4561 1211/2357/4562 1212/2358/4563
f 1018/2359/4564 1017/2355/4565 1212/2358/4566 1213/2360/4567
f 1021/2361/4568 1018/2359/4569 1213/2360/4570 1214/2362/4571
f 1020/2356/4572 1023/2363/4573 1215/2364/4574 1211/2357/4575
f 1025/2365/4576 1015/2353/4577 1210/2354/4578 1216/2366/4579
f 1029/2367/4580 1026/2368/4581 1217/2369/4582 1218/2370/4583
f 1026/2368/4584 1027/2371/4585 1219/2372/4586 1217/2369/4587
f 1027/2371/4588 1028/2329/4589 1201/2332/4590 1219/2372/4591
f 1013/2349/4592 1029/2367/4593 1218/2370/4594 1208/2350/4595
f 1002/2330/4596 1030/2373/4597 1220/2374/4598 1200/2331/4599
f 1032/2375/4600 1021/2361/4601 1214/2362/4602 1221/2376/4603
f 1033/2377/4604 1032/2375/4605 1221/2376/4606 1222/2378/4607
f 1030/2373/4608 1035/2379/4609 1223/2380/4610 1220/2374/4611
f 1088/2381/4612 1033/2382/4613 1222/2383/4614 1224/2384/4615
f 1039/2385/4616 1037/2386/4617 1225/2387/4618 1226/2388/4619
f 1035/2379/4620 1043/2389/4621 1227/2390/4622 1223/2380/4623
f 1043/2389/4624 1044/2391/4625 1228/2392/4626 1227/2390/4627
f 1044/2391/4628 1046/2393/4629 1229/2394/4630 1228/2392/4631
f 1076/2395/4632 1048/2396/4633 1230/2397/4634 1231/2398/4635
f 1051/2399/4636 1039/2385/4637 1226/2388/4638 1232/2400/4639
f 1075/2401/4640 1051/2399/4641 1232/2400/4642 1233/2402/4643
f 1037/2386/4644 1054/2403/4645 1234/2404/4646 1225/2387/4647
f 1053/2405/4648 1036/2406/4649 1235/2407/4650 1236/2408/4651
f 1055/2409/4652 1053/2405/4653 1236/2408/4654 1237/2410/4655
f 1054/2411/4656 1056/2412/4657 1238/2413/4658 1234/2414/4659
f 1056/2412/4660 1057/2415/4661 1239/2416/4662 1238/2413/4663
f 1058/2417/4664 1055/2409/4665 1237/2410/4666 1240/2418/4667
f 1059/2419/4668 1058/2420/4669 1240/2421/4670 1241/2422/4671
f 1057/2423/4672 1060/2424/4673 1242/2425/4674 1239/2426/4675
f 1061/2427/4676 1059/2419/4677 1241/2422/4678 1243/2428/4679
f 1060/2424/4680 1062/2429/4681 1244/2430/4682 1242/2425/4683
f 1063/2431/4684 1061/2427/4685 1243/2428/4686 1245/2432/4687
f 1062/2429/4688 1064/2433/4689 1246/2434/4690 1244/2430/4691
f 1064/2433/4692 1066/2435/4693 1247/2436/4694 1246/2434/4695
f 1065/2437/4696 1063/2431/4697 1245/2432/4698 1248/2438/4699
f 1066/2435/4700 1068/2439/4701 1249/2440/4702 1247/2436/4703
f 1067/2441/4704 1065/2437/4705 1248/2438/4706 1250/2442/4707
f 1069/2443/4708 1067/2441/4709 1250/2442/4710 1251/2444/4711
f 1068/2439/4712 1070/2445/4713 1252/2446/4714 1249/2440/4715
f 1071/2447/4716 1069/2443/4717 1251/2444/4718 1253/2448/4719
f 1070/2445/4720 1072/2449/4721 1254/2450/4722 1252/2446/4723
f 1072/2451/4724 1074/2452/4725 1255/2453/4726 1254/2454/4727
f 1074/2452/4728 1075/2455/4729 1233/2456/4730 1255/2453/4731
f 1046/2393/4732 1076/2395/4733 1231/2398/4734 1229/2394/4735
f 1080/2457/4736 1079/2458/4737 1256/2459/4738 1257/2460/4739
f 1036/2406/4740 1081/2461/4741 1258/2462/4742 1235/2407/4743
f 1087/2463/4744 1080/2457/4745 1257/2460/4746 1259/2464/4747
f 1081/2461/4748 1088/2381/4749 1224/2384/4750 1258/2462/4751
f 1094/2465/4752 1087/2463/4753 1259/2464/4754 1260/2466/4755
f 1112/2467/4756 1094/2465/4757 1260/2466/4758 1261/2468/4759
f 1095/2469/4760 1096/2470/4761 1262/2471/4762 1263/2472/4763
f 1096/2470/4764 1093/2473/4765 1264/2474/4766 1262/2471/4767
f 1079/2458/4768 1097/2475/4769 1265/2476/4770 1256/2459/4771
f 1098/2477/4772 1071/2447/4773 1253/2448/4774 1266/2478/4775
f 1097/2475/4776 1099/2479/4777 1267/2480/4778 1265/2476/4779
f 1100/2481/4780 1098/2477/4781 1266/2478/4782 1268/2482/4783
f 1099/2479/4784 1101/2483/4785 1269/2484/4786 1267/2480/4787
f 1101/2483/4788 1102/2485/4789 1270/2486/4790 1269/2484/4791
f 1103/2487/4792 1100/2488/4793 1268/2489/4794 1271/2490/4795
f 1102/2485/4796 1104/2491/4797 1272/2492/4798 1270/2486/4799
f 1105/2493/4800 1103/2487/4801 1271/2490/4802 1273/2494/4803
f 1106/2495/4804 1105/2493/4805 1273/2494/4806 1274/2496/4807
f 1104/2491/4808 1107/2497/4809 1275/2498/4810 1272/2492/4811
f 1107/2497/4812 1108/2499/4813 1276/2500/4814 1275/2498/4815
f 1109/2501/4816 1106/2495/4817 1274/2496/4818 1277/2502/4819
f 1110/2503/4820 1109/2501/4821 1277/2502/4822 1278/2504/4823
f 1108/2499/4824 1111/2505/4825 1279/2506/4826 1276/2500/4827
f 1093/2507/4828 1112/2467/4829 1261/2468/4830 1264/2508/4831
f 1125/2509/4832 1124/2510/4833 1280/2511/4834 1281/2512/4835
f 1111/2505/4836 1125/2509/4837 1281/2512/4838 1279/2506/4839
f 1126/2513/4840 1110/2514/4841 1278/2515/4842 1282/2516/4843
f 1127/2517/4844 1126/2518/4845 1282/2519/4846 1283/2520/4847
f 1128/2521/4848 1129/2522/4849 1284/2523/4850 1285/2524/4851
f 1129/2522/4852 1127/2517/4853 1283/2520/4854 1284/2523/4855
f 1130/2525/4856 1128/2521/4857 1285/2524/4858 1286/2526/4859
f 1124/2527/4860 1130/2525/4861 1286/2526/4862 1280/2528/4863
f 1132/2529/4864 1131/2530/4865 1287/2531/4866 1288/2532/4867
f 1048/2396/4868 1132/2529/4869 1288/2532/4870 1230/2397/4871
f 1131/2530/4872 1134/2533/4873 1289/2534/4874 1287/2531/4875
f 1136/2535/4876 1095/2469/4877 1263/2472/4878 1290/2536/4879
f 1139/2537/4880 1136/2535/4881 1290/2536/4882 1291/2538/4883
f 1134/2533/4884 1140/2539/4885 1292/2540/4886 1289/2534/4887
f 1140/2539/4888 1142/2541/4889 1293/2542/4890 1292/2540/4891
f 1144/2543/4892 1139/2537/4893 1291/2538/4894 1294/2544/4895
f 1142/2541/4896 1146/2545/4897 1295/2546/4898 1293/2542/4899
f 1148/2547/4900 1144/2543/4901 1294/2544/4902 1296/2548/4903
f 1146/2545/4904 1150/2549/4905 1297/2550/4906 1295/2546/4907
f 1152/2551/4908 1148/2547/4909 1296/2548/4910 1298/2552/4911
f 1150/2549/4912 1154/2553/4913 1299/2554/4914 1297/2550/4915
f 1156/2555/4916 1152/2551/4917 1298/2552/4918 1300/2556/4919
f 1157/2557/4920 1156/2555/4921 1300/2556/4922 1301/2558/4923
f 1154/2553/4924 1160/2559/4925 1302/2560/4926 1299/2554/4927
f 1161/2561/4928 1157/2557/4929 1301/2558/4930 1303/2562/4931
f 1164/2563/4932 1161/2561/4933 1303/2562/4934 1304/2564/4935
f 1168/2565/4936 1164/2563/4937 1304/2564/4938 1305/2566/4939
f 1169/2567/4940 1170/2568/4941 1306/2569/4942 1307/2570/4943
f 1170/2568/4944 1168/2565/4945 1305/2566/4946 1306/2569/4947
f 1173/2571/4948 1169/2567/4949 1307/2570/4950 1308/2572/4951
f 1172/2573/4952 1171/2574/4953 1309/2575/4954 1310/2576/4955
f 1171/2577/4956 1173/2571/4957 1308/2572/4958 1309/2578/4959
f 1176/2579/4960 1172/2573/4961 1310/2576/4962 1311/2580/4963
f 1160/2559/4964 1177/2581/4965 1312/2582/4966 1302/2560/4967
f 1177/2581/4968 1178/2583/4969 1313/2584/4970 1312/2582/4971
f 1179/2585/4972 1176/2579/4973 1311/2580/4974 1314/2586/4975
f 1178/2583/4976 1179/2587/4977 1314/2588/4978 1313/2584/4979
f 1023/2589/4980 1180/2590/4981 1315/2591/4982 1215/2592/4983
f 1181/2593/4984 1025/2594/4985 1216/2595/4986 1316/2596/4987
f 1182/2597/4988 1181/2593/4989 1316/2596/4990 1317/2598/4991
f 1180/2590/4992 1183/2599/4993 1318/2600/4994 1315/2591/4995
f 1184/2601/4996 1182/2597/4997 1317/2598/4998 1319/2602/4999
f 1183/2599/5000 1185/2603/5001 1320/2604/5002 1318/2600/5003
f 1186/2605/5004 1184/2601/5005 1319/2602/5006 1321/2606/5007
f 1190/2607/5008 1191/2608/5009 1322/2609/5010 1323/2610/5011
f 1192/2611/5012 1190/2607/5013 1323/2610/5014 1324/2612/5015
f 1193/2613/5016 1192/2614/5017 1324/2615/5018 1325/2616/5019
f 1194/2617/5020 1193/2613/5021 1325/2616/5022 1326/2618/5023
f 1195/2619/5024 1194/2617/5025 1326/2618/5026 1327/2620/5027
f 1185/2603/5028 1195/2619/5029 1327/2620/5030 1320/2604/5031
f 1196/2621/5032 1197/2622/5033 1328/2623/5034 1329/2624/5035
f 1191/2608/5036 1196/2625/5037 1329/2626/5038 1322/2609/5039
f 1197/2622/5040 1188/2627/5041 1330/2628/5042 1328/2623/5043
f 1198/2629/5044 1186/2605/5045 1321/2606/5046 1331/2630/5047
f 1199/2631/5048 1198/2629/5049 1331/2630/5050 1332/2632/5051
f 1188/2633/5052 1199/2634/5053 1332/2635/5054 1330/2636/5055
f 1336/2637/5056 1335/2638/5057 1345/2639/5058 1344/2640/5059
f 1340/2641/5060 1339/2642/5061 1338/2643/5062 1337/2644/5063
f 1339/2642/5064 1335/2638/5065 1336/2637/5066 1338/2643/5067
f 1337/2644/5068 1338/2643/5069 1342/2645/5070 1341/2646/5071
f 1343/2647/5072 1342/2645/5073 1338/2643/5074 1336/2637/5075
f 1360/2648/5076 1334/2649/5077 1333/2650/5078 1351/2651/5079
f 1343/2647/5080 1336/2637/5081 1344/2640/5082
f 1342/2645/5083 1343/2647/5084 1344/2640/5085 1346/2652/5086
f 1346/2652/5087 1344/2640/5088 1348/2653/5089 1347/2654/5090
f 1352/2655/5091 1351/2651/5092 1350/2656/5093 1349/2657/5094
f 1350/2656/5095 1351/2651/5096 1333/2650/5097 1353/2658/5098
f 1351/2651/5099 1352/2655/5100 1355/2659/5101 1354/2660/5102
f 1357/2661/5103 1356/2662/5104 1354/2660/5105 1355/2659/5106
f 1348/2653/5107 1356/2662/5108 1357/2661/5109 1347/2654/5110
f 1345/2639/5111 1361/2663/5112 1348/2653/5113 1344/2640/5114
f 1358/2664/5115 1359/2665/5116 1354/2660/5117 1356/2662/5118
f 1359/2665/5119 1360/2648/5120 1351/2651/5121 1354/2660/5122
f 1361/2663/5123 1358/2664/5124 1356/2662/5125 1348/2653/5126
f 1363/2666/5127 1333/2650/5128 1334/2649/5129 1362/2667/5130
f 1333/2650/5131 1363/2666/5132 1364/2668/5133 1353/2658/5134
f 1366/2669/5135 1365/2670/5136 1364/2668/5137 1363/2666/5138
f 1362/2667/5139 1367/2671/5140 1366/2669/5141 1363/2666/5142
f 1365/2670/5143 1370/2672/5144 1421/2673/5145 1420/2674/5146
f 1370/2672/5147 1372/2675/5148 1422/2676/5149 1421/2673/5150
f 1373/2677/5151 1370/2672/5152 1365/2670/5153 1366/2669/5154
f 1373/2677/5155 1374/2678/5156 1372/2675/5157 1370/2672/5158
f 1373/2677/5159 1366/2669/5160 1367/2671/5161 1375/2679/5162
f 1375/2679/5163 1376/2680/5164 1374/2678/5165 1373/2677/5166
f 1374/2678/5167 1376/2680/5168 1378/2681/5169 1377/2682/5170
f 1408/2683/5171 1380/2684/5172 1379/2685/5173 1409/2686/5174
f 1377/2682/5175 1381/2687/5176 1372/2675/5177 1374/2678/5178
f 1379/2685/5179 1382/2688/5180 1410/2689/5181 1409/2686/5182
f 1372/2675/5183 1381/2687/5184 1423/2690/5185 1422/2676/5186
f 1424/2691/5187 1410/2689/5188 1382/2688/5189 1425/2692/5190
f 1386/2693/5191 1385/2694/5192 1368/2695/5193 1369/2696/5194
f 1385/2694/5195 1386/2693/5196 1388/2697/5197 1387/2698/5198
f 1390/2699/5199 1387/2698/5200 1388/2697/5201 1389/2700/5202
f 1390/2699/5203 1389/2700/5204 1392/2701/5205 1391/2702/5206
f 1391/2702/5207 1392/2701/5208 1394/2703/5209 1393/2704/5210
f 1393/2704/5211 1394/2703/5212 1396/2705/5213 1395/2706/5214
f 1398/2707/5215 1397/2708/5216 1395/2706/5217 1396/2705/5218
f 1400/2709/5219 1399/2710/5220 1397/2708/5221 1398/2707/5222
f 1400/2709/5223 1402/2711/5224 1401/2712/5225 1399/2710/5226
f 1402/2711/5227 1404/2713/5228 1403/2714/5229 1401/2712/5230
f 1406/2715/5231 1405/2716/5232 1403/2714/5233 1404/2713/5234
f 1384/2717/5235 1405/2716/5236 1406/2715/5237 1407/2718/5238
f 1377/2682/5239 1378/2681/5240 1408/2683/5241 1409/2686/5242
f 1410/2689/5243 1381/2687/5244 1377/2682/5245 1409/2686/5246
f 1423/2690/5247 1381/2687/5248 1410/2689/5249 1424/2691/5250
f 1446/2719/5251 1412/2720/5252 1411/2721/5253 1447/2722/5254
f 1414/2723/5255 1369/2696/5256 1368/2695/5257 1413/2724/5258
f 1415/2725/5259 1371/2726/5260 1369/2696/5261 1414/2723/5262
f 1416/2727/5263 1383/2728/5264 1371/2726/5265 1415/2725/5266
f 1407/2718/5267 1383/2728/5268 1416/2727/5269 1417/2729/5270
f 1384/2717/5271 1407/2718/5272 1417/2729/5273 1418/2730/5274
f 1445/2731/5275 1419/2732/5276 1412/2720/5277 1446/2719/5278
f 1421/2673/5279 1414/2723/5280 1413/2724/5281 1420/2674/5282
f 1422/2676/5283 1415/2725/5284 1414/2723/5285 1421/2673/5286
f 1423/2690/5287 1416/2727/5288 1415/2725/5289 1422/2676/5290
f 1416/2727/5291 1423/2690/5292 1424/2691/5293 1417/2729/5294
f 1417/2729/5295 1424/2691/5296 1425/2692/5297 1418/2730/5298
f 1419/2732/5299 1445/2731/5300 1444/2733/5301 1426/2734/5302
f 1428/2735/5303 1425/2692/5304 1382/2688/5305 1427/2736/5306
f 1411/2721/5307 1429/2737/5308 1448/2738/5309 1447/2722/5310
f 1429/2737/5311 1431/2739/5312 1449/2740/5313 1448/2738/5314
f 1431/2739/5315 1433/2741/5316 1450/2742/5317 1449/2740/5318
f 1450/2742/5319 1433/2741/5320 1434/2743/5321 1451/2744/5322
f 1451/2744/5323 1434/2743/5324 1436/2745/5325 1452/2746/5326
f 1436/2745/5327 1439/2747/5328 1453/2748/5329 1452/2746/5330
f 1453/2748/5331 1439/2747/5332 1440/2749/5333 1454/2750/5334
f 1440/2749/5335 1443/2751/5336 1455/2752/5337 1454/2750/5338
f 1445/2731/5339 1418/2730/5340 1425/2692/5341 1444/2733/5342
f 1384/2717/5343 1418/2730/5344 1445/2731/5345 1446/2719/5346
f 1405/2716/5347 1384/2717/5348 1446/2719/5349 1447/2722/5350
f 1448/2738/5351 1403/2714/5352 1405/2716/5353 1447/2722/5354
f 1449/2740/5355 1430/2753/5356 1403/2714/5357 1448/2738/5358
f 1450/2742/5359 1432/2754/5360 1430/2753/5361 1449/2740/5362
f 1435/2755/5363 1432/2754/5364 1450/2742/5365 1451/2744/5366
f 1437/2756/5367 1435/2755/5368 1451/2744/5369 1452/2746/5370
f 1453/2748/5371 1438/2757/5372 1437/2756/5373 1452/2746/5374
f 1441/2758/5375 1438/2757/5376 1453/2748/5377 1454/2750/5378
f 1455/2752/5379 1442/2759/5380 1441/2758/5381 1454/2750/5382
f 1455/2752/5383 1443/2751/5384 1457/2760/5385 1456/2761/5386
f 1459/2762/5387 1458/2763/5388 1442/2759/5389 1455/2752/5390
f 1461/2764/5391 1459/2762/5392 1455/2752/5393 1460/2765/5394
f 1460/2765/5395 1455/2752/5396 1456/2761/5397 1462/2766/5398
f 1379/2685/5399 1380/2684/5400 1464/2767/5401 1463/2768/5402
f 1466/2769/5403 1465/2770/5404 1379/2685/5405 1463/2768/5406
f 1382/2688/5407 1379/2685/5408 1465/2770/5409 1467/2771/5410
f 1467/2771/5411 1468/2772/5412 1427/2736/5413 1382/2688/5414
f 1470/2773/5415 1467/2771/5416 1465/2770/5417 1469/2774/5418
f 1471/2775/5419 1468/2772/5420 1467/2771/5421 1470/2773/5422
f 1469/2774/5423 1465/2770/5424 1466/2769/5425 1472/2776/5426
f 1472/2776/5427 1474/2777/5428 1473/2778/5429 1469/2774/5430
f 1475/2779/5431 1470/2773/5432 1469/2774/5433 1473/2778/5434
f 1471/2775/5435 1470/2773/5436 1475/2779/5437 1476/2780/5438
f 1473/2778/5439 1474/2777/5440 1478/2781/5441 1477/2782/5442
f 1477/2782/5443 1479/2783/5444 1475/2779/5445 1473/2778/5446
f 1476/2780/5447 1475/2779/5448 1479/2783/5449 1480/2784/5450
f 1482/2785/5451 1481/2786/5452 1477/2782/5453 1478/2781/5454
f 1479/2783/5455 1477/2782/5456 1481/2786/5457 1483/2787/5458
f 1480/2784/5459 1479/2783/5460 1483/2787/5461 1484/2788/5462
f 1486/2789/5463 1485/2790/5464 1481/2786/5465 1482/2785/5466
f 1485/2790/5467 1487/2791/5468 1483/2787/5469 1481/2786/5470
f 1484/2788/5471 1483/2787/5472 1487/2791/5473 1488/2792/5474
f 1488/2792/5475 1487/2791/5476 1490/2793/5477 1489/2794/5478
f 1487/2791/5479 1485/2790/5480 1491/2795/5481 1490/2793/5482
f 1491/2795/5483 1485/2790/5484 1486/2789/5485 1492/2796/5486
f 1490/2793/5487 1494/2797/5488 1493/2798/5489 1489/2794/5490
f 1496/2799/5491 1493/2798/5492 1494/2797/5493 1495/2800/5494
f 1497/2801/5495 1495/2800/5496 1494/2797/5497 1490/2793/5498
f 1499/2802/5499 1495/2800/5500 1497/2801/5501 1498/2803/5502
f 1495/2800/5503 1500/2804/5504 1496/2799/5505
f 1502/2805/5506 1500/2804/5507 1495/2800/5508 1501/2806/5509
f 1495/2800/5510 1499/2802/5511 1505/2807/5512 1501/2806/5513
f 1499/2802/5514 1498/2803/5515 1504/2808/5516
f 1499/2802/5517 1504/2808/5518 1503/2809/5519 1505/2807/5520
f 1497/2801/5521 1490/2793/5522 1491/2795/5523 1506/2810/5524
f 1506/2810/5525 1507/2811/5526 1498/2803/5527 1497/2801/5528
f 1498/2803/5529 1507/2811/5530 1508/2812/5531 1504/2808/5532
f 1506/2810/5533 1491/2795/5534 1492/2796/5535 1509/2813/5536
f 1506/2810/5537 1509/2813/5538 1510/2814/5539 1507/2811/5540
f 1508/2812/5541 1507/2811/5542 1510/2814/5543 1511/2815/5544
f 1513/2816/5545 1357/2661/5546 1355/2659/5547 1512/2817/5548
f 1512/2817/5549 1515/2818/5550 1514/2819/5551 1513/2816/5552
f 1515/2818/5553 1517/2820/5554 1516/2821/5555 1514/2819/5556
f 1517/2820/5557 1519/2822/5558 1518/2823/5559 1516/2821/5560
f 1519/2822/5561 1521/2824/5562 1520/2825/5563 1518/2823/5564
f 1523/2826/5565 1520/2825/5566 1521/2824/5567 1522/2827/5568
f 1521/2824/5569 1525/2828/5570 1524/2829/5571 1522/2827/5572
f 1525/2828/5573 1521/2824/5574 1519/2822/5575 1526/2830/5576
f 1526/2830/5577 1519/2822/5578 1517/2820/5579 1527/2831/5580
f 1529/2832/5581 1520/2825/5582 1523/2826/5583 1528/2833/5584
f 1520/2825/5585 1531/2834/5586 1530/2835/5587 1518/2823/5588
f 1360/2836/5589 1201/2332/5590 1200/2331/5591 1334/2837/5592
f 1337/2838/5593 1203/2336/5594 1202/2335/5595 1340/2839/5596
f 1340/2840/5597 1202/2340/5598 1204/2339/5599 1339/2841/5600
f 1339/2841/5601 1204/2339/5602 1205/2342/5603 1335/2842/5604
f 1341/2843/5605 1206/2344/5606 1203/2336/5607 1337/2838/5608
f 1342/2844/5609 1207/2348/5610 1206/2347/5611 1341/2845/5612
f 1335/2842/5613 1205/2342/5614 1208/2350/5615 1345/2846/5616
f 1346/2847/5617 1209/2352/5618 1207/2348/5619 1342/2844/5620
f 1347/2848/5621 1210/2354/5622 1209/2352/5623 1346/2847/5624
f 1349/2849/5625 1212/2358/5626 1211/2357/5627 1352/2850/5628
f 1350/2851/5629 1213/2360/5630 1212/2358/5631 1349/2849/5632
f 1353/2852/5633 1214/2362/5634 1213/2360/5635 1350/2851/5636
f 1352/2850/5637 1211/2357/5638 1215/2364/5639 1355/2853/5640
f 1357/2854/5641 1216/2366/5642 1210/2354/5643 1347/2848/5644
f 1361/2855/5645 1218/2370/5646 1217/2369/5647 1358/2856/5648
f 1358/2856/5649 1217/2369/5650 1219/2372/5651 1359/2857/5652
f 1359/2857/5653 1219/2372/5654 1201/2332/5655 1360/2836/5656
f 1345/2846/5657 1208/2350/5658 1218/2370/5659 1361/2855/5660
f 1334/2837/5661 1200/2331/5662 1220/2374/5663 1362/2858/5664
f 1364/2859/5665 1221/2376/5666 1214/2362/5667 1353/2852/5668
f 1365/2860/5669 1222/2378/5670 1221/2376/5671 1364/2859/5672
f 1362/2858/5673 1220/2374/5674 1223/2380/5675 1367/2861/5676
f 1420/2862/5677 1224/2384/5678 1222/2383/5679 1365/2863/5680
f 1371/2864/5681 1226/2388/5682 1225/2387/5683 1369/2865/5684
f 1367/2861/5685 1223/2380/5686 1227/2390/5687 1375/2866/5688
f 1375/2866/5689 1227/2390/5690 1228/2392/5691 1376/2867/5692
f 1376/2867/5693 1228/2392/5694 1229/2394/5695 1378/2868/5696
f 1408/2869/5697 1231/2398/5698 1230/2397/5699 1380/2870/5700
f 1383/2871/5701 1232/2400/5702 1226/2388/5703 1371/2864/5704
f 1407/2872/5705 1233/2402/5706 1232/2400/5707 1383/2871/5708
f 1369/2865/5709 1225/2387/5710 1234/2404/5711 1386/2873/5712
f 1385/2874/5713 1236/2408/5714 1235/2407/5715 1368/2875/5716
f 1387/2876/5717 1237/2410/5718 1236/2408/5719 1385/2874/5720
f 1386/2877/5721 1234/2414/5722 1238/2413/5723 1388/2878/5724
f 1388/2878/5725 1238/2413/5726 1239/2416/5727 1389/2879/5728
f 1390/2880/5729 1240/2418/5730 1237/2410/5731 1387/2876/5732
f 1391/2881/5733 1241/2422/5734 1240/2421/5735 1390/2882/5736
f 1389/2883/5737 1239/2426/5738 1242/2425/5739 1392/2884/5740
f 1393/2885/5741 1243/2428/5742 1241/2422/5743 1391/2881/5744
f 1392/2884/5745 1242/2425/5746 1244/2430/5747 1394/2886/5748
f 1395/2887/5749 1245/2432/5750 1243/2428/5751 1393/2885/5752
f 1394/2886/5753 1244/2430/5754 1246/2434/5755 1396/2888/5756
f 1396/2888/5757 1246/2434/5758 1247/2436/5759 1398/2889/5760
f 1397/2890/5761 1248/2438/5762 1245/2432/5763 1395/2887/5764
f 1398/2889/5765 1247/2436/5766 1249/2440/5767 1400/2891/5768
f 1399/2892/5769 1250/2442/5770 1248/2438/5771 1397/2890/5772
f 1401/2893/5773 1251/2444/5774 1250/2442/5775 1399/2892/5776
f 1400/2891/5777 1249/2440/5778 1252/2446/5779 1402/2894/5780
f 1403/2895/5781 1253/2448/5782 1251/2444/5783 1401/2893/5784
f 1402/2894/5785 1252/2446/5786 1254/2450/5787 1404/2896/5788
f 1404/2897/5789 1254/2454/5790 1255/2453/5791 1406/2898/5792
f 1406/2898/5793 1255/2453/5794 1233/2456/5795 1407/2899/5796
f 1378/2868/5797 1229/2394/5798 1231/2398/5799 1408/2869/5800
f 1412/2900/5801 1257/2460/5802 1256/2459/5803 1411/2901/5804
f 1368/2875/5805 1235/2407/5806 1258/2462/5807 1413/2902/5808
f 1419/2903/5809 1259/2464/5810 1257/2460/5811 1412/2900/5812
f 1413/2902/5813 1258/2462/5814 1224/2384/5815 1420/2862/5816
f 1426/2904/5817 1260/2466/5818 1259/2464/5819 1419/2903/5820
f 1444/2905/5821 1261/2468/5822 1260/2466/5823 1426/2904/5824
f 1427/2906/5825 1263/2472/5826 1262/2471/5827 1428/2907/5828
f 1428/2907/5829 1262/2471/5830 1264/2474/5831 1425/2908/5832
f 1411/2901/5833 1256/2459/5834 1265/2476/5835 1429/2909/5836
f 1430/2910/5837 1266/2478/5838 1253/2448/5839 1403/2895/5840
f 1429/2909/5841 1265/2476/5842 1267/2480/5843 1431/2911/5844
f 1432/2912/5845 1268/2482/5846 1266/2478/5847 1430/2910/5848
f 1431/2911/5849 1267/2480/5850 1269/2484/5851 1433/2913/5852
f 1433/2913/5853 1269/2484/5854 1270/2486/5855 1434/2914/5856
f 1435/2915/5857 1271/2490/5858 1268/2489/5859 1432/2916/5860
f 1434/2914/5861 1270/2486/5862 1272/2492/5863 1436/2917/5864
f 1437/2918/5865 1273/2494/5866 1271/2490/5867 1435/2915/5868
f 1438/2919/5869 1274/2496/5870 1273/2494/5871 1437/2918/5872
f 1436/2917/5873 1272/2492/5874 1275/2498/5875 1439/2920/5876
f 1439/2920/5877 1275/2498/5878 1276/2500/5879 1440/2921/5880
f 1441/2922/5881 1277/2502/5882 1274/2496/5883 1438/2919/5884
f 1442/2923/5885 1278/2504/5886 1277/2502/5887 1441/2922/5888
f 1440/2921/5889 1276/2500/5890 1279/2506/5891 1443/2924/5892
f 1425/2925/5893 1264/2508/5894 1261/2468/5895 1444/2905/5896
f 1457/2926/5897 1281/2512/5898 1280/2511/5899 1456/2927/5900
f 1443/2924/5901 1279/2506/5902 1281/2512/5903 1457/2926/5904
f 1458/2928/5905 1282/2516/5906 1278/2515/5907 1442/2929/5908
f 1459/2930/5909 1283/2520/5910 1282/2519/5911 1458/2931/5912
f 1460/2932/5913 1285/2524/5914 1284/2523/5915 1461/2933/5916
f 1461/2933/5917 1284/2523/5918 1283/2520/5919 1459/2930/5920
f 1462/2934/5921 1286/2526/5922 1285/2524/5923 1460/2932/5924
f 1456/2935/5925 1280/2528/5926 1286/2526/5927 1462/2934/5928
f 1464/2936/5929 1288/2532/5930 1287/2531/5931 1463/2937/5932
f 1380/2870/5933 1230/2397/5934 1288/2532/5935 1464/2936/5936
f 1463/2937/5937 1287/2531/5938 1289/2534/5939 1466/2938/5940
f 1468/2939/5941 1290/2536/5942 1263/2472/5943 1427/2906/5944
f 1471/2940/5945 1291/2538/5946 1290/2536/5947 1468/2939/5948
f 1466/2938/5949 1289/2534/5950 1292/2540/5951 1472/2941/5952
f 1472/2941/5953 1292/2540/5954 1293/2542/5955 1474/2942/5956
f 1476/2943/5957 1294/2544/5958 1291/2538/5959 1471/2940/5960
f 1474/2942/5961 1293/2542/5962 1295/2546/5963 1478/2944/5964
f 1480/2945/5965 1296/2548/5966 1294/2544/5967 1476/2943/5968
f 1478/2944/5969 1295/2546/5970 1297/2550/5971 1482/2946/5972
f 1484/2947/5973 1298/2552/5974 1296/2548/5975 1480/2945/5976
f 1482/2946/5977 1297/2550/5978 1299/2554/5979 1486/2948/5980
f 1488/2949/5981 1300/2556/5982 1298/2552/5983 1484/2947/5984
f 1489/2950/5985 1301/2558/5986 1300/2556/5987 1488/2949/5988
f 1486/2948/5989 1299/2554/5990 1302/2560/5991 1492/2951/5992
f 1493/2952/5993 1303/2562/5994 1301/2558/5995 1489/2950/5996
f 1496/2953/5997 1304/2564/5998 1303/2562/5999 1493/2952/6000
f 1500/2954/6001 1305/2566/6002 1304/2564/6003 1496/2953/6004
f 1501/2955/6005 1307/2570/6006 1306/2569/6007 1502/2956/6008
f 1502/2956/6009 1306/2569/6010 1305/2566/6011 1500/2954/6012
f 1505/2957/6013 1308/2572/6014 1307/2570/6015 1501/2955/6016
f 1504/2958/6017 1310/2576/6018 1309/2575/6019 1503/2959/6020
f 1503/2960/6021 1309/2578/6022 1308/2572/6023 1505/2957/6024
f 1508/2961/6025 1311/2580/6026 1310/2576/6027 1504/2958/6028
f 1492/2951/6029 1302/2560/6030 1312/2582/6031 1509/2962/6032
f 1509/2962/6033 1312/2582/6034 1313/2584/6035 1510/2963/6036
f 1511/2964/6037 1314/2586/6038 1311/2580/6039 1508/2961/6040
f 1510/2963/6041 1313/2584/6042 1314/2588/6043 1511/2965/6044
f 1355/2966/6045 1215/2592/6046 1315/2591/6047 1512/2967/6048
f 1513/2968/6049 1316/2596/6050 1216/2595/6051 1357/2969/6052
f 1514/2970/6053 1317/2598/6054 1316/2596/6055 1513/2968/6056
f 1512/2967/6057 1315/2591/6058 1318/2600/6059 1515/2971/6060
f 1516/2972/6061 1319/2602/6062 1317/2598/6063 1514/2970/6064
f 1515/2971/6065 1318/2600/6066 1320/2604/6067 1517/2973/6068
f 1518/2974/6069 1321/2606/6070 1319/2602/6071 1516/2972/6072
f 1522/2975/6073 1323/2610/6074 1322/2609/6075 1523/2976/6076
f 1524/2977/6077 1324/2612/6078 1323/2610/6079 1522/2975/6080
f 1525/2978/6081 1325/2616/6082 1324/2615/6083 1524/2979/6084
f 1526/2980/6085 1326/2618/6086 1325/2616/6087 1525/2978/6088
f 1527/2981/6089 1327/2620/6090 1326/2618/6091 1526/2980/6092
f 1517/2973/6093 1320/2604/6094 1327/2620/6095 1527/2981/6096
f 1528/2982/6097 1329/2624/6098 1328/2623/6099 1529/2983/6100
f 1523/2976/6101 1322/2609/6102 1329/2626/6103 1528/2984/6104
f 1529/2983/6105 1328/2623/6106 1330/2628/6107 1520/2985/6108
f 1530/2986/6109 1331/2630/6110 1321/2606/6111 1518/2974/6112
f 1531/2987/6113 1332/2632/6114 1331/2630/6115 1530/2986/6116
f 1520/2988/6117 1330/2636/6118 1332/2635/6119 1531/2989/6120
