# This file uses centimeters as units for non-parametric coordinates.

g default
v -2.127603 0.245352 0.808814
v -1.628222 0.245352 0.808814
v -2.127603 0.472850 0.808814
v -1.539324 0.472850 0.808814
v -2.127603 0.472850 -0.808814
v -1.539324 0.472850 -0.808814
v -2.127603 0.245352 -0.808814
v -1.628222 0.245352 -0.808814
v -1.025419 0.358451 0.666455
v -1.084890 0.447455 0.666455
v -1.173894 0.506926 0.666455
v -1.278882 0.527810 0.666455
v -1.383870 0.506926 0.666455
v -1.472874 0.447455 0.666455
v -1.532345 0.358451 0.666455
v -1.553229 0.253463 0.666455
v -1.532345 0.148475 0.666455
v -1.472874 0.059471 0.666455
v -1.383870 0.000000 0.666455
v -1.278882 -0.020883 0.666455
v -1.173895 0.000000 0.666455
v -1.084890 0.059471 0.666455
v -1.025419 0.148475 0.666455
v -1.004536 0.253463 0.666455
v -1.025419 0.358451 0.820789
v -1.084890 0.447455 0.820789
v -1.173894 0.506926 0.820789
v -1.278882 0.527810 0.820789
v -1.383870 0.506926 0.820789
v -1.472874 0.447455 0.820789
v -1.532345 0.358451 0.820789
v -1.553229 0.253463 0.820789
v -1.532345 0.148475 0.820789
v -1.472874 0.059471 0.820789
v -1.383870 0.000000 0.820789
v -1.278882 -0.020883 0.820789
v -1.173895 0.000000 0.820789
v -1.084890 0.059471 0.820789
v -1.025419 0.148475 0.820789
v -1.004536 0.253463 0.820789
v -1.278882 0.253463 0.666455
v -1.119617 0.319433 0.820789
v -1.156986 0.375359 0.820789
v -1.212913 0.412728 0.820789
v -1.278882 0.425850 0.820789
v -1.344852 0.412728 0.820789
v -1.400778 0.375359 0.820789
v -1.438147 0.319433 0.820789
v -1.451270 0.253463 0.820789
v -1.438147 0.187494 0.820789
v -1.400779 0.131567 0.820789
v -1.344852 0.094198 0.820789
v -1.278882 0.081076 0.820789
v -1.212913 0.094198 0.820789
v -1.156986 0.131567 0.820789
v -1.119617 0.187493 0.820789
v -1.106495 0.253463 0.820789
v -1.119617 0.319433 0.804913
v -1.156986 0.375359 0.804913
v -1.212913 0.412728 0.804913
v -1.278882 0.425850 0.804913
v -1.344852 0.412728 0.804913
v -1.400778 0.375359 0.804913
v -1.438147 0.319433 0.804913
v -1.451270 0.253463 0.804913
v -1.438147 0.187494 0.804913
v -1.400779 0.131567 0.804913
v -1.344852 0.094198 0.804913
v -1.278882 0.081076 0.804913
v -1.212913 0.094198 0.804913
v -1.156986 0.131567 0.804913
v -1.119617 0.187493 0.804913
v -1.106495 0.253463 0.804913
v -1.129037 0.315531 0.804913
v -1.164196 0.368150 0.804913
v -1.216814 0.403308 0.804913
v -1.278882 0.415654 0.804913
v -1.340950 0.403308 0.804913
v -1.393568 0.368150 0.804913
v -1.428727 0.315531 0.804913
v -1.441074 0.253463 0.804913
v -1.428727 0.191395 0.804913
v -1.393569 0.138776 0.804913
v -1.340950 0.103618 0.804913
v -1.278882 0.091272 0.804913
v -1.216814 0.103618 0.804913
v -1.164196 0.138776 0.804913
v -1.129037 0.191395 0.804913
v -1.116691 0.253463 0.804913
v -1.176136 0.296022 0.834736
v -1.200244 0.332102 0.834736
v -1.278882 0.253463 0.824445
v -1.236323 0.356210 0.834736
v -1.278882 0.364675 0.834736
v -1.321441 0.356209 0.834736
v -1.357521 0.332102 0.834736
v -1.381629 0.296022 0.834736
v -1.390094 0.253463 0.834736
v -1.381628 0.210904 0.834736
v -1.357521 0.174824 0.834736
v -1.321441 0.150717 0.834736
v -1.278882 0.142251 0.834736
v -1.236324 0.150717 0.834736
v -1.200244 0.174824 0.834736
v -1.176136 0.210904 0.834736
v -1.167670 0.253463 0.834736
v 0.853894 0.916136 0.932213
v 0.911458 0.916136 0.932213
v 0.853894 1.020907 0.932213
v 0.911458 0.957677 0.932213
v 0.853894 1.020907 0.728643
v 0.911458 0.957677 0.728643
v 0.853894 0.916136 0.728643
v 0.911458 0.916136 0.728643
v 0.804595 0.916136 0.728643
v 0.804595 0.916136 0.932213
v 0.804595 1.020907 0.932213
v 0.804595 1.020907 0.728643
v 0.804595 0.926136 0.779908
v 0.804595 0.926136 0.924275
v 0.804595 1.010907 0.924275
v 0.804595 1.010907 0.779908
v 0.814595 0.926136 0.779908
v 0.814595 0.926136 0.924275
v 0.814595 1.010907 0.924275
v 0.814595 1.010907 0.779908
v 0.911458 0.926136 0.790932
v 0.911458 0.926136 0.924275
v 0.911458 0.947677 0.790932
v 0.911458 0.947677 0.924275
v 1.678504 0.358451 0.666455
v 1.619033 0.447455 0.666455
v 1.530029 0.506926 0.666455
v 1.425041 0.527810 0.666455
v 1.320053 0.506926 0.666455
v 1.231049 0.447455 0.666455
v 1.171578 0.358451 0.666455
v 1.150694 0.253463 0.666455
v 1.171577 0.148475 0.666455
v 1.231049 0.059471 0.666455
v 1.320053 0.000000 0.666455
v 1.425041 -0.020883 0.666455
v 1.530028 0.000000 0.666455
v 1.619033 0.059471 0.666455
v 1.678504 0.148475 0.666455
v 1.699387 0.253463 0.666455
v 1.678504 0.358451 0.820789
v 1.619033 0.447455 0.820789
v 1.530029 0.506926 0.820789
v 1.425041 0.527810 0.820789
v 1.320053 0.506926 0.820789
v 1.231049 0.447455 0.820789
v 1.171578 0.358451 0.820789
v 1.150694 0.253463 0.820789
v 1.171577 0.148475 0.820789
v 1.231049 0.059471 0.820789
v 1.320053 0.000000 0.820789
v 1.425041 -0.020883 0.820789
v 1.530028 0.000000 0.820789
v 1.619033 0.059471 0.820789
v 1.678504 0.148475 0.820789
v 1.699387 0.253463 0.820789
v 1.425041 0.253463 0.666455
v 1.584306 0.319433 0.820789
v 1.546937 0.375359 0.820789
v 1.491010 0.412728 0.820789
v 1.425041 0.425850 0.820789
v 1.359071 0.412728 0.820789
v 1.303144 0.375359 0.820789
v 1.265776 0.319433 0.820789
v 1.252653 0.253463 0.820789
v 1.265776 0.187494 0.820789
v 1.303144 0.131567 0.820789
v 1.359071 0.094198 0.820789
v 1.425041 0.081076 0.820789
v 1.491010 0.094198 0.820789
v 1.546937 0.131567 0.820789
v 1.584306 0.187493 0.820789
v 1.597428 0.253463 0.820789
v 1.584306 0.319433 0.804913
v 1.546937 0.375359 0.804913
v 1.491010 0.412728 0.804913
v 1.425041 0.425850 0.804913
v 1.359071 0.412728 0.804913
v 1.303144 0.375359 0.804913
v 1.265776 0.319433 0.804913
v 1.252653 0.253463 0.804913
v 1.265776 0.187494 0.804913
v 1.303144 0.131567 0.804913
v 1.359071 0.094198 0.804913
v 1.425041 0.081076 0.804913
v 1.491010 0.094198 0.804913
v 1.546937 0.131567 0.804913
v 1.584306 0.187493 0.804913
v 1.597428 0.253463 0.804913
v 1.574886 0.315531 0.804913
v 1.539727 0.368150 0.804913
v 1.487109 0.403308 0.804913
v 1.425041 0.415654 0.804913
v 1.362973 0.403308 0.804913
v 1.310355 0.368150 0.804913
v 1.275196 0.315531 0.804913
v 1.262849 0.253463 0.804913
v 1.275196 0.191395 0.804913
v 1.310354 0.138776 0.804913
v 1.362973 0.103618 0.804913
v 1.425041 0.091272 0.804913
v 1.487109 0.103618 0.804913
v 1.539727 0.138776 0.804913
v 1.574886 0.191395 0.804913
v 1.587232 0.253463 0.804913
v 1.527787 0.296022 0.834736
v 1.503679 0.332102 0.834736
v 1.425041 0.253463 0.824445
v 1.467600 0.356210 0.834736
v 1.425041 0.364675 0.834736
v 1.382482 0.356209 0.834736
v 1.346402 0.332102 0.834736
v 1.322294 0.296022 0.834736
v 1.313829 0.253463 0.834736
v 1.322295 0.210904 0.834736
v 1.346402 0.174824 0.834736
v 1.382482 0.150717 0.834736
v 1.425041 0.142251 0.834736
v 1.467599 0.150717 0.834736
v 1.503679 0.174824 0.834736
v 1.527787 0.210904 0.834736
v 1.536253 0.253463 0.834736
v 2.127603 0.245352 -0.808814
v 1.773286 0.245352 -0.808814
v 2.127603 0.472850 -0.808814
v 1.684389 0.472850 -0.808814
v 2.127603 0.472850 0.808814
v 1.684389 0.472850 0.808814
v 2.127603 0.245352 0.808814
v 1.773286 0.245352 0.808814
v -0.864871 0.853642 0.785409
v -0.828814 0.853642 0.785409
v -0.864871 1.369748 0.684235
v -0.828814 1.369748 0.684235
v -0.864871 1.369748 -0.684235
v -0.828814 1.369748 -0.684235
v -0.864871 0.853642 -0.785409
v -0.828814 0.853642 -0.785409
v -0.951244 0.379910 -0.819960
v -1.027902 0.494636 -0.819960
v -1.142628 0.571294 -0.819960
v -1.277957 0.598212 -0.819960
v -1.413286 0.571294 -0.819960
v -1.528012 0.494636 -0.819960
v -1.604670 0.379910 -0.819960
v -1.631588 0.244581 -0.819960
v -0.924326 0.244581 -0.819960
v -0.951244 0.379910 0.819960
v -1.027902 0.494636 0.819960
v -1.142628 0.571294 0.819960
v -1.277957 0.598212 0.819960
v -1.413286 0.571294 0.819960
v -1.528012 0.494636 0.819960
v -1.604670 0.379910 0.819960
v -1.631588 0.244581 0.819960
v -0.924326 0.244581 0.819960
v -0.982534 0.366949 -0.819960
v -1.051850 0.470688 -0.819960
v -1.155589 0.540004 -0.819960
v -1.277957 0.564345 -0.819960
v -1.400325 0.540004 -0.819960
v -1.504064 0.470688 -0.819960
v -1.573380 0.366949 -0.819960
v -1.598371 0.244581 -0.819960
v -0.957543 0.244581 -0.819960
v -0.982534 0.366949 0.819960
v -1.051850 0.470688 0.819960
v -1.155589 0.540004 0.819960
v -1.277957 0.564345 0.819960
v -1.400325 0.540004 0.819960
v -1.504064 0.470688 0.819960
v -1.573380 0.366949 0.819960
v -1.598371 0.244581 0.819960
v -0.957543 0.244581 0.819960
v 1.749367 0.379910 -0.819960
v 1.672710 0.494636 -0.819960
v 1.557983 0.571294 -0.819960
v 1.422655 0.598212 -0.819960
v 1.287326 0.571294 -0.819960
v 1.172599 0.494636 -0.819960
v 1.095942 0.379910 -0.819960
v 1.069023 0.244581 -0.819960
v 1.776286 0.244581 -0.819960
v 1.749367 0.379910 0.819960
v 1.672710 0.494636 0.819960
v 1.557983 0.571294 0.819960
v 1.422655 0.598212 0.819960
v 1.287326 0.571294 0.819960
v 1.172599 0.494636 0.819960
v 1.095942 0.379910 0.819960
v 1.069023 0.244581 0.819960
v 1.776286 0.244581 0.819960
v 1.718078 0.366949 -0.819960
v 1.648762 0.470688 -0.819960
v 1.545023 0.540004 -0.819960
v 1.422655 0.564345 -0.819960
v 1.300286 0.540004 -0.819960
v 1.196548 0.470688 -0.819960
v 1.127231 0.366949 -0.819960
v 1.102240 0.244581 -0.819960
v 1.743069 0.244581 -0.819960
v 1.718078 0.366949 0.819960
v 1.648762 0.470688 0.819960
v 1.545023 0.540004 0.819960
v 1.422655 0.564345 0.819960
v 1.300286 0.540004 0.819960
v 1.196548 0.470688 0.819960
v 1.127231 0.366949 0.819960
v 1.102240 0.244581 0.819960
v 1.743069 0.244581 0.819960
v -1.025419 0.358451 -0.666455
v -1.084890 0.447455 -0.666455
v -1.173894 0.506926 -0.666455
v -1.278882 0.527810 -0.666455
v -1.383870 0.506926 -0.666455
v -1.472874 0.447455 -0.666455
v -1.532345 0.358451 -0.666455
v -1.553229 0.253463 -0.666455
v -1.532345 0.148475 -0.666455
v -1.472874 0.059471 -0.666455
v -1.383870 0.000000 -0.666455
v -1.278882 -0.020883 -0.666455
v -1.173895 0.000000 -0.666455
v -1.084890 0.059471 -0.666455
v -1.025419 0.148475 -0.666455
v -1.004536 0.253463 -0.666455
v -1.025419 0.358451 -0.820789
v -1.084890 0.447455 -0.820789
v -1.173894 0.506926 -0.820789
v -1.278882 0.527810 -0.820789
v -1.383870 0.506926 -0.820789
v -1.472874 0.447455 -0.820789
v -1.532345 0.358451 -0.820789
v -1.553229 0.253463 -0.820789
v -1.532345 0.148475 -0.820789
v -1.472874 0.059471 -0.820789
v -1.383870 0.000000 -0.820789
v -1.278882 -0.020883 -0.820789
v -1.173895 0.000000 -0.820789
v -1.084890 0.059471 -0.820789
v -1.025419 0.148475 -0.820789
v -1.004536 0.253463 -0.820789
v -1.278882 0.253463 -0.666455
v -1.119617 0.319433 -0.820789
v -1.156986 0.375359 -0.820789
v -1.212913 0.412728 -0.820789
v -1.278882 0.425850 -0.820789
v -1.344852 0.412728 -0.820789
v -1.400778 0.375359 -0.820789
v -1.438147 0.319433 -0.820789
v -1.451270 0.253463 -0.820789
v -1.438147 0.187494 -0.820789
v -1.400779 0.131567 -0.820789
v -1.344852 0.094198 -0.820789
v -1.278882 0.081076 -0.820789
v -1.212913 0.094198 -0.820789
v -1.156986 0.131567 -0.820789
v -1.119617 0.187493 -0.820789
v -1.106495 0.253463 -0.820789
v -1.119617 0.319433 -0.804913
v -1.156986 0.375359 -0.804913
v -1.212913 0.412728 -0.804913
v -1.278882 0.425850 -0.804913
v -1.344852 0.412728 -0.804913
v -1.400778 0.375359 -0.804913
v -1.438147 0.319433 -0.804913
v -1.451270 0.253463 -0.804913
v -1.438147 0.187494 -0.804913
v -1.400779 0.131567 -0.804913
v -1.344852 0.094198 -0.804913
v -1.278882 0.081076 -0.804913
v -1.212913 0.094198 -0.804913
v -1.156986 0.131567 -0.804913
v -1.119617 0.187493 -0.804913
v -1.106495 0.253463 -0.804913
v -1.129037 0.315531 -0.804913
v -1.164196 0.368150 -0.804913
v -1.216814 0.403308 -0.804913
v -1.278882 0.415654 -0.804913
v -1.340950 0.403308 -0.804913
v -1.393568 0.368150 -0.804913
v -1.428727 0.315531 -0.804913
v -1.441074 0.253463 -0.804913
v -1.428727 0.191395 -0.804913
v -1.393569 0.138776 -0.804913
v -1.340950 0.103618 -0.804913
v -1.278882 0.091272 -0.804913
v -1.216814 0.103618 -0.804913
v -1.164196 0.138776 -0.804913
v -1.129037 0.191395 -0.804913
v -1.116691 0.253463 -0.804913
v -1.176136 0.296022 -0.834736
v -1.200244 0.332102 -0.834736
v -1.278882 0.253463 -0.824445
v -1.236323 0.356210 -0.834736
v -1.278882 0.364675 -0.834736
v -1.321441 0.356209 -0.834736
v -1.357521 0.332102 -0.834736
v -1.381629 0.296022 -0.834736
v -1.390094 0.253463 -0.834736
v -1.381628 0.210904 -0.834736
v -1.357521 0.174824 -0.834736
v -1.321441 0.150717 -0.834736
v -1.278882 0.142251 -0.834736
v -1.236324 0.150717 -0.834736
v -1.200244 0.174824 -0.834736
v -1.176136 0.210904 -0.834736
v -1.167670 0.253463 -0.834736
v -1.244965 0.765047 0.811045
v -1.008042 0.765047 0.811045
v -1.244965 0.803454 0.811045
v -1.008042 0.803454 0.811045
v -1.244965 0.803454 -0.811045
v -1.008042 0.803454 -0.811045
v -1.244965 0.765047 -0.811045
v -1.008042 0.765047 -0.811045
v -0.073223 0.765047 0.811045
v 0.163700 0.765047 0.811045
v -0.073223 0.803454 0.811045
v 0.163700 0.803454 0.811045
v -0.073223 0.803454 -0.811045
v 0.163700 0.803454 -0.811045
v -0.073223 0.765047 -0.811045
v 0.163700 0.765047 -0.811045
v 0.853894 0.916136 -0.932213
v 0.911458 0.916136 -0.932213
v 0.853894 1.020907 -0.932213
v 0.911458 0.957677 -0.932213
v 0.853894 1.020907 -0.728643
v 0.911458 0.957677 -0.728643
v 0.853894 0.916136 -0.728643
v 0.911458 0.916136 -0.728643
v 0.804595 0.916136 -0.728643
v 0.804595 0.916136 -0.932213
v 0.804595 1.020907 -0.932213
v 0.804595 1.020907 -0.728643
v 0.804595 0.926136 -0.779907
v 0.804595 0.926136 -0.924275
v 0.804595 1.010907 -0.924275
v 0.804595 1.010907 -0.779907
v 0.814595 0.926136 -0.779907
v 0.814595 0.926136 -0.924275
v 0.814595 1.010907 -0.924275
v 0.814595 1.010907 -0.779907
v 0.911458 0.926136 -0.790932
v 0.911458 0.926136 -0.924275
v 0.911458 0.947677 -0.790932
v 0.911458 0.947677 -0.924275
v 1.678504 0.358451 -0.666455
v 1.619033 0.447455 -0.666455
v 1.530029 0.506926 -0.666455
v 1.425041 0.527810 -0.666455
v 1.320053 0.506926 -0.666455
v 1.231049 0.447455 -0.666455
v 1.171578 0.358451 -0.666455
v 1.150694 0.253463 -0.666455
v 1.171577 0.148475 -0.666455
v 1.231049 0.059471 -0.666455
v 1.320053 0.000000 -0.666455
v 1.425041 -0.020883 -0.666455
v 1.530028 0.000000 -0.666455
v 1.619033 0.059471 -0.666455
v 1.678504 0.148475 -0.666455
v 1.699387 0.253463 -0.666455
v 1.678504 0.358451 -0.820789
v 1.619033 0.447455 -0.820789
v 1.530029 0.506926 -0.820789
v 1.425041 0.527810 -0.820789
v 1.320053 0.506926 -0.820789
v 1.231049 0.447455 -0.820789
v 1.171578 0.358451 -0.820789
v 1.150694 0.253463 -0.820789
v 1.171577 0.148475 -0.820789
v 1.231049 0.059471 -0.820789
v 1.320053 0.000000 -0.820789
v 1.425041 -0.020883 -0.820789
v 1.530028 0.000000 -0.820789
v 1.619033 0.059471 -0.820789
v 1.678504 0.148475 -0.820789
v 1.699387 0.253463 -0.820789
v 1.425041 0.253463 -0.666455
v 1.584306 0.319433 -0.820789
v 1.546937 0.375359 -0.820789
v 1.491010 0.412728 -0.820789
v 1.425041 0.425850 -0.820789
v 1.359071 0.412728 -0.820789
v 1.303144 0.375359 -0.820789
v 1.265776 0.319433 -0.820789
v 1.252653 0.253463 -0.820789
v 1.265776 0.187494 -0.820789
v 1.303144 0.131567 -0.820789
v 1.359071 0.094198 -0.820789
v 1.425041 0.081076 -0.820789
v 1.491010 0.094198 -0.820789
v 1.546937 0.131567 -0.820789
v 1.584306 0.187493 -0.820789
v 1.597428 0.253463 -0.820789
v 1.584306 0.319433 -0.804913
v 1.546937 0.375359 -0.804913
v 1.491010 0.412728 -0.804913
v 1.425041 0.425850 -0.804913
v 1.359071 0.412728 -0.804913
v 1.303144 0.375359 -0.804913
v 1.265776 0.319433 -0.804913
v 1.252653 0.253463 -0.804913
v 1.265776 0.187494 -0.804913
v 1.303144 0.131567 -0.804913
v 1.359071 0.094198 -0.804913
v 1.425041 0.081076 -0.804913
v 1.491010 0.094198 -0.804913
v 1.546937 0.131567 -0.804913
v 1.584306 0.187493 -0.804913
v 1.597428 0.253463 -0.804913
v 1.574886 0.315531 -0.804913
v 1.539727 0.368150 -0.804913
v 1.487109 0.403308 -0.804913
v 1.425041 0.415654 -0.804913
v 1.362973 0.403308 -0.804913
v 1.310355 0.368150 -0.804913
v 1.275196 0.315531 -0.804913
v 1.262849 0.253463 -0.804913
v 1.275196 0.191395 -0.804913
v 1.310354 0.138776 -0.804913
v 1.362973 0.103618 -0.804913
v 1.425041 0.091272 -0.804913
v 1.487109 0.103618 -0.804913
v 1.539727 0.138776 -0.804913
v 1.574886 0.191395 -0.804913
v 1.587232 0.253463 -0.804913
v 1.527787 0.296022 -0.834736
v 1.503679 0.332102 -0.834736
v 1.425041 0.253463 -0.824445
v 1.467600 0.356210 -0.834736
v 1.425041 0.364675 -0.834736
v 1.382482 0.356209 -0.834736
v 1.346402 0.332102 -0.834736
v 1.322294 0.296022 -0.834736
v 1.313829 0.253463 -0.834736
v 1.322295 0.210904 -0.834736
v 1.346402 0.174824 -0.834736
v 1.382482 0.150717 -0.834736
v 1.425041 0.142251 -0.834736
v 1.467599 0.150717 -0.834736
v 1.503679 0.174824 -0.834736
v 1.527787 0.210904 -0.834736
v 1.536253 0.253463 -0.834736
v -2.073307 0.253463 0.798193
v 2.053417 0.253463 0.798193
v -2.073307 0.866749 0.798193
v 2.053417 0.753463 0.798193
v -2.073307 0.866749 -0.798193
v 2.053417 0.753463 -0.798193
v -2.073307 0.253463 -0.798193
v 2.053417 0.253463 -0.798193
v 1.031480 0.866749 -0.798193
v 1.023965 0.253463 -0.798193
v 1.023965 0.253463 0.798193
v 1.031480 0.866749 0.798193
v -0.150150 0.866749 -0.798193
v -0.128447 0.253463 -0.798193
v -0.128447 0.253463 0.798193
v -0.150150 0.866749 0.798193
v -1.331780 0.866749 -0.798193
v -1.216814 0.253463 -0.798193
v -1.216814 0.253463 0.798193
v -1.331780 0.866749 0.798193
v -0.213691 1.388139 0.697429
v -0.213691 1.388139 -0.697429
v 0.458717 1.388139 0.697429
v 0.458717 1.388139 -0.697429
v -0.887088 1.388139 0.697429
v -0.887088 1.388139 -0.697429
v -0.105776 0.915841 0.788705
v 0.904010 0.915841 0.788705
v 0.439104 1.339047 0.706916
v -0.157352 1.339047 0.706916
v -0.105776 0.915841 -0.788705
v 0.904010 0.915841 -0.788705
v -0.157352 1.339047 -0.706916
v 0.439104 1.339047 -0.706916
v -1.229139 0.915841 0.788705
v -0.206490 0.915841 0.788705
v -0.258065 1.339047 0.706916
v -0.862731 1.339047 0.706916
v -1.229139 0.915841 -0.788705
v -0.206490 0.915841 -0.788705
v -0.862731 1.339047 -0.706916
v -0.258065 1.339047 -0.706916
v -0.105776 0.916136 0.739613
v 0.904010 0.916136 0.739613
v 0.439104 1.329560 0.657825
v -0.157352 1.329560 0.657825
v -0.105776 0.916136 -0.739613
v 0.904010 0.916136 -0.739613
v -0.157352 1.329560 -0.657825
v 0.439104 1.329560 -0.657825
v -1.229139 0.916136 0.739613
v -0.206490 0.916136 0.739613
v -0.258065 1.329560 0.657825
v -0.862731 1.329560 0.657825
v -1.229139 0.916136 -0.739613
v -0.206490 0.916136 -0.739613
v -0.862731 1.329560 -0.657825
v -0.258065 1.329560 -0.657825
v 0.994505 0.900407 0.741266
v 0.994505 0.900407 -0.741266
v 0.495692 1.354481 -0.653512
v 0.495692 1.354481 0.653512
v -1.299334 0.904792 0.740303
v -1.299334 0.904792 -0.740303
v -0.919534 1.350096 0.654243
v -0.919534 1.350096 -0.654243
v 2.053417 0.490509 -0.768193
v 2.053417 0.490509 0.768193
v 2.053417 0.723463 -0.768193
v 2.053417 0.723463 0.768193
v 2.053417 0.510509 -0.748193
v 2.053417 0.510509 0.748193
v 2.053417 0.703463 -0.748193
v 2.053417 0.703463 0.748193
v -2.073307 0.545723 -0.768193
v -2.073307 0.545723 0.768193
v -2.073307 0.836749 0.768193
v -2.073307 0.836749 -0.768193
v -2.073307 0.565723 -0.748193
v -2.073307 0.565723 0.748193
v -2.073307 0.816749 0.748193
v -2.073307 0.816749 -0.748193
v -2.073307 0.595723 -0.718193
v -2.073307 0.595723 0.718193
v -2.073307 0.786749 0.718193
v -2.073307 0.786749 -0.718193
v -2.073307 0.786749 -0.336198
v -2.073307 0.595723 -0.336198
v -2.073307 0.565723 -0.350242
v -2.073307 0.545723 -0.359604
v -2.073307 0.253463 -0.373647
v -1.216814 0.253463 -0.373647
v -0.128447 0.253463 -0.373647
v 1.023965 0.253463 -0.373647
v 2.053417 0.253463 -0.373647
v 2.053417 0.490509 -0.359604
v 2.053417 0.510509 -0.350242
v 2.053417 0.703463 -0.350242
v 2.053417 0.723463 -0.359604
v 2.053417 0.753463 -0.373647
v 1.031480 0.866749 -0.373647
v 0.994505 0.900407 -0.346999
v 0.495692 1.354481 -0.305920
v 0.458717 1.388139 -0.326478
v -0.213691 1.388139 -0.326478
v -0.887088 1.388139 -0.326478
v -0.919534 1.350096 -0.306262
v -1.299334 0.904792 -0.346548
v -1.331780 0.866749 -0.373647
v -2.073307 0.866749 -0.373647
v -2.073307 0.836749 -0.359604
v -2.073307 0.816749 -0.350242
v -2.073307 0.786749 0.336198
v -2.073307 0.595723 0.336198
v -2.073307 0.565723 0.350242
v -2.073307 0.545723 0.359604
v -2.073307 0.253463 0.373648
v -1.216814 0.253463 0.373648
v -0.128447 0.253463 0.373648
v 1.023965 0.253463 0.373648
v 2.053417 0.253463 0.373648
v 2.053417 0.490509 0.359604
v 2.053417 0.510509 0.350242
v 2.053417 0.703463 0.350242
v 2.053417 0.723463 0.359604
v 2.053417 0.753463 0.373648
v 1.031480 0.866749 0.373648
v 0.994505 0.900407 0.346999
v 0.495692 1.354481 0.305920
v 0.458717 1.388139 0.326478
v -0.213691 1.388139 0.326478
v -0.887088 1.388139 0.326478
v -0.919534 1.350096 0.306262
v -1.299334 0.904792 0.346548
v -1.331780 0.866749 0.373648
v -2.073307 0.866749 0.373648
v -2.073307 0.836749 0.359604
v -2.073307 0.816749 0.350242
v -2.023307 0.595723 -0.336198
v -2.023307 0.595723 0.336198
v -2.023307 0.786749 0.336198
v -2.023307 0.786749 -0.336198
v 2.053417 0.682024 0.350242
v 2.053417 0.682024 0.748193
v 2.053417 0.697579 0.768193
v 2.053417 0.697907 0.798193
v 1.030645 0.798606 0.798193
v -0.147739 0.798606 0.798193
v -1.319006 0.798606 0.798193
v -2.073307 0.798606 0.798193
v -2.073307 0.804413 0.768193
v -2.073307 0.788857 0.748193
v -2.073307 0.765524 0.718193
v -2.073307 0.765524 0.336198
v -2.023307 0.765524 0.336198
v -2.023307 0.765524 -0.336198
v -2.073307 0.765524 -0.336198
v -2.073307 0.765524 -0.718193
v -2.073307 0.788857 -0.748193
v -2.073307 0.804413 -0.768193
v -2.073307 0.798606 -0.798193
v -1.319006 0.798606 -0.798193
v -0.147739 0.798606 -0.798193
v 1.030645 0.798606 -0.798193
v 2.053417 0.697907 -0.798193
v 2.053417 0.697579 -0.768193
v 2.053417 0.682024 -0.748193
v 2.053417 0.682024 -0.350242
v 2.053417 0.660584 0.350242
v 2.053417 0.660584 0.748193
v 2.053417 0.671695 0.768193
v 2.053417 0.642352 0.798193
v 1.029810 0.730463 0.798193
v -0.145327 0.730463 0.798193
v -1.306232 0.730463 0.798193
v -2.073307 0.730463 0.798193
v -2.073307 0.772077 0.768193
v -2.073307 0.760966 0.748193
v -2.073307 0.744299 0.718193
v -2.073307 0.744299 0.336198
v -2.023307 0.744299 0.336198
v -2.023307 0.744299 -0.336198
v -2.073307 0.744299 -0.336198
v -2.073307 0.744299 -0.718193
v -2.073307 0.760966 -0.748193
v -2.073307 0.772077 -0.768193
v -2.073307 0.730463 -0.798193
v -1.306232 0.730463 -0.798193
v -0.145327 0.730463 -0.798193
v 1.029810 0.730463 -0.798193
v 2.053417 0.642352 -0.798193
v 2.053417 0.671695 -0.768193
v 2.053417 0.660584 -0.748193
v 2.053417 0.660584 -0.350242
v 2.053417 0.639145 0.350242
v 2.053417 0.639145 0.748193
v 2.053417 0.645812 0.768193
v 2.053417 0.586796 0.798193
v 1.028975 0.662320 0.798193
v -0.142916 0.662320 0.798193
v -1.293458 0.662320 0.798193
v -2.073307 0.662320 0.798193
v -2.073307 0.739740 0.768193
v -2.073307 0.733074 0.748193
v -2.073307 0.723074 0.718193
v -2.073307 0.723074 0.336198
v -2.023307 0.723074 0.336198
v -2.023307 0.723074 -0.336198
v -2.073307 0.723074 -0.336198
v -2.073307 0.723074 -0.718193
v -2.073307 0.733074 -0.748193
v -2.073307 0.739740 -0.768193
v -2.073307 0.662320 -0.798193
v -1.293458 0.662320 -0.798193
v -0.142916 0.662320 -0.798193
v 1.028975 0.662320 -0.798193
v 2.053417 0.586796 -0.798193
v 2.053417 0.645812 -0.768193
v 2.053417 0.639145 -0.748193
v 2.053417 0.639145 -0.350242
v 2.053417 0.617706 0.350242
v 2.053417 0.617706 0.748193
v 2.053417 0.619928 0.768193
v 2.053417 0.531241 0.798193
v 1.028140 0.594177 0.798193
v -0.140504 0.594177 0.798193
v -1.280684 0.594177 0.798193
v -2.073307 0.594177 0.798193
v -2.073307 0.707404 0.768193
v -2.073307 0.705182 0.748193
v -2.073307 0.701849 0.718193
v -2.073307 0.701849 0.336198
v -2.023307 0.701849 0.336198
v -2.023307 0.701849 -0.336198
v -2.073307 0.701849 -0.336198
v -2.073307 0.701849 -0.718193
v -2.073307 0.705182 -0.748193
v -2.073307 0.707404 -0.768193
v -2.073307 0.594177 -0.798193
v -1.280684 0.594177 -0.798193
v -0.140504 0.594177 -0.798193
v 1.028140 0.594177 -0.798193
v 2.053417 0.531241 -0.798193
v 2.053417 0.619928 -0.768193
v 2.053417 0.617706 -0.748193
v 2.053417 0.617706 -0.350242
v 2.053417 0.596266 0.350242
v 2.053417 0.596266 0.748193
v 2.053417 0.594044 0.768193
v 2.053417 0.475685 0.798193
v 1.027305 0.526035 0.798193
v -0.138093 0.526035 0.798193
v -1.267910 0.526035 0.798193
v -2.073307 0.526035 0.798193
v -2.073307 0.675068 0.768193
v -2.073307 0.677290 0.748193
v -2.073307 0.680624 0.718193
v -2.073307 0.680624 0.336198
v -2.023307 0.680624 0.336198
v -2.023307 0.680624 -0.336198
v -2.073307 0.680624 -0.336198
v -2.073307 0.680624 -0.718193
v -2.073307 0.677290 -0.748193
v -2.073307 0.675068 -0.768193
v -2.073307 0.526035 -0.798193
v -1.267910 0.526035 -0.798193
v -0.138093 0.526035 -0.798193
v 1.027305 0.526035 -0.798193
v 2.053417 0.475685 -0.798193
v 2.053417 0.594044 -0.768193
v 2.053417 0.596266 -0.748193
v 2.053417 0.596266 -0.350242
v 2.053417 0.574827 0.350242
v 2.053417 0.574827 0.748193
v 2.053417 0.568160 0.768193
v 2.053417 0.420130 0.798193
v 1.026470 0.457892 0.798193
v -0.135682 0.457892 0.798193
v -1.255136 0.457892 0.798193
v -2.073307 0.457892 0.798193
v -2.073307 0.642732 0.768193
v -2.073307 0.649398 0.748193
v -2.073307 0.659398 0.718193
v -2.073307 0.659398 0.336198
v -2.023307 0.659398 0.336198
v -2.023307 0.659398 -0.336198
v -2.073307 0.659398 -0.336198
v -2.073307 0.659398 -0.718193
v -2.073307 0.649398 -0.748193
v -2.073307 0.642732 -0.768193
v -2.073307 0.457892 -0.798193
v -1.255136 0.457892 -0.798193
v -0.135682 0.457892 -0.798193
v 1.026470 0.457892 -0.798193
v 2.053417 0.420130 -0.798193
v 2.053417 0.568160 -0.768193
v 2.053417 0.574827 -0.748193
v 2.053417 0.574827 -0.350242
v 2.053417 0.553388 0.350242
v 2.053417 0.553388 0.748193
v 2.053417 0.542277 0.768193
v 2.053417 0.364574 0.798193
v 1.025635 0.389749 0.798193
v -0.133270 0.389749 0.798193
v -1.242362 0.389749 0.798193
v -2.073307 0.389749 0.798193
v -2.073307 0.610395 0.768193
v -2.073307 0.621507 0.748193
v -2.073307 0.638173 0.718193
v -2.073307 0.638173 0.336198
v -2.023307 0.638173 0.336198
v -2.023307 0.638173 -0.336198
v -2.073307 0.638173 -0.336198
v -2.073307 0.638173 -0.718193
v -2.073307 0.621507 -0.748193
v -2.073307 0.610395 -0.768193
v -2.073307 0.389749 -0.798193
v -1.242362 0.389749 -0.798193
v -0.133270 0.389749 -0.798193
v 1.025635 0.389749 -0.798193
v 2.053417 0.364574 -0.798193
v 2.053417 0.542277 -0.768193
v 2.053417 0.553388 -0.748193
v 2.053417 0.553388 -0.350242
v 2.053417 0.531948 0.350242
v 2.053417 0.531948 0.748193
v 2.053417 0.516393 0.768193
v 2.053417 0.309019 0.798193
v 1.024800 0.321606 0.798193
v -0.130859 0.321606 0.798193
v -1.229588 0.321606 0.798193
v -2.073307 0.321606 0.798193
v -2.073307 0.578059 0.768193
v -2.073307 0.593615 0.748193
v -2.073307 0.616948 0.718193
v -2.073307 0.616948 0.336198
v -2.023307 0.616948 0.336198
v -2.023307 0.616948 -0.336198
v -2.073307 0.616948 -0.336198
v -2.073307 0.616948 -0.718193
v -2.073307 0.593615 -0.748193
v -2.073307 0.578059 -0.768193
v -2.073307 0.321606 -0.798193
v -1.229588 0.321606 -0.798193
v -0.130859 0.321606 -0.798193
v 1.024800 0.321606 -0.798193
v 2.053417 0.309019 -0.798193
v 2.053417 0.516393 -0.768193
v 2.053417 0.531948 -0.748193
v 2.053417 0.531948 -0.350242
v 2.023417 0.531948 -0.350242
v 2.023417 0.531948 0.350242
v 2.023417 0.510509 0.350242
v 2.023417 0.510509 -0.350242
v 2.023417 0.682024 0.350242
v 2.023417 0.703463 0.350242
v 2.023417 0.682024 -0.350242
v 2.023417 0.703463 -0.350242
v 2.023417 0.660584 -0.350242
v 2.023417 0.660584 0.350242
v 2.023417 0.639145 0.350242
v 2.023417 0.639145 -0.350242
v 2.023417 0.617706 -0.350242
v 2.023417 0.617706 0.350242
v 2.023417 0.596266 0.350242
v 2.023417 0.596266 -0.350242
v 2.023417 0.574827 -0.350242
v 2.023417 0.574827 0.350242
v 2.023417 0.553388 0.350242
v 2.023417 0.553388 -0.350242
vt 0.961319 0.684475
vt 0.961319 0.463753
vt 0.992360 0.463753
vt 0.992360 0.684475
vt 0.617445 0.791934
vt 0.617445 0.571212
vt 0.648487 0.571212
vt 0.648487 0.791934
vt 0.001992 0.934218
vt 0.001992 0.919893
vt 0.023051 0.919893
vt 0.023051 0.934218
vt 0.001992 0.905568
vt 0.023051 0.905568
vt 0.001992 0.946363
vt 0.023051 0.946363
vt 0.001992 0.893423
vt 0.023051 0.893423
vt 0.001992 0.954478
vt 0.023051 0.954478
vt 0.001992 0.885308
vt 0.023051 0.885308
vt 0.095342 0.903615
vt 0.095342 0.917940
vt 0.074283 0.917940
vt 0.074283 0.903615
vt 0.095342 0.932265
vt 0.074283 0.932265
vt 0.095342 0.891470
vt 0.074283 0.891470
vt 0.095342 0.944410
vt 0.074283 0.944410
vt 0.095342 0.883355
vt 0.074283 0.883355
vt 0.095342 0.952524
vt 0.074283 0.952524
vt 0.384940 0.047410
vt 0.384940 0.038408
vt 0.387106 0.038408
vt 0.387106 0.047410
vt 0.384940 0.029407
vt 0.387106 0.029407
vt 0.384940 0.055041
vt 0.387106 0.055041
vt 0.384940 0.021776
vt 0.387106 0.021776
vt 0.384940 0.060140
vt 0.387106 0.060140
vt 0.384940 0.016677
vt 0.387106 0.016677
vt 0.086218 0.058714
vt 0.086218 0.067716
vt 0.084052 0.067716
vt 0.084052 0.058714
vt 0.086218 0.076717
vt 0.084052 0.076717
vt 0.086218 0.051083
vt 0.084052 0.051083
vt 0.086218 0.084348
vt 0.084052 0.084348
vt 0.086218 0.045984
vt 0.084052 0.045984
vt 0.086218 0.089447
vt 0.084052 0.089447
vt 0.726270 0.964811
vt 0.726270 0.946617
vt 0.729210 0.946617
vt 0.729210 0.964811
vt 0.724906 0.965894
vt 0.724906 0.938118
vt 0.730574 0.938118
vt 0.730574 0.965894
vt 0.739202 0.965894
vt 0.739202 0.938118
vt 0.410340 0.022646
vt 0.410340 0.002947
vt 0.421907 0.002947
vt 0.421907 0.022646
vt 0.855812 0.971513
vt 0.855812 0.943736
vt 0.857177 0.944819
vt 0.857177 0.964518
vt 0.870108 0.943736
vt 0.868743 0.944819
vt 0.870108 0.971513
vt 0.868743 0.964518
vt 0.976950 0.940082
vt 0.976950 0.925756
vt 0.998008 0.925756
vt 0.998008 0.940082
vt 0.976950 0.911431
vt 0.998008 0.911431
vt 0.976950 0.952226
vt 0.998008 0.952226
vt 0.976950 0.899286
vt 0.998008 0.899286
vt 0.976950 0.960341
vt 0.998008 0.960341
vt 0.976950 0.891172
vt 0.998008 0.891172
vt 0.050404 0.905568
vt 0.050404 0.919893
vt 0.029345 0.919893
vt 0.029345 0.905568
vt 0.050404 0.934219
vt 0.029345 0.934219
vt 0.050404 0.893423
vt 0.029345 0.893423
vt 0.050404 0.946363
vt 0.029345 0.946363
vt 0.050404 0.885309
vt 0.029345 0.885309
vt 0.050404 0.954478
vt 0.029345 0.954478
vt 0.392755 0.039595
vt 0.392755 0.030593
vt 0.394921 0.030593
vt 0.394921 0.039595
vt 0.392755 0.021592
vt 0.394921 0.021592
vt 0.392755 0.047226
vt 0.394921 0.047226
vt 0.392755 0.013961
vt 0.394921 0.013961
vt 0.392755 0.052325
vt 0.394921 0.052325
vt 0.392755 0.008862
vt 0.394921 0.008862
vt 0.146787 0.027453
vt 0.146787 0.036455
vt 0.144621 0.036455
vt 0.144621 0.027453
vt 0.146787 0.045456
vt 0.144621 0.045456
vt 0.146787 0.019822
vt 0.144621 0.019822
vt 0.146787 0.053087
vt 0.144621 0.053087
vt 0.146787 0.014723
vt 0.144621 0.014723
vt 0.146787 0.058186
vt 0.144621 0.058186
vt 0.719044 0.791934
vt 0.719044 0.571212
vt 0.750086 0.571212
vt 0.750086 0.791934
vt 0.162205 0.793888
vt 0.162205 0.573165
vt 0.193247 0.573165
vt 0.193247 0.793888
vt 0.754213 0.906922
vt 0.754213 0.692587
vt 0.824635 0.706392
vt 0.824635 0.893117
vt 0.830412 0.906924
vt 0.830412 0.692589
vt 0.900834 0.706394
vt 0.900834 0.893119
vt 0.876231 0.227685
vt 0.857766 0.227685
vt 0.857766 0.003922
vt 0.876231 0.003922
vt 0.891886 0.227685
vt 0.891886 0.003922
vt 0.902345 0.227685
vt 0.902345 0.003922
vt 0.767890 0.003922
vt 0.786355 0.003922
vt 0.786355 0.227685
vt 0.767890 0.227685
vt 0.802009 0.003922
vt 0.802009 0.227685
vt 0.812469 0.003922
vt 0.812469 0.227685
vt 0.926150 0.003922
vt 0.942847 0.003922
vt 0.942847 0.227685
vt 0.926150 0.227685
vt 0.957002 0.003922
vt 0.957002 0.227685
vt 0.966460 0.003922
vt 0.966460 0.227685
vt 0.823663 0.457609
vt 0.806966 0.457609
vt 0.806966 0.233845
vt 0.823663 0.233845
vt 0.837818 0.457609
vt 0.837818 0.233845
vt 0.847276 0.457609
vt 0.847276 0.233845
vt 0.960246 0.457609
vt 0.941781 0.457609
vt 0.941781 0.233845
vt 0.960246 0.233845
vt 0.975900 0.457609
vt 0.975900 0.233845
vt 0.986360 0.457609
vt 0.986360 0.233845
vt 0.851905 0.233845
vt 0.870370 0.233845
vt 0.870370 0.457609
vt 0.851905 0.457609
vt 0.886024 0.233845
vt 0.886024 0.457609
vt 0.896484 0.233845
vt 0.896484 0.457609
vt 0.117267 0.442904
vt 0.133964 0.442904
vt 0.133964 0.666668
vt 0.117267 0.666668
vt 0.148119 0.442904
vt 0.148119 0.666668
vt 0.157577 0.442904
vt 0.157577 0.666668
vt 0.784587 0.687516
vt 0.767890 0.687516
vt 0.767890 0.463752
vt 0.784587 0.463752
vt 0.798742 0.687516
vt 0.798742 0.463752
vt 0.808200 0.687516
vt 0.808200 0.463752
vt 0.294631 0.945070
vt 0.273572 0.945070
vt 0.273572 0.930744
vt 0.294631 0.930744
vt 0.294631 0.957214
vt 0.273572 0.957214
vt 0.273572 0.916419
vt 0.294631 0.916419
vt 0.294631 0.965329
vt 0.273572 0.965329
vt 0.273572 0.904275
vt 0.294631 0.904275
vt 0.273572 0.896160
vt 0.294631 0.896160
vt 0.224727 0.913382
vt 0.245785 0.913382
vt 0.245785 0.927707
vt 0.224727 0.927707
vt 0.224727 0.901237
vt 0.245785 0.901237
vt 0.245785 0.942033
vt 0.224727 0.942033
vt 0.224727 0.893123
vt 0.245785 0.893123
vt 0.245785 0.954177
vt 0.224727 0.954177
vt 0.245785 0.962292
vt 0.224727 0.962292
vt 0.971300 0.862153
vt 0.969134 0.862153
vt 0.969134 0.853152
vt 0.971300 0.853152
vt 0.971300 0.869784
vt 0.969134 0.869784
vt 0.969134 0.844150
vt 0.971300 0.844150
vt 0.971300 0.874883
vt 0.969134 0.874883
vt 0.969134 0.836519
vt 0.971300 0.836519
vt 0.969134 0.831420
vt 0.971300 0.831420
vt 0.136805 0.017684
vt 0.138972 0.017684
vt 0.138972 0.026686
vt 0.136805 0.026686
vt 0.136805 0.010053
vt 0.138972 0.010053
vt 0.138972 0.035687
vt 0.136805 0.035687
vt 0.136805 0.004954
vt 0.138972 0.004954
vt 0.138972 0.043318
vt 0.136805 0.043318
vt 0.138972 0.048417
vt 0.136805 0.048417
vt 0.980857 0.227888
vt 0.980857 0.006557
vt 0.986098 0.006557
vt 0.986098 0.227888
vt 0.990626 0.456488
vt 0.990626 0.235157
vt 0.995867 0.235157
vt 0.995867 0.456488
vt 0.424017 0.671406
vt 0.424017 0.450075
vt 0.429257 0.450075
vt 0.429257 0.671406
vt 0.107498 0.673360
vt 0.107498 0.452029
vt 0.112739 0.452029
vt 0.112739 0.673360
vt 0.179200 0.946770
vt 0.182139 0.946770
vt 0.182139 0.964965
vt 0.179200 0.964965
vt 0.183504 0.945687
vt 0.177835 0.945687
vt 0.183504 0.973464
vt 0.177835 0.973464
vt 0.192131 0.945687
vt 0.192131 0.973464
vt 0.625261 0.949316
vt 0.636827 0.949316
vt 0.636827 0.969014
vt 0.625261 0.969014
vt 0.099683 0.954456
vt 0.101047 0.961451
vt 0.101047 0.981150
vt 0.099683 0.982233
vt 0.113979 0.954456
vt 0.112614 0.961451
vt 0.112614 0.981150
vt 0.113979 0.982233
vt 0.927670 0.945072
vt 0.906612 0.945072
vt 0.906612 0.930747
vt 0.927670 0.930747
vt 0.927670 0.957217
vt 0.906612 0.957217
vt 0.906612 0.916421
vt 0.927670 0.916421
vt 0.927670 0.965331
vt 0.906612 0.965331
vt 0.906612 0.904277
vt 0.927670 0.904277
vt 0.906612 0.896162
vt 0.927670 0.896162
vt 0.300925 0.916419
vt 0.321984 0.916419
vt 0.321984 0.930744
vt 0.300925 0.930744
vt 0.300925 0.904275
vt 0.321984 0.904275
vt 0.321984 0.945070
vt 0.300925 0.945070
vt 0.300925 0.896160
vt 0.321984 0.896160
vt 0.321984 0.957214
vt 0.300925 0.957214
vt 0.321984 0.965329
vt 0.300925 0.965329
vt 0.058865 0.916859
vt 0.056699 0.916859
vt 0.056699 0.907858
vt 0.058865 0.907858
vt 0.058865 0.924490
vt 0.056699 0.924490
vt 0.056699 0.898857
vt 0.058865 0.898857
vt 0.058865 0.929589
vt 0.056699 0.929589
vt 0.056699 0.891225
vt 0.058865 0.891225
vt 0.056699 0.886126
vt 0.058865 0.886126
vt 0.969134 0.892996
vt 0.971300 0.892996
vt 0.971300 0.901997
vt 0.969134 0.901997
vt 0.969134 0.885365
vt 0.971300 0.885365
vt 0.971300 0.910999
vt 0.969134 0.910999
vt 0.969134 0.880266
vt 0.971300 0.880266
vt 0.971300 0.918630
vt 0.969134 0.918630
vt 0.971300 0.923729
vt 0.969134 0.923729
vt 0.232447 0.784404
vt 0.232447 0.730105
vt 0.235372 0.730105
vt 0.235372 0.784404
vt 0.229718 0.787133
vt 0.229718 0.731382
vt 0.238298 0.730105
vt 0.238298 0.784404
vt 0.233250 0.787133
vt 0.197373 0.791227
vt 0.197373 0.733298
vt 0.229718 0.633248
vt 0.232447 0.634525
vt 0.238298 0.634525
vt 0.235372 0.634525
vt 0.241223 0.730105
vt 0.241223 0.784404
vt 0.236782 0.787133
vt 0.204954 0.791227
vt 0.197373 0.631331
vt 0.229718 0.577496
vt 0.232447 0.580225
vt 0.235372 0.580225
vt 0.238298 0.580225
vt 0.244148 0.730105
vt 0.244148 0.784404
vt 0.240313 0.787133
vt 0.212534 0.791227
vt 0.197373 0.573403
vt 0.233250 0.577496
vt 0.236782 0.577496
vt 0.241223 0.634525
vt 0.241223 0.580225
vt 0.244148 0.634525
vt 0.247074 0.730105
vt 0.247074 0.784404
vt 0.243845 0.787133
vt 0.220115 0.791227
vt 0.204954 0.573403
vt 0.212534 0.573403
vt 0.240313 0.577496
vt 0.244148 0.580225
vt 0.249999 0.730105
vt 0.249999 0.784404
vt 0.247377 0.787133
vt 0.227695 0.791227
vt 0.220115 0.573403
vt 0.243845 0.577496
vt 0.247074 0.634525
vt 0.247074 0.580225
vt 0.249999 0.634525
vt 0.252924 0.730105
vt 0.252924 0.784404
vt 0.250909 0.787133
vt 0.235276 0.791227
vt 0.227695 0.573403
vt 0.247377 0.577496
vt 0.249999 0.580225
vt 0.255850 0.730105
vt 0.255850 0.784404
vt 0.254441 0.787133
vt 0.242856 0.791227
vt 0.235276 0.573403
vt 0.250909 0.577496
vt 0.252924 0.634525
vt 0.252924 0.580225
vt 0.255850 0.634525
vt 0.258775 0.730105
vt 0.258775 0.784404
vt 0.257972 0.787133
vt 0.250437 0.791227
vt 0.242856 0.573403
vt 0.254441 0.577496
vt 0.255850 0.580225
vt 0.261504 0.731382
vt 0.261504 0.787133
vt 0.258017 0.791227
vt 0.250437 0.573403
vt 0.257972 0.577496
vt 0.258775 0.634525
vt 0.258775 0.580225
vt 0.265598 0.733298
vt 0.265598 0.791227
vt 0.261504 0.633248
vt 0.258017 0.573403
vt 0.261504 0.577496
vt 0.265598 0.631331
vt 0.265598 0.573403
vt 0.318319 0.636441
vt 0.318319 0.584319
vt 0.321215 0.584319
vt 0.321215 0.636441
vt 0.314226 0.634525
vt 0.314226 0.580225
vt 0.318031 0.580225
vt 0.324111 0.584319
vt 0.324111 0.636441
vt 0.311497 0.633248
vt 0.311497 0.577496
vt 0.314226 0.730105
vt 0.318319 0.728188
vt 0.315909 0.577496
vt 0.321837 0.580225
vt 0.327007 0.584319
vt 0.327007 0.636441
vt 0.271618 0.631331
vt 0.271618 0.573403
vt 0.311497 0.731382
vt 0.314226 0.784404
vt 0.318319 0.780311
vt 0.280916 0.573403
vt 0.320321 0.577496
vt 0.325643 0.580225
vt 0.329903 0.584319
vt 0.329903 0.636441
vt 0.271618 0.733298
vt 0.311497 0.787133
vt 0.321215 0.728188
vt 0.321215 0.780311
vt 0.318031 0.784404
vt 0.290214 0.573403
vt 0.324733 0.577496
vt 0.329449 0.580225
vt 0.332800 0.584319
vt 0.332800 0.636441
vt 0.271618 0.791227
vt 0.315909 0.787133
vt 0.324111 0.728188
vt 0.324111 0.780311
vt 0.321837 0.784404
vt 0.299512 0.573403
vt 0.329145 0.577496
vt 0.333254 0.580225
vt 0.335696 0.584319
vt 0.335696 0.636441
vt 0.280916 0.791227
vt 0.320321 0.787133
vt 0.327007 0.728188
vt 0.327007 0.780311
vt 0.325643 0.784404
vt 0.308810 0.573403
vt 0.333558 0.577496
vt 0.337060 0.580225
vt 0.338592 0.584319
vt 0.338592 0.636441
vt 0.290214 0.791227
vt 0.324733 0.787133
vt 0.329903 0.728188
vt 0.329903 0.780311
vt 0.329449 0.784404
vt 0.318108 0.573403
vt 0.337970 0.577496
vt 0.340866 0.580225
vt 0.341488 0.584319
vt 0.341488 0.636441
vt 0.299512 0.791227
vt 0.329145 0.787133
vt 0.332800 0.728188
vt 0.332800 0.780311
vt 0.333254 0.784404
vt 0.327406 0.573403
vt 0.342382 0.577496
vt 0.344672 0.580225
vt 0.344384 0.584319
vt 0.344384 0.636441
vt 0.308810 0.791227
vt 0.333558 0.787133
vt 0.335696 0.728188
vt 0.335696 0.780311
vt 0.337060 0.784404
vt 0.336704 0.573403
vt 0.346794 0.577496
vt 0.348478 0.580225
vt 0.348478 0.634525
vt 0.318108 0.791227
vt 0.337970 0.787133
vt 0.338592 0.728188
vt 0.338592 0.780311
vt 0.340866 0.784404
vt 0.346002 0.573403
vt 0.351206 0.577496
vt 0.351206 0.633248
vt 0.348478 0.730105
vt 0.344384 0.728188
vt 0.327406 0.791227
vt 0.342382 0.787133
vt 0.341488 0.728188
vt 0.341488 0.780311
vt 0.344672 0.784404
vt 0.355300 0.573403
vt 0.355300 0.631331
vt 0.351206 0.731382
vt 0.348478 0.784404
vt 0.344384 0.780311
vt 0.336704 0.791227
vt 0.346794 0.787133
vt 0.355300 0.733298
vt 0.351206 0.787133
vt 0.346002 0.791227
vt 0.355300 0.791227
vt 0.667682 0.938533
vt 0.656522 0.880787
vt 0.663220 0.880827
vt 0.674380 0.937238
vt 0.215232 0.900324
vt 0.204072 0.958070
vt 0.197373 0.956775
vt 0.208533 0.900364
vt 0.897117 0.900327
vt 0.885957 0.958073
vt 0.879258 0.956778
vt 0.890418 0.900367
vt 0.110843 0.950255
vt 0.099683 0.892509
vt 0.106381 0.892549
vt 0.117541 0.948960
vt 0.275526 0.888729
vt 0.275526 0.796982
vt 0.278422 0.796982
vt 0.278422 0.888729
vt 0.281318 0.796982
vt 0.281318 0.888729
vt 0.284214 0.796982
vt 0.284214 0.888729
vt 0.287110 0.796982
vt 0.287110 0.888729
vt 0.290006 0.796982
vt 0.290006 0.888729
vt 0.292903 0.796982
vt 0.292903 0.888729
vt 0.295799 0.796982
vt 0.295799 0.888729
vt 0.298695 0.796982
vt 0.298695 0.888729
vt 0.301591 0.796982
vt 0.301591 0.888729
vt 0.448434 0.045651
vt 0.448434 0.141230
vt 0.445509 0.141230
vt 0.445509 0.045651
vt 0.456249 0.102154
vt 0.453324 0.102154
vt 0.453324 0.006574
vt 0.456249 0.006574
vt 0.987690 0.690412
vt 0.987690 0.785992
vt 0.984765 0.785992
vt 0.984765 0.690412
vt 0.997459 0.690412
vt 0.997459 0.785991
vt 0.994534 0.785991
vt 0.994534 0.690412
vt 0.936891 0.692366
vt 0.936891 0.787946
vt 0.933965 0.787946
vt 0.933965 0.692366
vt 0.001992 0.571212
vt 0.082262 0.571212
vt 0.082262 0.791934
vt 0.001992 0.791934
vt 0.545154 0.571212
vt 0.613293 0.571212
vt 0.613293 0.791934
vt 0.545154 0.791934
vt 0.871009 0.908199
vt 0.871009 0.922525
vt 0.849951 0.922525
vt 0.849951 0.908199
vt 0.871009 0.936850
vt 0.849951 0.936850
vt 0.390801 0.968109
vt 0.390801 0.953784
vt 0.411860 0.953784
vt 0.411860 0.968109
vt 0.390801 0.939458
vt 0.411860 0.939458
vt 0.463305 0.002639
vt 0.463305 0.011640
vt 0.461139 0.011640
vt 0.461139 0.002639
vt 0.463305 0.020642
vt 0.461139 0.020642
vt 0.967180 0.946753
vt 0.967180 0.937751
vt 0.969346 0.937751
vt 0.969346 0.946753
vt 0.967180 0.928750
vt 0.969346 0.928750
vt 0.258807 0.940071
vt 0.266661 0.940071
vt 0.266661 0.967848
vt 0.258807 0.967848
vt 0.252080 0.967848
vt 0.252080 0.940071
vt 0.901616 0.933967
vt 0.901616 0.961744
vt 0.894889 0.961744
vt 0.894889 0.933967
vt 0.461139 0.047054
vt 0.461139 0.027356
vt 0.462504 0.027356
vt 0.462504 0.047054
vt 0.445509 0.039238
vt 0.445509 0.019539
vt 0.446873 0.019539
vt 0.446873 0.039238
vt 0.661950 0.941412
vt 0.661950 0.955737
vt 0.640891 0.955737
vt 0.640891 0.941412
vt 0.661950 0.970063
vt 0.640891 0.970063
vt 0.326325 0.970063
vt 0.326325 0.955737
vt 0.347384 0.955737
vt 0.347384 0.970063
vt 0.326325 0.941412
vt 0.347384 0.941412
vt 0.385152 0.946333
vt 0.385152 0.955334
vt 0.382986 0.955334
vt 0.382986 0.946333
vt 0.385152 0.964336
vt 0.382986 0.964336
vt 0.168066 0.968243
vt 0.168066 0.959241
vt 0.170232 0.959241
vt 0.170232 0.968243
vt 0.168066 0.950240
vt 0.170232 0.950240
vt 0.713090 0.791934
vt 0.652614 0.791934
vt 0.652614 0.571212
vt 0.713090 0.571212
vt 0.482132 0.793886
vt 0.433786 0.793886
vt 0.433786 0.573164
vt 0.482132 0.573164
vt 0.152436 0.020473
vt 0.157356 0.020473
vt 0.157356 0.207198
vt 0.152436 0.207198
vt 0.097729 0.460082
vt 0.102649 0.460082
vt 0.102649 0.674417
vt 0.097729 0.674417
vt 0.853666 0.227685
vt 0.835201 0.227685
vt 0.835201 0.003922
vt 0.853666 0.003922
vt 0.816736 0.227685
vt 0.816736 0.003922
vt 0.906612 0.227685
vt 0.906612 0.003922
vt 0.911144 0.003922
vt 0.911144 0.227685
vt 0.920913 0.003922
vt 0.920913 0.227685
vt 0.916381 0.227685
vt 0.916381 0.003922
vt 0.767890 0.234472
vt 0.784587 0.234472
vt 0.784587 0.458235
vt 0.767890 0.458235
vt 0.801284 0.234472
vt 0.801284 0.458235
vt 0.937681 0.457609
vt 0.919216 0.457609
vt 0.919216 0.233845
vt 0.937681 0.233845
vt 0.900750 0.457609
vt 0.900750 0.233845
vt 0.990626 0.227059
vt 0.990626 0.003295
vt 0.995159 0.003295
vt 0.995159 0.227059
vt 0.975620 0.003295
vt 0.975620 0.227059
vt 0.971088 0.227059
vt 0.971088 0.003295
vt 0.384940 0.442258
vt 0.401637 0.442258
vt 0.401637 0.666022
vt 0.384940 0.666022
vt 0.418334 0.442258
vt 0.418334 0.666022
vt 0.830412 0.941414
vt 0.851471 0.941414
vt 0.851471 0.955739
vt 0.830412 0.955739
vt 0.851471 0.970065
vt 0.830412 0.970065
vt 0.378645 0.975227
vt 0.357586 0.975227
vt 0.357586 0.960902
vt 0.378645 0.960902
vt 0.357586 0.946577
vt 0.378645 0.946577
vt 0.416201 0.948287
vt 0.418367 0.948287
vt 0.418367 0.957288
vt 0.416201 0.957288
vt 0.418367 0.966290
vt 0.416201 0.966290
vt 0.963485 0.970274
vt 0.961319 0.970274
vt 0.961319 0.961272
vt 0.963485 0.961272
vt 0.961319 0.952271
vt 0.963485 0.952271
vt 0.812828 0.465706
vt 0.845156 0.465706
vt 0.845156 0.687037
vt 0.812828 0.687037
vt 0.849951 0.465706
vt 0.882278 0.465706
vt 0.882278 0.687038
vt 0.849951 0.687038
vt 0.887073 0.465706
vt 0.919401 0.465706
vt 0.919401 0.687037
vt 0.887073 0.687037
vt 0.924196 0.465706
vt 0.956524 0.465706
vt 0.956524 0.687038
vt 0.924196 0.687038
vt 0.155255 0.979250
vt 0.155255 0.951473
vt 0.163110 0.951473
vt 0.163110 0.979250
vt 0.148528 0.979250
vt 0.148528 0.951473
vt 0.063426 0.963621
vt 0.056699 0.963621
vt 0.056699 0.935844
vt 0.063426 0.935844
vt 0.121175 0.009529
vt 0.122539 0.009529
vt 0.122539 0.029228
vt 0.121175 0.029228
vt 0.115313 0.003668
vt 0.116678 0.003668
vt 0.116678 0.023367
vt 0.115313 0.023367
vt 0.123129 0.948530
vt 0.144187 0.948530
vt 0.144187 0.962855
vt 0.123129 0.962855
vt 0.144187 0.977180
vt 0.123129 0.977180
vt 0.620919 0.977181
vt 0.599861 0.977181
vt 0.599861 0.962856
vt 0.620919 0.962856
vt 0.599861 0.948530
vt 0.620919 0.948530
vt 0.969134 0.952271
vt 0.971300 0.952271
vt 0.971300 0.961273
vt 0.969134 0.961273
vt 0.971300 0.970274
vt 0.969134 0.970274
vt 0.746610 0.972226
vt 0.744444 0.972226
vt 0.744444 0.963225
vt 0.746610 0.963225
vt 0.744444 0.954223
vt 0.746610 0.954223
vt 0.162205 0.567005
vt 0.162205 0.465825
vt 0.220133 0.465825
vt 0.220133 0.567005
vt 0.170104 0.461398
vt 0.223831 0.461398
vt 0.322100 0.465825
vt 0.322100 0.567005
vt 0.175954 0.405148
vt 0.181847 0.409575
vt 0.229328 0.409575
vt 0.318403 0.461398
vt 0.380029 0.465825
vt 0.380029 0.567005
vt 0.226569 0.405148
vt 0.312906 0.409575
vt 0.372130 0.461398
vt 0.175954 0.313264
vt 0.226569 0.313264
vt 0.315664 0.405148
vt 0.360387 0.409575
vt 0.366280 0.405148
vt 0.175954 0.221515
vt 0.226569 0.221515
vt 0.315664 0.313264
vt 0.181946 0.216470
vt 0.229374 0.216470
vt 0.315664 0.221515
vt 0.366280 0.313264
vt 0.162205 0.143363
vt 0.169972 0.148408
vt 0.223769 0.148408
vt 0.312859 0.216470
vt 0.366280 0.221515
vt 0.220133 0.143363
vt 0.318464 0.148408
vt 0.360287 0.216470
vt 0.162205 0.003922
vt 0.220133 0.003922
vt 0.322100 0.143363
vt 0.372261 0.148408
vt 0.380029 0.143363
vt 0.322100 0.003922
vt 0.380029 0.003922
vt 0.705049 0.565051
vt 0.705049 0.448185
vt 0.762977 0.448185
vt 0.762977 0.565051
vt 0.603082 0.565051
vt 0.603082 0.448185
vt 0.705049 0.299679
vt 0.762977 0.299679
vt 0.545154 0.565051
vt 0.545154 0.448185
vt 0.603082 0.299679
vt 0.705049 0.142435
vt 0.762977 0.142435
vt 0.545154 0.299679
vt 0.603082 0.142435
vt 0.705049 0.001968
vt 0.762977 0.001968
vt 0.545154 0.142435
vt 0.603082 0.001968
vt 0.545154 0.001968
vt 0.533431 0.711796
vt 0.533431 0.574012
vt 0.540129 0.574012
vt 0.540129 0.711796
vt 0.366239 0.636838
vt 0.366239 0.718224
vt 0.359540 0.718224
vt 0.359540 0.636838
vt 0.377399 0.573403
vt 0.370700 0.573403
vt 0.094658 0.681471
vt 0.094658 0.819255
vt 0.087960 0.819255
vt 0.087960 0.681471
vt 0.497699 0.718833
vt 0.497699 0.637447
vt 0.504397 0.637447
vt 0.504397 0.718833
vt 0.486539 0.574012
vt 0.493237 0.574012
vt 0.509985 0.713551
vt 0.509985 0.574012
vt 0.516683 0.574012
vt 0.516683 0.713551
vt 0.968017 0.691722
vt 0.968017 0.774227
vt 0.961319 0.774227
vt 0.961319 0.691722
vt 0.979177 0.824223
vt 0.972479 0.824223
vt 0.528406 0.574012
vt 0.528406 0.713551
vt 0.521708 0.713551
vt 0.521708 0.574012
vt 0.921679 0.776181
vt 0.921679 0.693676
vt 0.928378 0.693676
vt 0.928378 0.776181
vt 0.910519 0.826177
vt 0.917218 0.826177
vt 0.308741 0.888729
vt 0.308741 0.796982
vt 0.315563 0.796982
vt 0.315563 0.888729
vt 0.322418 0.888729
vt 0.322418 0.796982
vt 0.329240 0.796982
vt 0.329240 0.888729
vt 0.945874 0.692366
vt 0.945874 0.787946
vt 0.941781 0.787946
vt 0.941781 0.692366
vt 0.955643 0.692368
vt 0.955643 0.787947
vt 0.951550 0.787947
vt 0.951550 0.692368
vt 0.363634 0.723766
vt 0.363634 0.819345
vt 0.359540 0.819345
vt 0.359540 0.723766
vt 0.490632 0.790195
vt 0.490632 0.885775
vt 0.486539 0.885775
vt 0.486539 0.790195
vt 0.994720 0.792151
vt 0.994720 0.887731
vt 0.990626 0.887731
vt 0.990626 0.792151
vt 0.934151 0.794105
vt 0.934151 0.889685
vt 0.930058 0.889685
vt 0.930058 0.794105
vt 0.943920 0.794105
vt 0.943920 0.889685
vt 0.939827 0.889685
vt 0.939827 0.794105
vt 0.953689 0.794107
vt 0.953689 0.889686
vt 0.949596 0.889686
vt 0.949596 0.794107
vt 0.256174 0.796982
vt 0.256174 0.892561
vt 0.252080 0.892561
vt 0.252080 0.796982
vt 0.267896 0.796982
vt 0.267896 0.892561
vt 0.263803 0.892561
vt 0.263803 0.796982
vt 0.001992 0.877252
vt 0.001992 0.809112
vt 0.033034 0.796982
vt 0.033034 0.877252
vt 0.039115 0.879206
vt 0.039115 0.798936
vt 0.070156 0.811066
vt 0.070156 0.879206
vt 0.603196 0.810084
vt 0.611311 0.822229
vt 0.576726 0.836554
vt 0.614160 0.836554
vt 0.591052 0.801970
vt 0.611311 0.850879
vt 0.576726 0.799120
vt 0.603196 0.863024
vt 0.562401 0.801970
vt 0.591052 0.871139
vt 0.550257 0.810084
vt 0.576726 0.873988
vt 0.542142 0.822229
vt 0.562401 0.871139
vt 0.539292 0.836554
vt 0.550257 0.863024
vt 0.542142 0.850879
vt 0.773773 0.921549
vt 0.778696 0.924839
vt 0.767966 0.935569
vt 0.776435 0.915123
vt 0.783615 0.919920
vt 0.781986 0.929762
vt 0.767966 0.920394
vt 0.776967 0.913838
vt 0.784598 0.918936
vt 0.788412 0.927100
vt 0.767966 0.913438
vt 0.783141 0.935569
vt 0.762159 0.921549
vt 0.789697 0.926568
vt 0.767966 0.912047
vt 0.790097 0.935569
vt 0.759497 0.915123
vt 0.781986 0.941376
vt 0.757236 0.924839
vt 0.791488 0.935569
vt 0.758964 0.913838
vt 0.788412 0.944038
vt 0.752317 0.919920
vt 0.778696 0.946299
vt 0.753947 0.929762
vt 0.789697 0.944571
vt 0.751334 0.918936
vt 0.783615 0.951218
vt 0.747520 0.927100
vt 0.773773 0.949589
vt 0.752791 0.935569
vt 0.784598 0.952202
vt 0.746235 0.926568
vt 0.776435 0.956015
vt 0.745835 0.935569
vt 0.767966 0.950744
vt 0.753947 0.941376
vt 0.776967 0.957300
vt 0.744444 0.935569
vt 0.767966 0.957700
vt 0.747520 0.944038
vt 0.762159 0.949589
vt 0.757236 0.946299
vt 0.767966 0.959091
vt 0.746235 0.944571
vt 0.759497 0.956015
vt 0.752317 0.951218
vt 0.758965 0.957300
vt 0.751334 0.952202
vt 0.671159 0.802666
vt 0.683303 0.810781
vt 0.673466 0.820618
vt 0.665835 0.815519
vt 0.691418 0.822925
vt 0.678564 0.828249
vt 0.656833 0.799817
vt 0.656833 0.813729
vt 0.694267 0.837251
vt 0.680355 0.837251
vt 0.642508 0.802666
vt 0.647832 0.815519
vt 0.691418 0.851576
vt 0.678564 0.846252
vt 0.630363 0.810781
vt 0.640201 0.820618
vt 0.683303 0.863720
vt 0.673466 0.853883
vt 0.622249 0.822925
vt 0.635102 0.828249
vt 0.671159 0.871835
vt 0.665835 0.858982
vt 0.619399 0.837251
vt 0.633311 0.837251
vt 0.656833 0.874685
vt 0.656833 0.860773
vt 0.622249 0.851576
vt 0.635102 0.846252
vt 0.642508 0.871835
vt 0.647832 0.858982
vt 0.630363 0.863720
vt 0.640201 0.853883
vt 0.789382 0.964032
vt 0.789382 0.956177
vt 0.795050 0.956177
vt 0.803678 0.964032
vt 0.803678 0.970758
vt 0.789382 0.970758
vt 0.941781 0.964034
vt 0.950408 0.956179
vt 0.956076 0.956179
vt 0.956076 0.964034
vt 0.956076 0.970761
vt 0.941781 0.970761
vt 0.109452 0.016044
vt 0.109452 0.004477
vt 0.110816 0.004477
vt 0.110816 0.016044
vt 0.425970 0.016044
vt 0.425970 0.004477
vt 0.427335 0.004477
vt 0.427335 0.016044
vt 0.685071 0.869395
vt 0.697215 0.861281
vt 0.711540 0.895865
vt 0.711540 0.858431
vt 0.676956 0.881540
vt 0.725866 0.861281
vt 0.674106 0.895865
vt 0.738010 0.869395
vt 0.676956 0.910191
vt 0.746125 0.881540
vt 0.685071 0.922335
vt 0.748974 0.895865
vt 0.697215 0.930450
vt 0.746125 0.910191
vt 0.711540 0.933299
vt 0.738010 0.922335
vt 0.725866 0.930450
vt 0.576437 0.943042
vt 0.581360 0.946331
vt 0.570629 0.957061
vt 0.579098 0.936615
vt 0.586278 0.941413
vt 0.584649 0.951254
vt 0.570629 0.941887
vt 0.579631 0.935330
vt 0.587262 0.940429
vt 0.591076 0.948592
vt 0.570629 0.934931
vt 0.585804 0.957061
vt 0.564822 0.943042
vt 0.592361 0.948060
vt 0.570629 0.933539
vt 0.592760 0.957061
vt 0.562160 0.936615
vt 0.584649 0.962868
vt 0.559899 0.946331
vt 0.594151 0.957061
vt 0.561628 0.935330
vt 0.591076 0.965530
vt 0.554981 0.941413
vt 0.581360 0.967791
vt 0.556610 0.951254
vt 0.592361 0.966063
vt 0.553997 0.940429
vt 0.586278 0.972710
vt 0.550183 0.948592
vt 0.576437 0.971081
vt 0.555455 0.957061
vt 0.587262 0.973694
vt 0.548898 0.948060
vt 0.579098 0.977507
vt 0.548499 0.957061
vt 0.570629 0.972236
vt 0.556610 0.962868
vt 0.579631 0.978793
vt 0.547108 0.957061
vt 0.570629 0.979192
vt 0.550183 0.965530
vt 0.564822 0.971081
vt 0.559899 0.967791
vt 0.570629 0.980583
vt 0.548898 0.966063
vt 0.562160 0.977507
vt 0.554981 0.972710
vt 0.561628 0.978793
vt 0.553997 0.973694
vt 0.566373 0.917427
vt 0.558258 0.929571
vt 0.548421 0.919734
vt 0.553520 0.912103
vt 0.546114 0.937686
vt 0.540790 0.924833
vt 0.569222 0.903101
vt 0.555310 0.903101
vt 0.531788 0.940535
vt 0.531788 0.926623
vt 0.566373 0.888776
vt 0.553520 0.894100
vt 0.517463 0.937686
vt 0.522787 0.924833
vt 0.558258 0.876631
vt 0.548421 0.886469
vt 0.505319 0.929571
vt 0.515156 0.919734
vt 0.546114 0.868517
vt 0.540790 0.881370
vt 0.497204 0.917427
vt 0.510057 0.912103
vt 0.531788 0.865667
vt 0.531788 0.879579
vt 0.494354 0.903101
vt 0.508266 0.903101
vt 0.517463 0.868517
vt 0.522787 0.881370
vt 0.497204 0.888776
vt 0.510057 0.894100
vt 0.505319 0.876631
vt 0.515156 0.886469
vt 0.963053 0.896163
vt 0.963053 0.944508
vt 0.932011 0.956638
vt 0.932011 0.896163
vt 0.826285 0.903274
vt 0.826285 0.963750
vt 0.795244 0.951620
vt 0.795244 0.903274
vt 0.076237 0.799760
vt 0.081157 0.799760
vt 0.081157 0.870182
vt 0.076237 0.870182
vt 0.959365 0.816926
vt 0.964285 0.816926
vt 0.964285 0.887348
vt 0.959365 0.887348
vt 0.504579 0.731253
vt 0.520233 0.720793
vt 0.522002 0.725062
vt 0.507847 0.734521
vt 0.538699 0.717120
vt 0.538699 0.721652
vt 0.494120 0.746907
vt 0.498389 0.748675
vt 0.490447 0.765372
vt 0.495068 0.765372
vt 0.494120 0.783838
vt 0.498389 0.782069
vt 0.504579 0.799492
vt 0.507847 0.796224
vt 0.520233 0.809952
vt 0.522002 0.805682
vt 0.538699 0.813625
vt 0.538699 0.809092
vt 0.118148 0.793728
vt 0.133802 0.804188
vt 0.130535 0.807455
vt 0.116380 0.797997
vt 0.144262 0.819842
vt 0.139993 0.821610
vt 0.099683 0.790055
vt 0.099683 0.794587
vt 0.147935 0.838307
vt 0.143314 0.838307
vt 0.144262 0.856773
vt 0.139993 0.855004
vt 0.133802 0.872427
vt 0.130535 0.869159
vt 0.118148 0.882887
vt 0.116380 0.878617
vt 0.099683 0.886559
vt 0.099683 0.882027
vt 0.395165 0.800281
vt 0.410819 0.789821
vt 0.412588 0.794091
vt 0.398433 0.803549
vt 0.429285 0.786148
vt 0.429285 0.790681
vt 0.384705 0.815935
vt 0.388975 0.817704
vt 0.381032 0.834400
vt 0.385653 0.834400
vt 0.384705 0.852866
vt 0.388975 0.851097
vt 0.395165 0.868520
vt 0.398433 0.865252
vt 0.410819 0.878980
vt 0.412588 0.874710
vt 0.429285 0.882653
vt 0.429285 0.878120
vt 0.215839 0.803497
vt 0.231493 0.813956
vt 0.228225 0.817224
vt 0.214070 0.807766
vt 0.241953 0.829611
vt 0.237683 0.831379
vt 0.197373 0.799824
vt 0.197373 0.804356
vt 0.245626 0.848076
vt 0.241005 0.848076
vt 0.241953 0.866541
vt 0.237683 0.864773
vt 0.231493 0.882196
vt 0.228225 0.878928
vt 0.215839 0.892655
vt 0.214070 0.888386
vt 0.197373 0.896328
vt 0.197373 0.891796
vt 0.343151 0.878585
vt 0.369621 0.905055
vt 0.335036 0.890730
vt 0.355295 0.870471
vt 0.332187 0.905055
vt 0.369621 0.867621
vt 0.335036 0.919381
vt 0.383946 0.870471
vt 0.343151 0.931525
vt 0.396090 0.878585
vt 0.355295 0.939640
vt 0.404205 0.890730
vt 0.369621 0.942489
vt 0.407055 0.905055
vt 0.383946 0.939640
vt 0.404205 0.919381
vt 0.396090 0.931525
vt 0.689867 0.946693
vt 0.695674 0.960712
vt 0.684944 0.949982
vt 0.695674 0.945538
vt 0.681655 0.954905
vt 0.687205 0.940266
vt 0.680025 0.945064
vt 0.701482 0.946693
vt 0.695674 0.938582
vt 0.680500 0.960712
vt 0.675228 0.952243
vt 0.686673 0.938981
vt 0.679042 0.944080
vt 0.706404 0.949982
vt 0.704143 0.940266
vt 0.695674 0.937191
vt 0.681655 0.966519
vt 0.673544 0.960712
vt 0.673943 0.951711
vt 0.709694 0.954905
vt 0.711323 0.945064
vt 0.704676 0.938981
vt 0.684944 0.971443
vt 0.675228 0.969181
vt 0.672152 0.960712
vt 0.710849 0.960712
vt 0.716120 0.952243
vt 0.712307 0.944080
vt 0.689867 0.974732
vt 0.680025 0.976361
vt 0.673943 0.969714
vt 0.709694 0.966519
vt 0.717805 0.960712
vt 0.717406 0.951711
vt 0.695674 0.975887
vt 0.687205 0.981158
vt 0.679042 0.977345
vt 0.706404 0.971443
vt 0.716120 0.969181
vt 0.719196 0.960712
vt 0.701482 0.974732
vt 0.695674 0.982843
vt 0.686673 0.982444
vt 0.711323 0.976361
vt 0.717406 0.969714
vt 0.704143 0.981158
vt 0.695674 0.984234
vt 0.712307 0.977345
vt 0.704676 0.982444
vt 0.648434 0.892949
vt 0.635580 0.898273
vt 0.630482 0.890642
vt 0.640319 0.880804
vt 0.651283 0.907274
vt 0.637371 0.907274
vt 0.622850 0.885543
vt 0.628175 0.872690
vt 0.648434 0.921600
vt 0.635580 0.916276
vt 0.613849 0.883752
vt 0.613849 0.869840
vt 0.640319 0.933744
vt 0.630482 0.923907
vt 0.604848 0.885543
vt 0.599524 0.872690
vt 0.628174 0.941859
vt 0.622850 0.929006
vt 0.597217 0.890642
vt 0.587379 0.880804
vt 0.613849 0.944708
vt 0.613849 0.930796
vt 0.592118 0.898273
vt 0.579265 0.892949
vt 0.599524 0.941859
vt 0.604848 0.929006
vt 0.590327 0.907274
vt 0.576415 0.907274
vt 0.587379 0.933744
vt 0.597216 0.923907
vt 0.592118 0.916276
vt 0.579265 0.921600
vt 0.400571 0.041189
vt 0.400571 0.008861
vt 0.405811 0.008861
vt 0.405811 0.041189
vt 0.082098 0.039236
vt 0.082098 0.006908
vt 0.087339 0.006908
vt 0.087339 0.039236
vt 0.127036 0.035907
vt 0.127036 0.003580
vt 0.132277 0.003580
vt 0.132277 0.035907
vt 0.252080 0.932709
vt 0.252080 0.900381
vt 0.257321 0.900381
vt 0.257321 0.932709
vt 0.438312 0.966231
vt 0.424017 0.966231
vt 0.432644 0.958376
vt 0.438312 0.958376
vt 0.438312 0.972958
vt 0.424017 0.972958
vt 0.084671 0.967749
vt 0.070376 0.967749
vt 0.070376 0.959895
vt 0.076044 0.959895
vt 0.084671 0.974476
vt 0.070376 0.974476
vt 0.152436 0.002522
vt 0.153800 0.002522
vt 0.153800 0.014089
vt 0.152436 0.014089
vt 0.666291 0.942310
vt 0.667655 0.942310
vt 0.667655 0.953877
vt 0.666291 0.953877
vt 0.183125 0.935954
vt 0.156655 0.909484
vt 0.191240 0.923809
vt 0.170980 0.944069
vt 0.194089 0.909484
vt 0.156655 0.946918
vt 0.191240 0.895159
vt 0.142330 0.944069
vt 0.183125 0.883014
vt 0.130185 0.935954
vt 0.170980 0.874900
vt 0.122071 0.923809
vt 0.156655 0.872050
vt 0.119221 0.909484
vt 0.142330 0.874900
vt 0.122070 0.895159
vt 0.130185 0.883014
vt 0.496438 0.948382
vt 0.502246 0.962401
vt 0.491515 0.951671
vt 0.502246 0.947227
vt 0.488226 0.956594
vt 0.493776 0.941955
vt 0.486597 0.946752
vt 0.508053 0.948382
vt 0.502246 0.940270
vt 0.487071 0.962401
vt 0.481799 0.953932
vt 0.493244 0.940670
vt 0.485613 0.945769
vt 0.512976 0.951671
vt 0.510715 0.941955
vt 0.502246 0.938879
vt 0.488226 0.968208
vt 0.480115 0.962401
vt 0.480514 0.953400
vt 0.516265 0.956594
vt 0.517894 0.946752
vt 0.511247 0.940670
vt 0.491515 0.973131
vt 0.481799 0.970870
vt 0.478724 0.962401
vt 0.517420 0.962401
vt 0.522692 0.953932
vt 0.518878 0.945769
vt 0.496438 0.976421
vt 0.486597 0.978050
vt 0.480514 0.971403
vt 0.516265 0.968208
vt 0.524376 0.962401
vt 0.523977 0.953400
vt 0.502246 0.977576
vt 0.493776 0.982847
vt 0.485613 0.979034
vt 0.512976 0.973131
vt 0.522692 0.970870
vt 0.525767 0.962401
vt 0.508053 0.976421
vt 0.502246 0.984532
vt 0.493244 0.984133
vt 0.517894 0.978050
vt 0.523977 0.971403
vt 0.510715 0.982847
vt 0.502246 0.985923
vt 0.518878 0.979034
vt 0.511247 0.984133
vt 0.484312 0.904929
vt 0.471459 0.910253
vt 0.466360 0.902622
vt 0.476197 0.892784
vt 0.487162 0.919254
vt 0.473250 0.919254
vt 0.458729 0.897523
vt 0.464053 0.884670
vt 0.484312 0.933580
vt 0.471459 0.928256
vt 0.449728 0.895732
vt 0.449728 0.881820
vt 0.476197 0.945724
vt 0.466360 0.935887
vt 0.440726 0.897523
vt 0.435402 0.884670
vt 0.464053 0.953839
vt 0.458729 0.940985
vt 0.433095 0.902622
vt 0.423258 0.892784
vt 0.449728 0.956688
vt 0.449728 0.942776
vt 0.427996 0.910253
vt 0.415143 0.904929
vt 0.435402 0.953839
vt 0.440726 0.940985
vt 0.426206 0.919254
vt 0.412294 0.919254
vt 0.423258 0.945724
vt 0.433095 0.935887
vt 0.427996 0.928255
vt 0.415143 0.933580
vt 0.001992 0.565051
vt 0.001992 0.448185
vt 0.011290 0.449928
vt 0.011290 0.565051
vt 0.001992 0.299679
vt 0.011290 0.300008
vt 0.020588 0.451671
vt 0.020588 0.565051
vt 0.001992 0.142435
vt 0.011290 0.142321
vt 0.020588 0.300337
vt 0.029886 0.453414
vt 0.029886 0.565051
vt 0.001992 0.001968
vt 0.009573 0.001968
vt 0.020588 0.142207
vt 0.029886 0.300666
vt 0.039184 0.455157
vt 0.039184 0.565051
vt 0.017153 0.001968
vt 0.029886 0.142093
vt 0.039184 0.300995
vt 0.048482 0.456900
vt 0.048482 0.565051
vt 0.024733 0.001968
vt 0.039184 0.141979
vt 0.048482 0.301324
vt 0.057780 0.458643
vt 0.057780 0.565051
vt 0.032314 0.001968
vt 0.048482 0.141865
vt 0.057780 0.301653
vt 0.067078 0.460386
vt 0.067078 0.565051
vt 0.039894 0.001968
vt 0.057780 0.141751
vt 0.067078 0.301982
vt 0.076376 0.462129
vt 0.076376 0.565051
vt 0.047475 0.001968
vt 0.067078 0.141637
vt 0.076376 0.302311
vt 0.085674 0.463872
vt 0.085674 0.565051
vt 0.055055 0.001968
vt 0.076376 0.141523
vt 0.085674 0.302640
vt 0.062636 0.001968
vt 0.085674 0.141409
vt 0.092372 0.310328
vt 0.092372 0.449866
vt 0.070216 0.001968
vt 0.092372 0.158802
vt 0.092372 0.296586
vt 0.156816 0.311310
vt 0.150118 0.317365
vt 0.156816 0.403194
vt 0.150118 0.399871
vt 0.156816 0.219562
vt 0.150118 0.222238
vt 0.150118 0.303623
vt 0.530466 0.567005
vt 0.530466 0.451881
vt 0.539764 0.450139
vt 0.539764 0.567005
vt 0.521168 0.567005
vt 0.521168 0.453624
vt 0.530466 0.301962
vt 0.539764 0.301633
vt 0.511871 0.567005
vt 0.511871 0.455367
vt 0.521168 0.302291
vt 0.530466 0.144275
vt 0.539764 0.144389
vt 0.502572 0.567005
vt 0.502572 0.457110
vt 0.511871 0.302620
vt 0.521168 0.144161
vt 0.532184 0.003922
vt 0.539764 0.003922
vt 0.493275 0.567005
vt 0.493275 0.458853
vt 0.502572 0.302949
vt 0.511871 0.144047
vt 0.524603 0.003922
vt 0.483977 0.567005
vt 0.483977 0.460596
vt 0.493275 0.303278
vt 0.502572 0.143933
vt 0.517023 0.003922
vt 0.474679 0.567005
vt 0.474679 0.462339
vt 0.483977 0.303607
vt 0.493275 0.143819
vt 0.509443 0.003922
vt 0.465381 0.567005
vt 0.465381 0.464082
vt 0.474679 0.303936
vt 0.483977 0.143705
vt 0.501862 0.003922
vt 0.456083 0.567005
vt 0.456083 0.465825
vt 0.465381 0.304265
vt 0.474679 0.143591
vt 0.494282 0.003922
vt 0.456083 0.304594
vt 0.465381 0.143477
vt 0.486701 0.003922
vt 0.449384 0.451820
vt 0.449384 0.312282
vt 0.456083 0.143363
vt 0.479121 0.003922
vt 0.384940 0.405148
vt 0.391639 0.401824
vt 0.384940 0.313264
vt 0.391639 0.319319
vt 0.449384 0.298540
vt 0.449384 0.160756
vt 0.471540 0.003922
vt 0.391639 0.305577
vt 0.384940 0.221515
vt 0.391639 0.224192
vt 0.091867 0.142626
vt 0.091867 0.004843
vt 0.148278 0.068278
vt 0.148278 0.149664
vt 0.441351 0.008750
vt 0.441351 0.146534
vt 0.384940 0.153571
vt 0.384940 0.072186
vt 0.373217 0.811242
vt 0.373217 0.671704
vt 0.429628 0.678741
vt 0.429628 0.761246
vt 0.156094 0.675611
vt 0.156094 0.815149
vt 0.099683 0.765153
vt 0.099683 0.682648
vt 0.211050 0.970752
vt 0.211050 0.967856
vt 0.217873 0.967856
vt 0.217873 0.970752
vt 0.211050 0.964960
vt 0.217873 0.964960
vt 0.211050 0.962064
vt 0.217873 0.962064
vt 0.211050 0.959167
vt 0.217873 0.959167
vt 0.211050 0.956271
vt 0.217873 0.956271
vt 0.211050 0.953375
vt 0.217873 0.953375
vt 0.211050 0.950479
vt 0.217873 0.950479
vt 0.211050 0.947583
vt 0.217873 0.947583
vt 0.211050 0.944687
vt 0.217873 0.944687
vt 0.529523 0.949537
vt 0.529523 0.946641
vt 0.536346 0.946641
vt 0.536346 0.949537
vt 0.529523 0.952433
vt 0.536346 0.952433
vt 0.529523 0.955330
vt 0.536346 0.955330
vt 0.529523 0.958226
vt 0.536346 0.958226
vt 0.529523 0.961122
vt 0.536346 0.961122
vt 0.529523 0.964018
vt 0.536346 0.964018
vt 0.529523 0.966914
vt 0.536346 0.966914
vt 0.529523 0.969810
vt 0.536346 0.969810
vt 0.529523 0.972706
vt 0.536346 0.972706
vt 0.445509 0.008384
vt 0.448434 0.008384
vt 0.448434 0.012477
vt 0.445509 0.012477
vt 0.384940 0.006431
vt 0.387865 0.006431
vt 0.387865 0.010525
vt 0.384940 0.010525
vt 0.144621 0.004478
vt 0.147546 0.004478
vt 0.147546 0.008571
vt 0.144621 0.008571
vt 0.101637 0.004477
vt 0.104562 0.004477
vt 0.104562 0.008571
vt 0.101637 0.008571
vt 0.431832 0.002523
vt 0.434757 0.002523
vt 0.434757 0.006617
vt 0.431832 0.006617
vt 0.470908 0.956684
vt 0.473834 0.956684
vt 0.473834 0.960777
vt 0.470908 0.960777
vt 0.781567 0.960591
vt 0.784492 0.960591
vt 0.784492 0.964684
vt 0.781567 0.964684
vt 0.089914 0.960592
vt 0.092839 0.960592
vt 0.092839 0.964685
vt 0.089914 0.964685
vt 0.001992 0.962545
vt 0.004917 0.962545
vt 0.004917 0.966638
vt 0.001992 0.966638
vt 0.009807 0.962545
vt 0.012733 0.962545
vt 0.012733 0.966638
vt 0.009807 0.966638
vn 0.000000 0.000000 1.000000
vn 0.000000 0.000000 1.000000
vn 0.000000 0.000000 1.000000
vn 0.000000 0.000000 1.000000
vn 0.000000 1.000000 0.000000
vn 0.000000 1.000000 0.000000
vn 0.000000 1.000000 0.000000
vn 0.000000 1.000000 0.000000
vn 0.000000 0.000000 -1.000000
vn 0.000000 0.000000 -1.000000
vn 0.000000 0.000000 -1.000000
vn 0.000000 0.000000 -1.000000
vn 0.000000 -1.000000 0.000000
vn 0.000000 -1.000000 0.000000
vn 0.000000 -1.000000 0.000000
vn 0.000000 -1.000000 0.000000
vn 0.931414 -0.363963 0.000000
vn 0.931414 -0.363963 0.000000
vn 0.931414 -0.363963 0.000000
vn 0.931414 -0.363963 0.000000
vn -1.000000 0.000000 0.000000
vn -1.000000 0.000000 0.000000
vn -1.000000 0.000000 0.000000
vn -1.000000 0.000000 0.000000
vn 0.923880 0.382683 0.000000
vn 0.707107 0.707107 0.000000
vn 0.707107 0.707107 0.000000
vn 0.923880 0.382683 0.000000
vn 0.382687 0.923878 0.000000
vn 0.382687 0.923878 0.000000
vn 0.000000 1.000000 0.000000
vn 0.000000 1.000000 0.000000
vn -0.382687 0.923878 0.000000
vn -0.382687 0.923878 0.000000
vn -0.707107 0.707107 0.000000
vn -0.707107 0.707107 0.000000
vn -0.923878 0.382687 0.000000
vn -0.923878 0.382687 0.000000
vn -1.000000 0.000000 0.000000
vn -1.000000 0.000000 0.000000
vn -0.923878 -0.382687 0.000000
vn -0.923878 -0.382687 0.000000
vn -0.707107 -0.707107 0.000000
vn -0.707107 -0.707107 0.000000
vn -0.382683 -0.923880 0.000000
vn -0.382683 -0.923880 0.000000
vn -0.000000 -1.000000 0.000000
vn -0.000000 -1.000000 0.000000
vn 0.382683 -0.923880 0.000000
vn 0.382683 -0.923880 0.000000
vn 0.707104 -0.707109 0.000000
vn 0.707104 -0.707109 0.000000
vn 0.923880 -0.382683 0.000000
vn 0.923880 -0.382683 0.000000
vn 1.000000 0.000000 0.000000
vn 1.000000 0.000000 0.000000
vn 0.000000 0.000000 -1.000000
vn 0.000000 0.000000 -1.000000
vn -0.000000 0.000000 -1.000000
vn 0.000001 0.000000 -1.000000
vn 0.000000 0.000000 -1.000000
vn -0.000001 0.000000 -1.000000
vn 0.000000 0.000000 -1.000000
vn 0.000000 0.000000 -1.000000
vn 0.000000 0.000000 -1.000000
vn -0.000001 0.000000 -1.000000
vn -0.000001 0.000000 -1.000000
vn -0.000001 0.000000 -1.000000
vn -0.000000 0.000000 -1.000000
vn 0.000000 0.000000 -1.000000
vn -0.000000 0.000000 -1.000000
vn 0.000000 0.000000 -1.000000
vn 0.000000 0.000000 -1.000000
vn -0.085127 -0.035262 0.995746
vn -0.065155 -0.065153 0.995746
vn -0.000000 -0.000000 1.000000
vn -0.035262 -0.085127 0.995746
vn 0.000001 -0.092141 0.995746
vn 0.035262 -0.085128 0.995746
vn 0.065153 -0.065154 0.995746
vn 0.085127 -0.035261 0.995746
vn 0.092141 0.000001 0.995746
vn 0.085127 0.035261 0.995746
vn 0.065153 0.065153 0.995746
vn 0.035260 0.085128 0.995746
vn 0.000000 0.092141 0.995746
vn -0.035260 0.085128 0.995746
vn -0.065153 0.065154 0.995746
vn -0.085127 0.035262 0.995746
vn -0.092141 -0.000000 0.995746
vn 0.000000 0.000000 1.000000
vn 0.000000 0.000000 1.000000
vn 0.000000 0.000000 1.000000
vn 0.000000 0.000000 1.000000
vn 0.000000 0.000000 1.000000
vn 0.000000 0.000000 1.000000
vn 0.000000 0.000000 1.000000
vn 0.000000 0.000000 1.000000
vn 0.000000 0.000000 1.000000
vn 0.000000 0.000000 1.000000
vn 0.000000 0.000000 1.000000
vn 0.000000 0.000000 1.000000
vn -0.000000 0.000000 1.000000
vn 0.000000 0.000000 1.000000
vn 0.000000 0.000000 1.000000
vn 0.000000 0.000000 1.000000
vn -0.000000 0.000000 1.000000
vn 0.000000 0.000000 1.000000
vn -0.000000 0.000000 1.000000
vn -0.000000 0.000000 1.000000
vn 0.000000 0.000000 1.000000
vn 0.000000 0.000000 1.000000
vn 0.000000 0.000000 1.000000
vn 0.000000 0.000000 1.000000
vn 0.000000 0.000000 1.000000
vn 0.000000 0.000000 1.000000
vn 0.000000 0.000000 1.000000
vn 0.000000 0.000000 1.000000
vn 0.000000 0.000000 1.000000
vn 0.000000 0.000000 1.000000
vn -0.000000 0.000000 1.000000
vn -0.000000 0.000000 1.000000
vn -0.923880 -0.382683 0.000000
vn -0.707103 -0.707110 0.000000
vn -0.707103 -0.707110 0.000000
vn -0.923880 -0.382683 0.000000
vn -0.382683 -0.923880 0.000000
vn -0.382683 -0.923880 0.000000
vn 0.000000 -1.000000 0.000000
vn 0.000000 -1.000000 0.000000
vn 0.382683 -0.923880 0.000000
vn 0.382683 -0.923880 0.000000
vn 0.707107 -0.707106 0.000000
vn 0.707107 -0.707106 0.000000
vn 0.923877 -0.382690 0.000000
vn 0.923877 -0.382690 0.000000
vn 1.000000 0.000000 0.000000
vn 1.000000 0.000000 0.000000
vn 0.923880 0.382683 0.000000
vn 0.923880 0.382683 0.000000
vn 0.707111 0.707102 0.000000
vn 0.707111 0.707102 0.000000
vn 0.382681 0.923881 0.000000
vn 0.382681 0.923881 0.000000
vn 0.000000 1.000000 0.000000
vn 0.000000 1.000000 0.000000
vn -0.382684 0.923879 0.000000
vn -0.382684 0.923879 0.000000
vn -0.707104 0.707110 0.000000
vn -0.707104 0.707110 0.000000
vn -0.923880 0.382683 0.000000
vn -0.923880 0.382683 0.000000
vn -1.000000 0.000000 0.000000
vn -1.000000 0.000000 0.000000
vn -0.000000 0.000000 1.000000
vn -0.000000 0.000000 1.000000
vn -0.000000 0.000000 1.000000
vn -0.000000 0.000000 1.000000
vn -0.000001 0.000000 1.000000
vn -0.000001 0.000000 1.000000
vn 0.000000 0.000000 1.000000
vn 0.000000 0.000000 1.000000
vn -0.000001 0.000000 1.000000
vn -0.000001 0.000000 1.000000
vn -0.000001 0.000000 1.000000
vn -0.000001 0.000000 1.000000
vn -0.000000 0.000000 1.000000
vn -0.000000 0.000000 1.000000
vn -0.000000 0.000000 1.000000
vn -0.000000 0.000000 1.000000
vn 0.000000 0.000000 1.000000
vn 0.000000 0.000000 1.000000
vn 0.000000 0.000000 1.000000
vn 0.000000 0.000000 1.000000
vn -0.000000 0.000000 1.000000
vn -0.000000 0.000000 1.000000
vn -0.000000 0.000000 1.000000
vn -0.000000 0.000000 1.000000
vn -0.000000 0.000000 1.000000
vn -0.000000 0.000000 1.000000
vn -0.000000 0.000000 1.000000
vn -0.000000 0.000000 1.000000
vn -0.000001 0.000000 1.000000
vn -0.000001 0.000000 1.000000
vn -0.000001 0.000000 1.000000
vn -0.000001 0.000000 1.000000
vn 0.466507 0.193236 0.863152
vn 0.357052 0.357049 0.863151
vn 0.357052 0.357049 0.863151
vn 0.466507 0.193236 0.863152
vn 0.193235 0.466511 0.863150
vn 0.193234 0.466511 0.863150
vn -0.000002 0.504948 0.863150
vn -0.000003 0.504948 0.863150
vn -0.193233 0.466509 0.863151
vn -0.193233 0.466510 0.863151
vn -0.357050 0.357053 0.863150
vn -0.357051 0.357052 0.863150
vn -0.466510 0.193237 0.863150
vn -0.466510 0.193237 0.863150
vn -0.504943 -0.000002 0.863153
vn -0.504943 -0.000003 0.863153
vn -0.466508 -0.193233 0.863152
vn -0.466508 -0.193233 0.863152
vn -0.357048 -0.357048 0.863153
vn -0.357048 -0.357048 0.863153
vn -0.193232 -0.466509 0.863152
vn -0.193232 -0.466509 0.863151
vn -0.000000 -0.504945 0.863151
vn 0.000000 -0.504945 0.863151
vn 0.193234 -0.466507 0.863152
vn 0.193232 -0.466508 0.863152
vn 0.357047 -0.357049 0.863153
vn 0.357046 -0.357050 0.863153
vn 0.466507 -0.193236 0.863152
vn 0.466507 -0.193236 0.863152
vn 0.504945 -0.000000 0.863151
vn 0.504945 -0.000000 0.863151
vn 0.000001 0.000000 1.000000
vn 0.000002 0.000000 1.000000
vn 0.000002 0.000000 1.000000
vn 0.000000 0.000000 1.000000
vn 0.739462 0.673199 0.000000
vn 0.739462 0.673199 0.000000
vn 0.739462 0.673199 0.000000
vn 0.739462 0.673199 0.000000
vn 0.000000 0.000000 -1.000000
vn 0.000000 0.000000 -1.000000
vn 0.000000 0.000000 -1.000000
vn 0.000000 0.000000 -1.000000
vn 0.000000 -1.000000 0.000000
vn 0.000000 -1.000000 0.000000
vn 0.000000 -1.000000 0.000000
vn 0.000000 -1.000000 0.000000
vn 1.000000 -0.000002 0.000000
vn 1.000000 -0.000002 0.000000
vn 1.000000 0.000002 0.000000
vn 1.000000 0.000002 0.000000
vn -1.000000 0.000000 0.000000
vn -1.000000 0.000000 0.000000
vn -1.000000 0.000000 0.000000
vn -1.000000 0.000000 0.000000
vn 0.000000 -1.000000 0.000000
vn 0.000000 -1.000000 0.000000
vn 0.000000 0.000000 1.000000
vn 0.000000 0.000000 1.000000
vn 0.000000 1.000000 0.000000
vn 0.000000 1.000000 0.000000
vn 0.000000 1.000000 0.000000
vn 0.000000 1.000000 0.000000
vn 0.000000 0.000000 -1.000000
vn 0.000000 0.000000 -1.000000
vn -1.000000 -0.000000 0.000000
vn -1.000000 -0.000003 0.000000
vn -1.000000 -0.000003 0.000000
vn -1.000000 -0.000002 0.000000
vn -1.000000 0.000001 0.000000
vn -1.000000 0.000001 0.000000
vn -1.000000 0.000000 0.000000
vn -1.000000 0.000000 0.000000
vn 0.000000 1.000000 0.000000
vn 0.000000 1.000000 0.000000
vn 0.000000 1.000000 0.000000
vn 0.000000 1.000000 0.000000
vn 0.000000 0.000000 -1.000000
vn 0.000000 0.000000 -1.000000
vn 0.000000 0.000000 -1.000000
vn 0.000000 0.000000 -1.000000
vn 0.000000 -1.000000 0.000000
vn 0.000000 -1.000000 0.000000
vn 0.000000 -1.000000 0.000000
vn 0.000000 -1.000000 0.000000
vn 0.000000 0.000000 1.000000
vn 0.000000 0.000000 1.000000
vn 0.000000 0.000000 1.000000
vn 0.000000 0.000000 1.000000
vn 1.000000 -0.000005 0.000000
vn 1.000000 -0.000000 0.000000
vn 1.000000 0.000000 0.000000
vn 1.000000 0.000004 0.000000
vn 0.923880 0.382683 0.000000
vn 0.707107 0.707107 0.000000
vn 0.707107 0.707107 0.000000
vn 0.923880 0.382683 0.000000
vn 0.382687 0.923878 0.000000
vn 0.382687 0.923878 0.000000
vn 0.000000 1.000000 0.000000
vn 0.000000 1.000000 0.000000
vn -0.382687 0.923878 0.000000
vn -0.382687 0.923878 0.000000
vn -0.707107 0.707107 0.000000
vn -0.707107 0.707107 0.000000
vn -0.923878 0.382687 0.000000
vn -0.923878 0.382687 0.000000
vn -1.000000 0.000005 0.000000
vn -1.000000 0.000005 0.000000
vn -0.923878 -0.382687 0.000000
vn -0.923878 -0.382687 0.000000
vn -0.707105 -0.707109 0.000000
vn -0.707105 -0.707109 0.000000
vn -0.382683 -0.923880 0.000000
vn -0.382683 -0.923880 0.000000
vn -0.000000 -1.000000 0.000000
vn -0.000000 -1.000000 0.000000
vn 0.382683 -0.923880 0.000000
vn 0.382683 -0.923880 0.000000
vn 0.707104 -0.707109 0.000000
vn 0.707104 -0.707109 0.000000
vn 0.923880 -0.382683 0.000000
vn 0.923880 -0.382683 0.000000
vn 1.000000 0.000000 0.000000
vn 1.000000 0.000000 0.000000
vn 0.000000 0.000000 -1.000000
vn 0.000000 0.000000 -1.000000
vn -0.000000 0.000000 -1.000000
vn 0.000001 0.000000 -1.000000
vn 0.000000 0.000000 -1.000000
vn -0.000001 0.000000 -1.000000
vn 0.000000 0.000000 -1.000000
vn 0.000000 0.000000 -1.000000
vn 0.000000 0.000000 -1.000000
vn -0.000001 0.000000 -1.000000
vn -0.000001 0.000000 -1.000000
vn -0.000001 0.000000 -1.000000
vn -0.000000 0.000000 -1.000000
vn 0.000000 0.000000 -1.000000
vn -0.000000 0.000000 -1.000000
vn 0.000000 0.000000 -1.000000
vn 0.000000 0.000000 -1.000000
vn -0.085127 -0.035262 0.995746
vn -0.065155 -0.065153 0.995746
vn -0.000000 -0.000000 1.000000
vn -0.035262 -0.085127 0.995746
vn 0.000001 -0.092142 0.995746
vn 0.035262 -0.085128 0.995746
vn 0.065153 -0.065154 0.995746
vn 0.085127 -0.035260 0.995746
vn 0.092141 0.000001 0.995746
vn 0.085127 0.035261 0.995746
vn 0.065153 0.065153 0.995746
vn 0.035260 0.085128 0.995746
vn 0.000000 0.092141 0.995746
vn -0.035260 0.085128 0.995746
vn -0.065153 0.065154 0.995746
vn -0.085127 0.035262 0.995746
vn -0.092141 -0.000000 0.995746
vn 0.000000 0.000000 1.000000
vn 0.000000 0.000000 1.000000
vn 0.000000 0.000000 1.000000
vn 0.000000 0.000000 1.000000
vn 0.000000 0.000000 1.000000
vn 0.000000 0.000000 1.000000
vn 0.000000 0.000000 1.000000
vn 0.000000 0.000000 1.000000
vn 0.000000 0.000000 1.000000
vn 0.000000 0.000000 1.000000
vn 0.000000 0.000000 1.000000
vn 0.000000 0.000000 1.000000
vn -0.000000 0.000000 1.000000
vn 0.000000 0.000000 1.000000
vn 0.000000 0.000000 1.000000
vn 0.000000 0.000000 1.000000
vn -0.000000 0.000000 1.000000
vn 0.000000 0.000000 1.000000
vn -0.000000 0.000000 1.000000
vn -0.000000 0.000000 1.000000
vn 0.000000 0.000000 1.000000
vn 0.000000 0.000000 1.000000
vn 0.000000 0.000000 1.000000
vn 0.000000 0.000000 1.000000
vn 0.000000 0.000000 1.000000
vn 0.000000 0.000000 1.000000
vn 0.000000 0.000000 1.000000
vn 0.000000 0.000000 1.000000
vn 0.000000 0.000000 1.000000
vn 0.000000 0.000000 1.000000
vn -0.000000 0.000000 1.000000
vn -0.000000 0.000000 1.000000
vn -0.923880 -0.382683 0.000000
vn -0.707103 -0.707110 0.000000
vn -0.707103 -0.707110 0.000000
vn -0.923880 -0.382683 0.000000
vn -0.382683 -0.923880 0.000000
vn -0.382683 -0.923880 0.000000
vn 0.000000 -1.000000 0.000000
vn 0.000000 -1.000000 0.000000
vn 0.382681 -0.923881 0.000000
vn 0.382681 -0.923881 0.000000
vn 0.707106 -0.707107 0.000000
vn 0.707106 -0.707107 0.000000
vn 0.923880 -0.382683 0.000000
vn 0.923880 -0.382683 0.000000
vn 1.000000 0.000000 0.000000
vn 1.000000 0.000000 0.000000
vn 0.923880 0.382683 0.000000
vn 0.923880 0.382683 0.000000
vn 0.707110 0.707103 0.000000
vn 0.707110 0.707103 0.000000
vn 0.382681 0.923881 0.000000
vn 0.382681 0.923881 0.000000
vn 0.000000 1.000000 0.000000
vn 0.000000 1.000000 0.000000
vn -0.382684 0.923879 0.000000
vn -0.382684 0.923879 0.000000
vn -0.707104 0.707110 0.000000
vn -0.707104 0.707110 0.000000
vn -0.923880 0.382683 0.000000
vn -0.923880 0.382683 0.000000
vn -1.000000 0.000000 0.000000
vn -1.000000 0.000000 0.000000
vn -0.000000 0.000000 1.000000
vn -0.000000 0.000000 1.000000
vn -0.000000 0.000000 1.000000
vn -0.000000 0.000000 1.000000
vn -0.000001 0.000000 1.000000
vn -0.000001 0.000000 1.000000
vn 0.000000 0.000000 1.000000
vn 0.000000 0.000000 1.000000
vn -0.000001 0.000000 1.000000
vn -0.000001 0.000000 1.000000
vn -0.000001 0.000000 1.000000
vn -0.000001 0.000000 1.000000
vn -0.000000 0.000000 1.000000
vn -0.000000 0.000000 1.000000
vn -0.000000 0.000000 1.000000
vn -0.000000 0.000000 1.000000
vn 0.000000 0.000000 1.000000
vn 0.000000 0.000000 1.000000
vn 0.000000 0.000000 1.000000
vn 0.000000 0.000000 1.000000
vn -0.000000 0.000000 1.000000
vn -0.000000 0.000000 1.000000
vn -0.000000 0.000000 1.000000
vn -0.000000 0.000000 1.000000
vn -0.000000 0.000000 1.000000
vn -0.000000 0.000000 1.000000
vn -0.000000 0.000000 1.000000
vn -0.000000 0.000000 1.000000
vn -0.000001 0.000000 1.000000
vn -0.000001 0.000000 1.000000
vn -0.000001 0.000000 1.000000
vn -0.000001 0.000000 1.000000
vn 0.466507 0.193235 0.863152
vn 0.357052 0.357049 0.863151
vn 0.357052 0.357049 0.863151
vn 0.466507 0.193236 0.863152
vn 0.193235 0.466511 0.863150
vn 0.193234 0.466511 0.863150
vn -0.000002 0.504947 0.863150
vn -0.000003 0.504947 0.863150
vn -0.193233 0.466510 0.863151
vn -0.193233 0.466510 0.863151
vn -0.357050 0.357053 0.863150
vn -0.357051 0.357053 0.863150
vn -0.466510 0.193237 0.863150
vn -0.466510 0.193237 0.863150
vn -0.504943 -0.000002 0.863153
vn -0.504943 -0.000003 0.863153
vn -0.466508 -0.193233 0.863152
vn -0.466508 -0.193233 0.863152
vn -0.357048 -0.357049 0.863153
vn -0.357048 -0.357049 0.863153
vn -0.193232 -0.466510 0.863151
vn -0.193232 -0.466510 0.863151
vn 0.000000 -0.504945 0.863152
vn 0.000000 -0.504945 0.863152
vn 0.193234 -0.466507 0.863152
vn 0.193232 -0.466508 0.863152
vn 0.357047 -0.357049 0.863153
vn 0.357046 -0.357050 0.863153
vn 0.466507 -0.193235 0.863152
vn 0.466507 -0.193236 0.863152
vn 0.504945 -0.000000 0.863151
vn 0.504945 -0.000000 0.863151
vn 0.000000 0.000000 -1.000000
vn 0.000000 0.000000 -1.000000
vn 0.000000 0.000000 -1.000000
vn 0.000000 0.000000 -1.000000
vn 0.000000 1.000000 0.000000
vn 0.000000 1.000000 0.000000
vn 0.000000 1.000000 0.000000
vn 0.000000 1.000000 0.000000
vn 0.000000 0.000000 1.000000
vn 0.000000 0.000000 1.000000
vn 0.000000 0.000000 1.000000
vn 0.000000 0.000000 1.000000
vn 0.000000 -1.000000 0.000000
vn 0.000000 -1.000000 0.000000
vn 0.000000 -1.000000 0.000000
vn 0.000000 -1.000000 0.000000
vn -0.931415 -0.363959 0.000000
vn -0.931415 -0.363959 0.000000
vn -0.931415 -0.363959 0.000000
vn -0.931415 -0.363959 0.000000
vn 1.000000 0.000000 0.000000
vn 1.000000 0.000000 0.000000
vn 1.000000 0.000000 0.000000
vn 1.000000 0.000000 0.000000
vn 0.000000 0.192372 0.981322
vn 0.000000 0.192372 0.981322
vn 0.000000 0.192372 0.981322
vn 0.000000 0.192372 0.981322
vn 0.000000 1.000000 0.000000
vn 0.000000 1.000000 0.000000
vn 0.000000 1.000000 0.000000
vn 0.000000 1.000000 0.000000
vn 0.000000 0.192372 -0.981322
vn 0.000000 0.192372 -0.981322
vn 0.000000 0.192372 -0.981322
vn 0.000000 0.192372 -0.981322
vn 0.000000 -1.000000 0.000000
vn 0.000000 -1.000000 0.000000
vn 0.000000 -1.000000 0.000000
vn 0.000000 -1.000000 0.000000
vn 1.000000 -0.000000 0.000000
vn 1.000000 -0.000000 0.000000
vn 1.000000 -0.000000 0.000000
vn 1.000000 -0.000000 0.000000
vn -1.000000 0.000000 0.000000
vn -1.000000 0.000000 0.000000
vn -1.000000 0.000000 0.000000
vn -1.000000 0.000000 0.000000
vn 0.923880 0.382683 0.000000
vn 0.707107 0.707107 0.000000
vn 0.707107 0.707107 0.000000
vn 0.923880 0.382683 0.000000
vn 0.382683 0.923880 0.000000
vn 0.382683 0.923880 0.000000
vn 0.000000 1.000000 0.000000
vn 0.000000 1.000000 0.000000
vn -0.382683 0.923880 0.000000
vn -0.382683 0.923880 0.000000
vn -0.707107 0.707107 0.000000
vn -0.707107 0.707107 0.000000
vn -0.923880 0.382683 0.000000
vn -0.923880 0.382683 0.000000
vn -0.980786 0.195085 0.000000
vn -0.980786 0.195085 0.000000
vn 0.980786 0.195086 0.000000
vn 0.980786 0.195086 0.000000
vn -0.000001 0.000000 -1.000000
vn -0.000000 0.000000 -1.000000
vn -0.000000 0.000000 -1.000000
vn -0.000001 0.000000 -1.000000
vn -0.000000 0.000000 -1.000000
vn -0.000000 0.000000 -1.000000
vn 0.000000 0.000000 -1.000000
vn 0.000000 0.000000 -1.000000
vn 0.000000 0.000000 -1.000000
vn 0.000000 0.000000 -1.000000
vn 0.000000 0.000000 -1.000000
vn 0.000000 0.000000 -1.000000
vn 0.000000 0.000000 -1.000000
vn 0.000000 0.000000 -1.000000
vn 0.000000 0.000000 -1.000000
vn 0.000000 0.000000 -1.000000
vn 0.000000 0.000000 -1.000000
vn 0.000000 0.000000 -1.000000
vn -0.000000 0.000000 1.000000
vn -0.000000 0.000000 1.000000
vn -0.000000 0.000000 1.000000
vn -0.000000 0.000000 1.000000
vn -0.000000 0.000000 1.000000
vn -0.000000 0.000000 1.000000
vn 0.000000 0.000000 1.000000
vn 0.000000 0.000000 1.000000
vn 0.000000 0.000000 1.000000
vn 0.000000 0.000000 1.000000
vn 0.000001 0.000000 1.000000
vn 0.000001 0.000000 1.000000
vn 0.000000 0.000000 1.000000
vn 0.000000 0.000000 1.000000
vn -0.000000 0.000000 1.000000
vn -0.000000 0.000000 1.000000
vn 0.000000 0.000000 1.000000
vn 0.000000 0.000000 1.000000
vn 0.000000 -1.000000 0.000000
vn 0.000000 -1.000000 0.000000
vn 0.000000 -1.000000 0.000000
vn 0.000000 -1.000000 0.000000
vn 0.000000 -1.000000 0.000000
vn 0.000000 -1.000000 0.000000
vn 0.000000 -1.000000 0.000000
vn 0.000000 -1.000000 0.000000
vn 0.979776 -0.200098 0.000000
vn 0.922938 -0.384948 0.000000
vn 0.922938 -0.384948 0.000000
vn 0.979776 -0.200098 0.000000
vn 0.707107 -0.707107 0.000000
vn 0.707107 -0.707107 0.000000
vn 0.382685 -0.923879 0.000000
vn 0.382685 -0.923879 0.000000
vn 0.000000 -1.000000 0.000000
vn 0.000000 -1.000000 0.000000
vn -0.382685 -0.923879 0.000000
vn -0.382685 -0.923879 0.000000
vn -0.707107 -0.707107 0.000000
vn -0.707107 -0.707107 0.000000
vn -0.922938 -0.384949 0.000000
vn -0.922938 -0.384949 0.000000
vn -0.979776 -0.200098 0.000000
vn -0.979776 -0.200098 0.000000
vn 0.923880 0.382683 0.000000
vn 0.707107 0.707107 0.000000
vn 0.707107 0.707107 0.000000
vn 0.923880 0.382683 0.000000
vn 0.382683 0.923880 0.000000
vn 0.382683 0.923880 0.000000
vn 0.000000 1.000000 0.000000
vn 0.000000 1.000000 0.000000
vn -0.382682 0.923880 0.000000
vn -0.382682 0.923880 0.000000
vn -0.707107 0.707107 0.000000
vn -0.707107 0.707107 0.000000
vn -0.923880 0.382683 0.000000
vn -0.923880 0.382683 0.000000
vn -0.980785 0.195093 0.000000
vn -0.980785 0.195093 0.000000
vn 0.980785 0.195093 0.000000
vn 0.980785 0.195093 0.000000
vn -0.000001 0.000000 -1.000000
vn -0.000000 0.000000 -1.000000
vn -0.000000 0.000000 -1.000000
vn -0.000001 0.000000 -1.000000
vn -0.000000 0.000000 -1.000000
vn -0.000000 0.000000 -1.000000
vn 0.000000 0.000000 -1.000000
vn 0.000000 0.000000 -1.000000
vn 0.000000 0.000000 -1.000000
vn 0.000000 0.000000 -1.000000
vn 0.000000 0.000000 -1.000000
vn 0.000000 0.000000 -1.000000
vn 0.000000 0.000000 -1.000000
vn 0.000000 0.000000 -1.000000
vn 0.000000 0.000000 -1.000000
vn 0.000000 0.000000 -1.000000
vn 0.000000 0.000000 -1.000000
vn 0.000000 0.000000 -1.000000
vn -0.000000 0.000000 1.000000
vn -0.000000 0.000000 1.000000
vn -0.000000 0.000000 1.000000
vn -0.000000 0.000000 1.000000
vn -0.000000 0.000000 1.000000
vn -0.000000 0.000000 1.000000
vn 0.000000 0.000000 1.000000
vn 0.000000 0.000000 1.000000
vn 0.000000 0.000000 1.000000
vn 0.000000 0.000000 1.000000
vn 0.000001 0.000000 1.000000
vn 0.000001 0.000000 1.000000
vn 0.000000 0.000000 1.000000
vn 0.000000 0.000000 1.000000
vn -0.000000 0.000000 1.000000
vn -0.000000 0.000000 1.000000
vn 0.000000 0.000000 1.000000
vn 0.000000 0.000000 1.000000
vn 0.000000 -1.000000 0.000000
vn 0.000000 -1.000000 0.000000
vn 0.000000 -1.000000 0.000000
vn 0.000000 -1.000000 0.000000
vn 0.000000 -1.000000 0.000000
vn 0.000000 -1.000000 0.000000
vn 0.000000 -1.000000 0.000000
vn 0.000000 -1.000000 0.000000
vn 0.979776 -0.200098 0.000000
vn 0.922937 -0.384952 0.000000
vn 0.922937 -0.384952 0.000000
vn 0.979776 -0.200098 0.000000
vn 0.707107 -0.707107 0.000000
vn 0.707107 -0.707107 0.000000
vn 0.382685 -0.923879 0.000000
vn 0.382685 -0.923879 0.000000
vn 0.000000 -1.000000 0.000000
vn 0.000000 -1.000000 0.000000
vn -0.382685 -0.923879 0.000000
vn -0.382685 -0.923879 0.000000
vn -0.707107 -0.707107 0.000000
vn -0.707107 -0.707107 0.000000
vn -0.922938 -0.384948 0.000000
vn -0.922938 -0.384948 0.000000
vn -0.979776 -0.200097 0.000000
vn -0.979776 -0.200097 0.000000
vn 0.923880 0.382683 0.000000
vn 0.923880 0.382683 0.000000
vn 0.707107 0.707107 0.000000
vn 0.707107 0.707107 0.000000
vn 0.382687 0.923878 0.000000
vn 0.382687 0.923878 0.000000
vn 0.000000 1.000000 0.000000
vn 0.000000 1.000000 0.000000
vn -0.382687 0.923878 0.000000
vn -0.382687 0.923878 0.000000
vn -0.707107 0.707107 0.000000
vn -0.707107 0.707107 0.000000
vn -0.923878 0.382687 0.000000
vn -0.923878 0.382687 0.000000
vn -1.000000 0.000000 0.000000
vn -1.000000 0.000000 0.000000
vn -0.923878 -0.382687 0.000000
vn -0.923878 -0.382687 0.000000
vn -0.707107 -0.707107 0.000000
vn -0.707107 -0.707107 0.000000
vn -0.382683 -0.923880 0.000000
vn -0.382683 -0.923880 0.000000
vn -0.000000 -1.000000 0.000000
vn -0.000000 -1.000000 0.000000
vn 0.382683 -0.923880 0.000000
vn 0.382683 -0.923880 0.000000
vn 0.707104 -0.707109 0.000000
vn 0.707104 -0.707109 0.000000
vn 0.923880 -0.382683 0.000000
vn 0.923880 -0.382683 0.000000
vn 1.000000 0.000000 0.000000
vn 1.000000 0.000000 0.000000
vn -0.000000 0.000000 1.000000
vn -0.000000 0.000000 1.000000
vn -0.000000 0.000000 1.000000
vn 0.000000 0.000000 1.000000
vn 0.000000 0.000000 1.000000
vn -0.000000 0.000000 1.000000
vn 0.000000 0.000000 1.000000
vn 0.000000 0.000000 1.000000
vn 0.000000 0.000000 1.000000
vn -0.000000 0.000000 1.000000
vn -0.000000 0.000000 1.000000
vn -0.000000 0.000000 1.000000
vn -0.000000 0.000000 1.000000
vn 0.000000 0.000000 1.000000
vn 0.000000 0.000000 1.000000
vn 0.000000 0.000000 1.000000
vn 0.000000 0.000000 1.000000
vn -0.085127 -0.035262 -0.995746
vn -0.000000 -0.000000 -1.000000
vn -0.065155 -0.065153 -0.995746
vn -0.035262 -0.085127 -0.995746
vn 0.000002 -0.092141 -0.995746
vn 0.035261 -0.085128 -0.995746
vn 0.065152 -0.065154 -0.995746
vn 0.085127 -0.035261 -0.995746
vn 0.092141 0.000001 -0.995746
vn 0.085127 0.035261 -0.995746
vn 0.065153 0.065153 -0.995746
vn 0.035261 0.085128 -0.995746
vn 0.000000 0.092141 -0.995746
vn -0.035261 0.085128 -0.995746
vn -0.065153 0.065154 -0.995746
vn -0.085127 0.035262 -0.995746
vn -0.092141 0.000000 -0.995746
vn 0.000000 0.000000 -1.000000
vn 0.000000 0.000000 -1.000000
vn 0.000000 0.000000 -1.000000
vn 0.000000 0.000000 -1.000000
vn 0.000000 0.000000 -1.000000
vn 0.000000 0.000000 -1.000000
vn 0.000000 0.000000 -1.000000
vn 0.000000 0.000000 -1.000000
vn -0.000000 0.000000 -1.000000
vn -0.000000 0.000000 -1.000000
vn -0.000000 0.000000 -1.000000
vn -0.000000 0.000000 -1.000000
vn -0.000000 0.000000 -1.000000
vn -0.000000 0.000000 -1.000000
vn 0.000000 0.000000 -1.000000
vn 0.000000 0.000000 -1.000000
vn 0.000000 0.000000 -1.000000
vn 0.000000 0.000000 -1.000000
vn 0.000000 0.000000 -1.000000
vn 0.000000 0.000000 -1.000000
vn -0.000000 0.000000 -1.000000
vn -0.000000 0.000000 -1.000000
vn 0.000000 0.000000 -1.000000
vn -0.000000 0.000000 -1.000000
vn -0.000000 0.000000 -1.000000
vn -0.000000 0.000000 -1.000000
vn -0.000000 0.000000 -1.000000
vn -0.000000 0.000000 -1.000000
vn -0.000000 0.000000 -1.000000
vn -0.000000 0.000000 -1.000000
vn -0.000000 0.000000 -1.000000
vn -0.000000 0.000000 -1.000000
vn -0.923880 -0.382683 0.000000
vn -0.923880 -0.382683 0.000000
vn -0.707103 -0.707110 0.000000
vn -0.707103 -0.707110 0.000000
vn -0.382683 -0.923880 0.000000
vn -0.382683 -0.923880 0.000000
vn 0.000000 -1.000000 0.000000
vn 0.000000 -1.000000 0.000000
vn 0.382683 -0.923880 0.000000
vn 0.382683 -0.923880 0.000000
vn 0.707107 -0.707106 0.000000
vn 0.707107 -0.707106 0.000000
vn 0.923877 -0.382690 0.000000
vn 0.923877 -0.382690 0.000000
vn 1.000000 0.000000 0.000000
vn 1.000000 0.000000 0.000000
vn 0.923880 0.382683 0.000000
vn 0.923880 0.382683 0.000000
vn 0.707111 0.707102 0.000000
vn 0.707111 0.707102 0.000000
vn 0.382681 0.923881 0.000000
vn 0.382681 0.923881 0.000000
vn 0.000000 1.000000 0.000000
vn 0.000000 1.000000 0.000000
vn -0.382684 0.923879 0.000000
vn -0.382684 0.923879 0.000000
vn -0.707104 0.707110 0.000000
vn -0.707104 0.707110 0.000000
vn -0.923880 0.382683 0.000000
vn -0.923880 0.382683 0.000000
vn -1.000000 0.000000 0.000000
vn -1.000000 0.000000 0.000000
vn 0.000000 0.000000 -1.000000
vn 0.000000 0.000000 -1.000000
vn 0.000000 0.000000 -1.000000
vn 0.000000 0.000000 -1.000000
vn -0.000001 0.000000 -1.000000
vn -0.000001 0.000000 -1.000000
vn 0.000001 0.000000 -1.000000
vn 0.000001 0.000000 -1.000000
vn 0.000003 0.000000 -1.000000
vn 0.000003 0.000000 -1.000000
vn 0.000001 0.000000 -1.000000
vn 0.000001 0.000000 -1.000000
vn 0.000000 0.000000 -1.000000
vn 0.000000 0.000000 -1.000000
vn 0.000000 0.000000 -1.000000
vn 0.000000 0.000000 -1.000000
vn 0.000000 0.000000 -1.000000
vn 0.000000 0.000000 -1.000000
vn 0.000000 0.000000 -1.000000
vn 0.000000 0.000000 -1.000000
vn 0.000000 0.000000 -1.000000
vn 0.000000 0.000000 -1.000000
vn 0.000000 0.000000 -1.000000
vn 0.000000 0.000000 -1.000000
vn 0.000000 0.000000 -1.000000
vn 0.000000 0.000000 -1.000000
vn 0.000000 0.000000 -1.000000
vn 0.000000 0.000000 -1.000000
vn 0.000000 0.000000 -1.000000
vn 0.000000 0.000000 -1.000000
vn 0.000000 0.000000 -1.000000
vn 0.000000 0.000000 -1.000000
vn 0.466507 0.193236 -0.863152
vn 0.466507 0.193236 -0.863152
vn 0.357052 0.357049 -0.863151
vn 0.357052 0.357049 -0.863151
vn 0.193234 0.466511 -0.863150
vn 0.193235 0.466511 -0.863150
vn -0.000003 0.504948 -0.863150
vn -0.000002 0.504948 -0.863150
vn -0.193232 0.466510 -0.863151
vn -0.193232 0.466510 -0.863151
vn -0.357051 0.357052 -0.863150
vn -0.357050 0.357053 -0.863150
vn -0.466511 0.193237 -0.863150
vn -0.466510 0.193237 -0.863150
vn -0.504943 -0.000003 -0.863153
vn -0.504943 -0.000002 -0.863153
vn -0.466507 -0.193233 -0.863152
vn -0.466507 -0.193233 -0.863152
vn -0.357048 -0.357048 -0.863153
vn -0.357048 -0.357048 -0.863153
vn -0.193232 -0.466509 -0.863152
vn -0.193232 -0.466509 -0.863152
vn 0.000000 -0.504945 -0.863151
vn -0.000000 -0.504945 -0.863151
vn 0.193232 -0.466508 -0.863152
vn 0.193234 -0.466507 -0.863152
vn 0.357046 -0.357050 -0.863153
vn 0.357047 -0.357049 -0.863153
vn 0.466507 -0.193236 -0.863152
vn 0.466507 -0.193236 -0.863152
vn 0.504945 -0.000000 -0.863152
vn 0.504945 -0.000000 -0.863152
vn 0.000000 0.000000 1.000000
vn 0.000000 0.000000 1.000000
vn 0.000000 0.000000 1.000000
vn 0.000000 0.000000 1.000000
vn 0.000000 1.000000 0.000000
vn 0.000000 1.000000 0.000000
vn 0.000000 1.000000 0.000000
vn 0.000000 1.000000 0.000000
vn 0.000000 0.000000 -1.000000
vn 0.000000 0.000000 -1.000000
vn 0.000000 0.000000 -1.000000
vn 0.000000 0.000000 -1.000000
vn 0.000000 -1.000000 0.000000
vn 0.000000 -1.000000 0.000000
vn 0.000000 -1.000000 0.000000
vn 0.000000 -1.000000 0.000000
vn 1.000000 0.000000 0.000000
vn 1.000000 0.000000 0.000000
vn 1.000000 0.000000 0.000000
vn 1.000000 0.000000 0.000000
vn -1.000000 0.000000 0.000000
vn -1.000000 0.000000 0.000000
vn -1.000000 0.000000 0.000000
vn -1.000000 0.000000 0.000000
vn 0.000000 0.000000 1.000000
vn 0.000000 0.000000 1.000000
vn 0.000000 0.000000 1.000000
vn 0.000000 0.000000 1.000000
vn 0.000000 1.000000 0.000000
vn 0.000000 1.000000 0.000000
vn 0.000000 1.000000 0.000000
vn 0.000000 1.000000 0.000000
vn 0.000000 0.000000 -1.000000
vn 0.000000 0.000000 -1.000000
vn 0.000000 0.000000 -1.000000
vn 0.000000 0.000000 -1.000000
vn 0.000000 -1.000000 0.000000
vn 0.000000 -1.000000 0.000000
vn 0.000000 -1.000000 0.000000
vn 0.000000 -1.000000 0.000000
vn 1.000000 0.000000 0.000000
vn 1.000000 0.000000 0.000000
vn 1.000000 0.000000 0.000000
vn 1.000000 0.000000 0.000000
vn -1.000000 0.000000 0.000000
vn -1.000000 0.000000 0.000000
vn -1.000000 0.000000 0.000000
vn -1.000000 0.000000 0.000000
vn 0.000000 0.000000 -1.000000
vn 0.000000 0.000000 -1.000000
vn 0.000001 0.000000 -1.000000
vn 0.000001 0.000000 -1.000000
vn 0.739462 0.673199 0.000000
vn 0.739462 0.673199 0.000000
vn 0.739462 0.673199 0.000000
vn 0.739462 0.673199 0.000000
vn 0.000000 0.000000 1.000000
vn 0.000000 0.000000 1.000000
vn 0.000000 0.000000 1.000000
vn 0.000000 0.000000 1.000000
vn 0.000000 -1.000000 0.000000
vn 0.000000 -1.000000 0.000000
vn 0.000000 -1.000000 0.000000
vn 0.000000 -1.000000 0.000000
vn 1.000000 0.000000 0.000000
vn 1.000000 0.000004 0.000000
vn 1.000000 0.000003 0.000000
vn 1.000000 0.000000 0.000000
vn -1.000000 0.000000 0.000000
vn -1.000000 0.000000 0.000000
vn -1.000000 0.000000 0.000000
vn -1.000000 0.000000 0.000000
vn 0.000000 -1.000000 0.000000
vn 0.000000 -1.000000 0.000000
vn 0.000000 0.000000 -1.000000
vn 0.000000 0.000000 -1.000000
vn 0.000000 1.000000 0.000000
vn 0.000000 1.000000 0.000000
vn 0.000000 1.000000 0.000000
vn 0.000000 1.000000 0.000000
vn 0.000000 0.000000 1.000000
vn 0.000000 0.000000 1.000000
vn -1.000000 -0.000000 0.000000
vn -1.000000 -0.000003 0.000000
vn -1.000000 -0.000006 0.000000
vn -1.000000 -0.000006 0.000000
vn -1.000000 0.000000 0.000000
vn -1.000000 0.000000 0.000000
vn -1.000000 0.000000 0.000000
vn -1.000000 0.000000 0.000000
vn 0.000000 1.000000 0.000000
vn 0.000000 1.000000 0.000000
vn 0.000000 1.000000 0.000000
vn 0.000000 1.000000 0.000000
vn 0.000000 0.000000 1.000000
vn 0.000000 0.000000 1.000000
vn 0.000000 0.000000 1.000000
vn 0.000000 0.000000 1.000000
vn 0.000000 -1.000000 0.000000
vn 0.000000 -1.000000 0.000000
vn 0.000000 -1.000000 0.000000
vn 0.000000 -1.000000 0.000000
vn 0.000000 0.000000 -1.000000
vn 0.000000 0.000000 -1.000000
vn 0.000000 0.000000 -1.000000
vn 0.000000 0.000000 -1.000000
vn 1.000000 0.000000 0.000000
vn 1.000000 0.000000 0.000000
vn 1.000000 0.000001 0.000000
vn 1.000000 0.000008 0.000000
vn 0.923880 0.382683 0.000000
vn 0.923880 0.382683 0.000000
vn 0.707107 0.707107 0.000000
vn 0.707107 0.707107 0.000000
vn 0.382687 0.923878 0.000000
vn 0.382687 0.923878 0.000000
vn 0.000000 1.000000 0.000000
vn 0.000000 1.000000 0.000000
vn -0.382687 0.923878 0.000000
vn -0.382687 0.923878 0.000000
vn -0.707107 0.707107 0.000000
vn -0.707107 0.707107 0.000000
vn -0.923878 0.382687 0.000000
vn -0.923878 0.382687 0.000000
vn -1.000000 0.000005 0.000000
vn -1.000000 0.000005 0.000000
vn -0.923878 -0.382687 0.000000
vn -0.923878 -0.382687 0.000000
vn -0.707105 -0.707109 0.000000
vn -0.707105 -0.707109 0.000000
vn -0.382683 -0.923880 0.000000
vn -0.382683 -0.923880 0.000000
vn -0.000000 -1.000000 0.000000
vn -0.000000 -1.000000 0.000000
vn 0.382683 -0.923880 0.000000
vn 0.382683 -0.923880 0.000000
vn 0.707104 -0.707109 0.000000
vn 0.707104 -0.707109 0.000000
vn 0.923880 -0.382683 0.000000
vn 0.923880 -0.382683 0.000000
vn 1.000000 0.000000 0.000000
vn 1.000000 0.000000 0.000000
vn -0.000000 0.000000 1.000000
vn -0.000000 0.000000 1.000000
vn -0.000000 0.000000 1.000000
vn 0.000000 0.000000 1.000000
vn 0.000000 0.000000 1.000000
vn -0.000000 0.000000 1.000000
vn 0.000000 0.000000 1.000000
vn 0.000000 0.000000 1.000000
vn 0.000000 0.000000 1.000000
vn -0.000000 0.000000 1.000000
vn -0.000000 0.000000 1.000000
vn -0.000000 0.000000 1.000000
vn -0.000000 0.000000 1.000000
vn 0.000000 0.000000 1.000000
vn 0.000000 0.000000 1.000000
vn 0.000000 0.000000 1.000000
vn 0.000000 0.000000 1.000000
vn -0.085127 -0.035262 -0.995746
vn -0.000000 -0.000000 -1.000000
vn -0.065155 -0.065153 -0.995746
vn -0.035262 -0.085127 -0.995746
vn 0.000002 -0.092142 -0.995746
vn 0.035261 -0.085128 -0.995746
vn 0.065152 -0.065154 -0.995746
vn 0.085127 -0.035260 -0.995746
vn 0.092141 0.000001 -0.995746
vn 0.085127 0.035261 -0.995746
vn 0.065153 0.065153 -0.995746
vn 0.035261 0.085128 -0.995746
vn 0.000000 0.092141 -0.995746
vn -0.035261 0.085128 -0.995746
vn -0.065153 0.065154 -0.995746
vn -0.085127 0.035262 -0.995746
vn -0.092141 0.000000 -0.995746
vn 0.000000 0.000000 -1.000000
vn 0.000000 0.000000 -1.000000
vn 0.000000 0.000000 -1.000000
vn 0.000000 0.000000 -1.000000
vn 0.000000 0.000000 -1.000000
vn 0.000000 0.000000 -1.000000
vn 0.000000 0.000000 -1.000000
vn -0.000000 0.000000 -1.000000
vn -0.000000 0.000000 -1.000000
vn -0.000000 0.000000 -1.000000
vn -0.000000 0.000000 -1.000000
vn -0.000000 0.000000 -1.000000
vn -0.000000 0.000000 -1.000000
vn -0.000000 0.000000 -1.000000
vn 0.000000 0.000000 -1.000000
vn 0.000000 0.000000 -1.000000
vn 0.000000 0.000000 -1.000000
vn 0.000000 0.000000 -1.000000
vn 0.000000 0.000000 -1.000000
vn 0.000000 0.000000 -1.000000
vn -0.000000 0.000000 -1.000000
vn -0.000000 0.000000 -1.000000
vn 0.000000 0.000000 -1.000000
vn -0.000000 0.000000 -1.000000
vn -0.000000 0.000000 -1.000000
vn -0.000000 0.000000 -1.000000
vn -0.000000 0.000000 -1.000000
vn -0.000000 0.000000 -1.000000
vn -0.000000 0.000000 -1.000000
vn -0.000000 0.000000 -1.000000
vn -0.000000 0.000000 -1.000000
vn -0.000000 0.000000 -1.000000
vn -0.923880 -0.382683 0.000000
vn -0.923880 -0.382683 0.000000
vn -0.707103 -0.707110 0.000000
vn -0.707103 -0.707110 0.000000
vn -0.382683 -0.923880 0.000000
vn -0.382683 -0.923880 0.000000
vn 0.000000 -1.000000 0.000000
vn 0.000000 -1.000000 0.000000
vn 0.382681 -0.923881 0.000000
vn 0.382681 -0.923881 0.000000
vn 0.707106 -0.707107 0.000000
vn 0.707106 -0.707107 0.000000
vn 0.923880 -0.382683 0.000000
vn 0.923880 -0.382683 0.000000
vn 1.000000 0.000000 0.000000
vn 1.000000 0.000000 0.000000
vn 0.923880 0.382683 0.000000
vn 0.923880 0.382683 0.000000
vn 0.707110 0.707103 0.000000
vn 0.707110 0.707103 0.000000
vn 0.382681 0.923881 0.000000
vn 0.382681 0.923881 0.000000
vn 0.000000 1.000000 0.000000
vn 0.000000 1.000000 0.000000
vn -0.382684 0.923879 0.000000
vn -0.382684 0.923879 0.000000
vn -0.707104 0.707110 0.000000
vn -0.707104 0.707110 0.000000
vn -0.923880 0.382683 0.000000
vn -0.923880 0.382683 0.000000
vn -1.000000 0.000000 0.000000
vn -1.000000 0.000000 0.000000
vn 0.000000 0.000000 -1.000000
vn 0.000000 0.000000 -1.000000
vn 0.000000 0.000000 -1.000000
vn 0.000000 0.000000 -1.000000
vn -0.000001 0.000000 -1.000000
vn -0.000001 0.000000 -1.000000
vn 0.000001 0.000000 -1.000000
vn 0.000001 0.000000 -1.000000
vn 0.000003 0.000000 -1.000000
vn 0.000003 0.000000 -1.000000
vn 0.000001 0.000000 -1.000000
vn 0.000001 0.000000 -1.000000
vn 0.000000 0.000000 -1.000000
vn 0.000000 0.000000 -1.000000
vn 0.000000 0.000000 -1.000000
vn 0.000000 0.000000 -1.000000
vn 0.000000 0.000000 -1.000000
vn 0.000000 0.000000 -1.000000
vn 0.000000 0.000000 -1.000000
vn 0.000000 0.000000 -1.000000
vn 0.000000 0.000000 -1.000000
vn 0.000000 0.000000 -1.000000
vn 0.000000 0.000000 -1.000000
vn 0.000000 0.000000 -1.000000
vn 0.000000 0.000000 -1.000000
vn 0.000000 0.000000 -1.000000
vn 0.000000 0.000000 -1.000000
vn 0.000000 0.000000 -1.000000
vn 0.000000 0.000000 -1.000000
vn 0.000000 0.000000 -1.000000
vn 0.000000 0.000000 -1.000000
vn 0.000000 0.000000 -1.000000
vn 0.466507 0.193235 -0.863152
vn 0.466507 0.193236 -0.863152
vn 0.357052 0.357049 -0.863151
vn 0.357052 0.357049 -0.863151
vn 0.193234 0.466511 -0.863150
vn 0.193235 0.466511 -0.863150
vn -0.000003 0.504947 -0.863150
vn -0.000002 0.504947 -0.863150
vn -0.193232 0.466510 -0.863151
vn -0.193232 0.466510 -0.863151
vn -0.357050 0.357053 -0.863150
vn -0.357050 0.357054 -0.863150
vn -0.466511 0.193237 -0.863150
vn -0.466510 0.193237 -0.863150
vn -0.504943 -0.000003 -0.863153
vn -0.504943 -0.000002 -0.863153
vn -0.466507 -0.193233 -0.863152
vn -0.466507 -0.193233 -0.863152
vn -0.357048 -0.357048 -0.863153
vn -0.357048 -0.357049 -0.863153
vn -0.193232 -0.466510 -0.863151
vn -0.193232 -0.466510 -0.863151
vn 0.000000 -0.504945 -0.863152
vn 0.000000 -0.504945 -0.863152
vn 0.193232 -0.466508 -0.863152
vn 0.193234 -0.466507 -0.863152
vn 0.357046 -0.357050 -0.863153
vn 0.357047 -0.357049 -0.863153
vn 0.466507 -0.193236 -0.863152
vn 0.466507 -0.193235 -0.863152
vn 0.504945 -0.000000 -0.863152
vn 0.504945 -0.000000 -0.863152
vn 0.000000 0.000000 1.000000
vn 0.000000 0.000000 1.000000
vn 0.000000 0.000000 1.000000
vn 0.000000 0.000000 1.000000
vn 0.000000 1.000000 0.000000
vn 0.000000 1.000000 0.000000
vn 0.000000 1.000000 0.000000
vn 0.000000 1.000000 0.000000
vn 0.000000 0.000000 -1.000000
vn 0.000000 0.000000 -1.000000
vn 0.000000 0.000000 -1.000000
vn 0.000000 0.000000 -1.000000
vn 0.000000 -1.000000 0.000000
vn 0.000000 -1.000000 0.000000
vn 0.000000 -1.000000 0.000000
vn 0.000000 -1.000000 0.000000
vn 1.000000 -0.000003 0.000000
vn 1.000000 -0.000001 0.000000
vn 1.000000 -0.000000 0.000000
vn 1.000000 -0.000000 0.000000
vn -1.000000 0.000000 0.000000
vn -1.000000 -0.000000 0.000000
vn -1.000000 0.000000 0.000000
vn -1.000000 0.000000 0.000000
vn 0.000000 0.000000 -1.000000
vn 0.000000 0.000000 -1.000000
vn 0.000000 0.000000 -1.000000
vn 0.000000 0.000000 -1.000000
vn 0.000000 -1.000000 0.000000
vn 0.000000 -1.000000 0.000000
vn 0.000000 -1.000000 0.000000
vn 0.000000 -1.000000 0.000000
vn 0.000000 0.000000 1.000000
vn 0.000000 0.000000 1.000000
vn 0.000000 0.000000 1.000000
vn 0.000000 0.000000 1.000000
vn 0.110179 0.993912 0.000000
vn 0.110179 0.993912 0.000000
vn 0.110179 0.993912 0.000000
vn 0.110179 0.993912 0.000000
vn 0.000000 0.000000 -1.000000
vn 0.000000 0.000000 -1.000000
vn 0.000000 -1.000000 0.000000
vn 0.000000 -1.000000 0.000000
vn 0.000000 0.000000 1.000000
vn 0.000000 0.000000 1.000000
vn 0.000000 1.000000 0.000000
vn 0.000000 1.000000 0.000000
vn 0.000000 1.000000 0.000000
vn 0.000000 1.000000 0.000000
vn 0.000000 1.000000 0.000000
vn 0.000000 1.000000 0.000000
vn 0.000000 0.194072 0.980987
vn 0.000000 0.194072 0.980987
vn 0.000000 0.194072 0.980987
vn 0.000000 0.194072 0.980987
vn 0.673165 0.739492 0.000000
vn 0.673165 0.739492 0.000000
vn 0.673165 0.739492 0.000000
vn 0.673165 0.739492 0.000000
vn 0.000000 0.194072 -0.980987
vn 0.000000 0.194072 -0.980987
vn 0.000000 0.194072 -0.980987
vn 0.000000 0.194072 -0.980987
vn -0.760850 0.648928 0.000000
vn -0.760850 0.648928 -0.000000
vn -0.760850 0.648928 -0.000000
vn -0.760850 0.648928 0.000000
vn 0.000000 0.194072 0.980987
vn 0.000000 0.194072 0.980987
vn 0.000000 0.194072 0.980987
vn 0.000000 0.194072 0.980987
vn 0.000000 0.194072 -0.980987
vn 0.000000 0.194072 -0.980987
vn 0.000000 0.194072 -0.980987
vn 0.000000 0.194072 -0.980987
vn -0.000000 0.062907 0.998019
vn 0.000000 0.025410 0.999677
vn 0.000000 0.189747 0.981833
vn -0.000001 0.189746 0.981833
vn 0.000000 0.189748 0.981833
vn 0.000000 0.189748 0.981833
vn -0.000000 0.189748 0.981833
vn -0.000001 0.189748 0.981833
vn 0.000000 0.025410 -0.999677
vn 0.000000 0.062907 -0.998019
vn -0.000000 0.189746 -0.981833
vn 0.000000 0.189747 -0.981833
vn 0.000000 0.189748 -0.981833
vn -0.000000 0.189748 -0.981833
vn 0.000001 0.189748 -0.981833
vn 0.000001 0.189748 -0.981833
vn -0.000000 0.030176 0.999545
vn 0.000000 0.189746 0.981833
vn -0.000001 0.189747 0.981833
vn 0.000000 0.189748 0.981833
vn -0.000001 0.189749 0.981833
vn -0.000001 0.189749 0.981833
vn -0.000000 0.030176 -0.999545
vn -0.000000 0.189747 -0.981833
vn 0.000001 0.189746 -0.981833
vn -0.000000 0.189749 -0.981833
vn -0.000000 0.189749 -0.981833
vn 0.000001 0.189748 -0.981833
vn 0.000000 0.999982 0.006015
vn 0.000000 0.999982 0.006015
vn 0.000000 0.999982 0.006015
vn 0.000000 0.999982 0.006015
vn -0.673957 -0.735555 0.068863
vn -0.673957 -0.735555 0.068863
vn -0.673957 -0.735555 0.068863
vn -0.673957 -0.735555 0.068863
vn 0.000000 -0.981833 0.189750
vn 0.000000 -0.981833 0.189750
vn 0.000000 -0.981833 0.189750
vn 0.000000 -0.981833 0.189750
vn 0.992687 0.120191 -0.011252
vn 0.992687 0.120191 -0.011252
vn 0.992687 0.120191 -0.011252
vn 0.992687 0.120191 -0.011252
vn 0.000000 0.999982 -0.006015
vn 0.000000 0.999982 -0.006015
vn 0.000000 0.999982 -0.006015
vn 0.000000 0.999982 -0.006015
vn 0.992687 0.120191 0.011252
vn 0.992687 0.120191 0.011252
vn 0.992687 0.120191 0.011252
vn 0.992687 0.120191 0.011252
vn 0.000000 -0.981833 -0.189750
vn 0.000000 -0.981833 -0.189750
vn 0.000000 -0.981833 -0.189750
vn 0.000000 -0.981833 -0.189750
vn -0.673956 -0.735555 -0.068861
vn -0.673956 -0.735555 -0.068861
vn -0.673956 -0.735555 -0.068861
vn -0.673956 -0.735555 -0.068861
vn 0.000000 0.999982 0.006016
vn 0.000000 0.999982 0.006016
vn 0.000000 0.999982 0.006016
vn 0.000000 0.999982 0.006016
vn -0.992687 -0.120191 0.011252
vn -0.992687 -0.120191 0.011252
vn -0.992687 -0.120191 0.011252
vn -0.992687 -0.120191 0.011252
vn 0.000000 -0.981832 0.189750
vn 0.000000 -0.981832 0.189750
vn 0.000000 -0.981832 0.189750
vn 0.000000 -0.981832 0.189750
vn 0.756713 -0.650901 0.060938
vn 0.756713 -0.650901 0.060938
vn 0.756713 -0.650901 0.060938
vn 0.756713 -0.650901 0.060938
vn 0.000000 0.999982 -0.006016
vn 0.000000 0.999982 -0.006016
vn 0.000000 0.999982 -0.006016
vn 0.000000 0.999982 -0.006016
vn 0.756713 -0.650901 -0.060938
vn 0.756713 -0.650901 -0.060938
vn 0.756713 -0.650901 -0.060938
vn 0.756713 -0.650901 -0.060938
vn 0.000000 -0.981832 -0.189750
vn 0.000000 -0.981832 -0.189750
vn 0.000000 -0.981832 -0.189750
vn 0.000000 -0.981832 -0.189750
vn -0.992687 -0.120191 -0.011252
vn -0.992687 -0.120191 -0.011252
vn -0.992687 -0.120191 -0.011252
vn -0.992687 -0.120191 -0.011252
vn 0.673165 0.739492 0.000000
vn 0.673165 0.739492 0.000000
vn 0.673165 0.739492 0.000000
vn 0.673165 0.739492 0.000000
vn 0.673165 0.739492 0.000000
vn 0.673165 0.739492 0.000000
vn 0.673165 0.739492 0.000000
vn 0.673165 0.739492 0.000000
vn -0.760850 0.648928 0.000000
vn -0.760850 0.648928 -0.000000
vn -0.760850 0.648928 -0.000000
vn -0.760850 0.648928 0.000000
vn -0.760850 0.648928 0.000000
vn -0.760850 0.648928 0.000000
vn -0.760850 0.648928 0.000000
vn -0.760850 0.648928 0.000000
vn 1.000000 0.000000 0.000000
vn 1.000000 -0.000000 0.000000
vn 1.000000 -0.000001 0.000000
vn 1.000000 0.000000 0.000000
vn 1.000000 0.000000 0.000000
vn 1.000000 0.000000 0.000000
vn 1.000000 0.000000 0.000000
vn 1.000000 -0.000000 0.000000
vn 1.000000 0.000004 0.000000
vn 1.000000 0.000002 0.000000
vn 1.000000 0.000002 0.000000
vn 1.000000 0.000004 0.000000
vn 1.000000 0.000000 0.000000
vn 1.000000 0.000000 0.000000
vn 1.000000 0.000000 0.000000
vn 1.000000 -0.000004 0.000000
vn 1.000000 0.000002 0.000000
vn 1.000000 -0.000001 0.000000
vn -1.000000 -0.000000 0.000000
vn -1.000000 -0.000000 0.000000
vn -1.000000 -0.000000 0.000000
vn -1.000000 -0.000000 0.000000
vn -1.000000 0.000000 0.000000
vn -1.000000 0.000000 0.000000
vn -1.000000 -0.000002 0.000000
vn -1.000000 -0.000001 0.000000
vn -1.000000 -0.000001 0.000000
vn -1.000000 -0.000002 0.000000
vn -1.000000 0.000000 0.000000
vn -1.000000 0.000000 0.000000
vn -1.000000 0.000000 0.000000
vn -1.000000 0.000000 0.000000
vn -1.000000 -0.000002 0.000000
vn -1.000000 0.000000 0.000000
vn -1.000000 0.000000 0.000000
vn -1.000000 -0.000001 0.000000
vn -1.000000 -0.000002 0.000000
vn -1.000000 0.000000 0.000000
vn -1.000000 0.000000 0.000000
vn -1.000000 -0.000000 0.000000
vn -1.000000 -0.000001 0.000000
vn -1.000000 -0.000002 0.000000
vn -1.000000 0.000000 0.000000
vn -1.000000 -0.000001 0.000000
vn -1.000000 0.000000 0.000000
vn -1.000000 -0.000000 0.000000
vn -1.000000 0.000000 0.000000
vn -1.000000 -0.000000 0.000000
vn 0.000000 -1.000000 0.000000
vn 0.000000 -1.000000 0.000000
vn 0.000000 -1.000000 0.000000
vn 0.000000 -1.000000 0.000000
vn 0.000000 -1.000000 0.000000
vn 0.000000 -1.000000 0.000000
vn 0.000000 -1.000000 0.000000
vn 0.000000 -1.000000 0.000000
vn 0.000000 -1.000000 0.000000
vn 0.000000 -1.000000 0.000000
vn 1.000000 -0.000001 0.000000
vn 1.000000 -0.000000 0.000000
vn 1.000000 -0.000001 0.000000
vn 1.000000 0.000000 0.000000
vn 1.000000 -0.000000 0.000000
vn 1.000000 0.000004 0.000000
vn 1.000000 -0.000000 0.000000
vn 1.000000 0.000003 0.000000
vn 1.000000 -0.000002 0.000000
vn 1.000000 0.000003 0.000000
vn 0.110179 0.993912 0.000000
vn 0.110179 0.993912 0.000000
vn 0.110179 0.993912 0.000000
vn 0.110179 0.993912 0.000000
vn 0.673165 0.739492 0.000000
vn 0.673165 0.739492 0.000000
vn 0.673165 0.739492 0.000000
vn 0.673165 0.739492 0.000000
vn 0.000000 1.000000 0.000000
vn 0.000000 1.000000 0.000000
vn 0.000000 1.000000 0.000000
vn 0.000000 1.000000 0.000000
vn 0.000000 1.000000 0.000000
vn 0.000000 1.000000 0.000000
vn -0.760850 0.648928 0.000000
vn -0.760850 0.648928 0.000000
vn -0.760850 0.648928 0.000000
vn -0.760850 0.648928 0.000000
vn 0.000000 1.000000 0.000000
vn 0.000000 1.000000 0.000000
vn 0.000000 1.000000 0.000000
vn 0.000000 1.000000 0.000000
vn -1.000000 0.000000 0.000000
vn -1.000000 0.000000 0.000000
vn -1.000000 0.000000 0.000000
vn -1.000000 0.000000 0.000000
vn -1.000000 0.000001 0.000000
vn -1.000000 0.000002 0.000000
vn -1.000000 0.000001 0.000000
vn -1.000000 0.000003 0.000000
vn -1.000000 0.000000 0.000000
vn -1.000000 0.000000 0.000000
vn -1.000000 0.000000 0.000000
vn -1.000000 0.000000 0.000000
vn 1.000000 0.000004 0.000000
vn 1.000000 0.000004 0.000000
vn 1.000000 0.000004 0.000000
vn 1.000000 0.000004 0.000000
vn 0.000000 1.000000 0.000000
vn 0.000000 1.000000 0.000000
vn 0.000000 1.000000 0.000000
vn 0.000000 1.000000 0.000000
vn 0.000000 0.000000 -1.000000
vn 0.000000 0.000000 -1.000000
vn 0.000000 0.000000 -1.000000
vn 0.000000 0.000000 -1.000000
vn 0.000000 -1.000000 0.000000
vn 0.000000 -1.000000 0.000000
vn 0.000000 -1.000000 0.000000
vn 0.000000 -1.000000 0.000000
vn 0.000000 0.000000 1.000000
vn 0.000000 0.000000 1.000000
vn 0.000000 0.000000 1.000000
vn 0.000000 0.000000 1.000000
vn 1.000000 0.000000 0.000000
vn 1.000000 0.000000 0.000000
vn 1.000000 0.000000 0.000000
vn 1.000000 0.000000 0.000000
vn 0.000000 0.000000 1.000000
vn 0.000000 0.000000 1.000000
vn 0.000000 0.000000 1.000000
vn 0.000000 0.000000 1.000000
vn 0.000000 0.000000 1.000000
vn 0.000000 0.000000 1.000000
vn 0.000000 0.000000 1.000000
vn -1.000000 0.000000 0.000000
vn -1.000000 -0.000000 0.000000
vn -1.000000 0.000000 0.000000
vn -1.000000 0.000000 0.000000
vn -1.000000 0.000000 0.000000
vn 0.000000 0.000000 -1.000000
vn 0.000000 0.000000 -1.000000
vn 0.000000 0.000000 -1.000000
vn 0.000000 0.000000 -1.000000
vn -1.000000 0.000000 0.000000
vn -1.000000 0.000000 0.000000
vn -1.000000 0.000000 0.000000
vn -1.000000 0.000000 0.000000
vn 0.000000 0.000000 1.000000
vn 0.000000 0.000000 1.000000
vn 0.000000 0.000000 1.000000
vn 0.000000 0.000000 1.000000
vn -1.000000 0.000000 0.000000
vn -1.000000 0.000000 0.000000
vn -1.000000 0.000000 0.000000
vn -1.000000 0.000000 0.000000
vn -1.000000 0.000000 0.000000
vn 0.000000 0.000000 -1.000000
vn 0.000000 0.000000 -1.000000
vn 0.000000 0.000000 -1.000000
vn 0.000000 0.000000 -1.000000
vn -0.000000 0.000000 -1.000000
vn -0.000000 0.000000 -1.000000
vn -0.000000 0.000000 -1.000000
vn 1.000000 0.000000 0.000000
vn 1.000000 -0.000000 0.000000
vn 1.000000 0.000000 0.000000
vn 1.000000 0.000000 0.000000
vn 1.000000 0.000000 0.000000
vn 1.000000 0.000000 0.000000
vn 1.000000 0.000000 0.000000
vn 1.000000 0.000000 0.000000
vn 1.000000 0.000000 0.000000
vn 1.000000 0.000000 0.000000
vn 1.000000 0.000000 0.000000
vn 1.000000 0.000000 0.000000
vn 0.000000 0.000000 1.000000
vn 0.000000 0.000000 1.000000
vn 0.000000 0.000000 1.000000
vn 0.000000 0.000000 1.000000
vn 0.000000 0.000000 1.000000
vn -1.000000 -0.000000 0.000000
vn -1.000000 -0.000000 0.000000
vn -1.000000 0.000000 0.000000
vn -1.000000 0.000000 0.000000
vn -1.000000 0.000000 0.000000
vn 0.000000 0.000000 -1.000000
vn 0.000000 0.000000 -1.000000
vn -1.000000 0.000000 0.000000
vn -1.000000 0.000000 0.000000
vn 0.000000 0.000000 1.000000
vn 0.000000 0.000000 1.000000
vn -1.000000 0.000000 0.000000
vn -1.000000 0.000000 0.000000
vn -1.000000 0.000000 0.000000
vn -1.000000 0.000000 0.000000
vn -1.000000 0.000000 0.000000
vn 0.000000 0.000000 -1.000000
vn 0.000000 0.000000 -1.000000
vn 0.000000 0.000000 -1.000000
vn 0.000000 0.000000 -1.000000
vn 0.000000 0.000000 -1.000000
vn 1.000000 0.000000 0.000000
vn 1.000000 0.000000 0.000000
vn 1.000000 0.000000 0.000000
vn 1.000000 0.000000 0.000000
vn 1.000000 0.000000 0.000000
vn 1.000000 0.000000 0.000000
vn 1.000000 0.000000 0.000000
vn 1.000000 0.000000 0.000000
vn 0.000000 0.000000 1.000000
vn 0.000000 0.000000 1.000000
vn 0.000000 0.000000 1.000000
vn 0.000000 0.000000 1.000000
vn 0.000000 0.000000 1.000000
vn -1.000000 0.000000 0.000000
vn -1.000000 0.000000 0.000000
vn -1.000000 0.000000 0.000000
vn -1.000000 0.000000 0.000000
vn -1.000000 0.000000 0.000000
vn 0.000000 0.000000 -1.000000
vn 0.000000 0.000000 -1.000000
vn -1.000000 0.000000 0.000000
vn -1.000000 0.000000 0.000000
vn 0.000000 0.000000 1.000000
vn 0.000000 0.000000 1.000000
vn -1.000000 0.000000 0.000000
vn -1.000000 0.000000 0.000000
vn -1.000000 0.000000 0.000000
vn -1.000000 0.000000 0.000000
vn -1.000000 0.000000 0.000000
vn 0.000000 0.000000 -1.000000
vn 0.000000 0.000000 -1.000000
vn 0.000000 0.000000 -1.000000
vn 0.000000 0.000000 -1.000000
vn 0.000000 0.000000 -1.000000
vn 1.000000 0.000000 0.000000
vn 1.000000 0.000000 0.000000
vn 1.000000 0.000000 0.000000
vn 1.000000 0.000000 0.000000
vn 1.000000 0.000000 0.000000
vn 1.000000 0.000000 0.000000
vn 1.000000 0.000000 0.000000
vn 1.000000 0.000000 0.000000
vn 1.000000 0.000000 0.000000
vn 1.000000 0.000000 0.000000
vn 1.000000 0.000000 0.000000
vn 1.000000 0.000000 0.000000
vn 0.000000 0.000000 1.000000
vn 0.000000 0.000000 1.000000
vn 0.000000 0.000000 1.000000
vn 0.000000 0.000000 1.000000
vn 0.000000 0.000000 1.000000
vn -1.000000 0.000000 0.000000
vn -1.000000 0.000000 0.000000
vn -1.000000 0.000000 0.000000
vn -1.000000 0.000000 0.000000
vn -1.000000 0.000000 0.000000
vn 0.000000 0.000000 -1.000000
vn 0.000000 0.000000 -1.000000
vn -1.000000 0.000000 0.000000
vn -1.000000 0.000000 0.000000
vn 0.000000 0.000000 1.000000
vn 0.000000 0.000000 1.000000
vn -1.000000 0.000000 0.000000
vn -1.000000 0.000000 0.000000
vn -1.000000 0.000000 0.000000
vn -1.000000 0.000000 0.000000
vn -1.000000 0.000000 0.000000
vn 0.000000 0.000000 -1.000000
vn 0.000000 0.000000 -1.000000
vn 0.000000 0.000000 -1.000000
vn 0.000000 0.000000 -1.000000
vn 0.000000 0.000000 -1.000000
vn 1.000000 0.000000 0.000000
vn 1.000000 0.000000 0.000000
vn 1.000000 0.000000 0.000000
vn 1.000000 0.000000 0.000000
vn 1.000000 0.000000 0.000000
vn 1.000000 0.000002 0.000000
vn 1.000000 0.000000 0.000000
vn 1.000000 0.000000 0.000000
vn 0.000000 0.000000 1.000000
vn 0.000000 0.000000 1.000000
vn 0.000000 0.000000 1.000000
vn 0.000000 0.000000 1.000000
vn 0.000000 0.000000 1.000000
vn -1.000000 0.000000 0.000000
vn -1.000000 0.000000 0.000000
vn -1.000000 0.000000 0.000000
vn -1.000000 0.000000 0.000000
vn -1.000000 0.000000 0.000000
vn 0.000000 0.000000 -1.000000
vn 0.000000 0.000000 -1.000000
vn -1.000000 0.000000 0.000000
vn -1.000000 0.000000 0.000000
vn 0.000000 0.000000 1.000000
vn 0.000000 0.000000 1.000000
vn -1.000000 0.000000 0.000000
vn -1.000000 0.000000 0.000000
vn -1.000000 0.000000 0.000000
vn -1.000000 0.000000 0.000000
vn -1.000000 0.000000 0.000000
vn 0.000000 0.000000 -1.000000
vn 0.000000 0.000000 -1.000000
vn 0.000000 0.000000 -1.000000
vn 0.000000 0.000000 -1.000000
vn 0.000000 0.000000 -1.000000
vn 1.000000 0.000000 0.000000
vn 1.000000 0.000000 0.000000
vn 1.000000 0.000000 0.000000
vn 1.000000 0.000002 0.000000
vn 1.000000 -0.000004 0.000000
vn 1.000000 -0.000004 0.000000
vn 1.000000 -0.000004 0.000000
vn 1.000000 -0.000004 0.000000
vn 1.000000 0.000000 0.000000
vn 1.000000 0.000002 0.000000
vn 1.000000 0.000000 0.000000
vn 1.000000 0.000000 0.000000
vn 0.000000 0.000000 1.000000
vn 0.000000 0.000000 1.000000
vn 0.000000 0.000000 1.000000
vn 0.000000 0.000000 1.000000
vn 0.000000 0.000000 1.000000
vn -1.000000 -0.000000 0.000000
vn -1.000000 0.000000 0.000000
vn -1.000000 -0.000000 0.000000
vn -1.000000 0.000000 0.000000
vn -1.000000 0.000000 0.000000
vn 0.000000 0.000000 -1.000000
vn 0.000000 0.000000 -1.000000
vn -1.000000 0.000000 0.000000
vn -1.000000 0.000000 0.000000
vn 0.000000 0.000000 1.000000
vn 0.000000 0.000000 1.000000
vn -1.000000 0.000000 0.000000
vn -1.000000 0.000000 0.000000
vn -1.000000 0.000000 0.000000
vn -1.000000 0.000000 0.000000
vn -1.000000 0.000000 0.000000
vn 0.000000 0.000000 -1.000000
vn 0.000000 0.000000 -1.000000
vn 0.000000 0.000000 -1.000000
vn 0.000000 0.000000 -1.000000
vn -0.000000 0.000000 -1.000000
vn 1.000000 0.000000 0.000000
vn 1.000000 -0.000000 0.000000
vn 1.000000 0.000000 0.000000
vn 1.000000 0.000002 0.000000
vn 1.000000 0.000000 0.000000
vn 1.000000 0.000000 0.000000
vn 1.000000 0.000000 0.000000
vn 1.000000 0.000000 0.000000
vn 0.000000 0.000000 1.000000
vn 0.000000 0.000000 1.000000
vn 0.000000 0.000000 1.000000
vn 0.000000 0.000000 1.000000
vn 0.000000 0.000000 1.000000
vn -1.000000 0.000000 0.000000
vn -1.000000 0.000000 0.000000
vn -1.000000 -0.000000 0.000000
vn -1.000000 0.000000 0.000000
vn -1.000000 0.000000 0.000000
vn 0.000000 0.000000 -1.000000
vn 0.000000 0.000000 -1.000000
vn -1.000000 0.000000 0.000000
vn -1.000000 0.000000 0.000000
vn 0.000000 0.000000 1.000000
vn 0.000000 0.000000 1.000000
vn -1.000000 0.000000 0.000000
vn -1.000000 0.000000 0.000000
vn -1.000000 0.000000 0.000000
vn -1.000000 0.000000 0.000000
vn -1.000000 0.000000 0.000000
vn 0.000000 0.000000 -1.000000
vn 0.000000 0.000000 -1.000000
vn 0.000000 0.000000 -1.000000
vn 0.000000 0.000000 -1.000000
vn 0.000000 0.000000 -1.000000
vn 1.000000 -0.000000 0.000000
vn 1.000000 -0.000000 0.000000
vn 1.000000 0.000000 0.000000
vn 1.000000 0.000000 0.000000
vn 1.000000 -0.000004 0.000000
vn 1.000000 -0.000004 0.000000
vn 1.000000 -0.000004 0.000000
vn 1.000000 -0.000004 0.000000
vn -0.000004 -1.000000 0.000000
vn -0.000004 -1.000000 0.000000
vn -0.000004 -1.000000 0.000000
vn -0.000004 -1.000000 0.000000
vn -0.000000 0.000000 -1.000000
vn -0.000000 0.000000 -1.000000
vn -0.000000 0.000000 -1.000000
vn -0.000000 0.000000 -1.000000
vn 0.000004 1.000000 0.000000
vn 0.000004 1.000000 0.000000
vn 0.000004 1.000000 0.000000
vn 0.000004 1.000000 0.000000
vn 0.000000 0.000001 1.000000
vn 0.000000 0.000001 1.000000
vn 0.000000 0.000001 1.000000
vn 0.000000 0.000001 1.000000
vn 0.000000 0.000000 -1.000000
vn 0.000000 0.000000 -1.000000
vn 0.000000 0.000000 -1.000000
vn 0.000000 0.000000 -1.000000
vn 0.000000 1.000000 0.000000
vn 0.000000 1.000000 0.000000
vn 0.000000 1.000000 0.000000
vn 0.000000 1.000000 0.000000
vn 0.000000 0.000000 1.000000
vn 0.000000 0.000000 1.000000
vn 0.000000 0.000000 1.000000
vn 0.000000 0.000000 1.000000
vn 0.000000 -1.000000 0.000000
vn 0.000000 -1.000000 0.000000
vn 0.000000 -1.000000 0.000000
vn 0.000000 -1.000000 0.000000
vn 0.000000 -1.000000 0.000000
vn 0.000000 -1.000000 0.000000
vn 0.000000 -1.000000 0.000000
vn 0.000000 -1.000000 0.000000
vn 0.000000 0.000000 -1.000000
vn 0.000000 0.000000 -1.000000
vn 0.000000 0.000000 -1.000000
vn 0.000000 0.000000 -1.000000
vn 0.000000 1.000000 0.000000
vn 0.000000 1.000000 0.000000
vn 0.000000 1.000000 0.000000
vn 0.000000 1.000000 0.000000
vn 0.000000 0.000000 1.000000
vn 0.000000 0.000000 1.000000
vn 0.000000 0.000000 1.000000
vn 0.000000 0.000000 1.000000
vn 0.000004 -1.000000 0.000000
vn 0.000004 -1.000000 0.000000
vn 0.000004 -1.000000 0.000000
vn 0.000004 -1.000000 0.000000
vn 0.000000 0.000000 -1.000000
vn 0.000000 0.000000 -1.000000
vn 0.000000 0.000000 -1.000000
vn 0.000000 0.000000 -1.000000
vn -0.000004 1.000000 0.000000
vn -0.000004 1.000000 0.000000
vn -0.000004 1.000000 0.000000
vn -0.000004 1.000000 0.000000
vn -0.000000 -0.000001 1.000000
vn -0.000000 -0.000001 1.000000
vn -0.000000 -0.000001 1.000000
vn -0.000000 -0.000001 1.000000
vn 0.000004 -1.000000 0.000000
vn 0.000004 -1.000000 0.000000
vn 0.000004 -1.000000 0.000000
vn 0.000004 -1.000000 0.000000
vn 0.000000 0.000000 -1.000000
vn 0.000000 0.000000 -1.000000
vn 0.000000 0.000000 -1.000000
vn 0.000000 0.000000 -1.000000
vn -0.000004 1.000000 0.000000
vn -0.000004 1.000000 0.000000
vn -0.000004 1.000000 0.000000
vn -0.000004 1.000000 0.000000
vn -0.000000 -0.000001 1.000000
vn -0.000000 -0.000001 1.000000
vn -0.000000 -0.000001 1.000000
vn -0.000000 -0.000001 1.000000
s off
g polySurface60
f 1/993/1 2/994/2 4/995/3 3/996/4
f 3/629/5 4/630/6 6/631/7 5/632/8
f 5/997/9 6/998/10 8/999/11 7/1000/12
f 7/633/13 8/634/14 2/635/15 1/636/16
f 2/1/17 8/2/18 6/3/19 4/4/20
f 7/5/21 1/6/22 3/7/23 5/8/24
s 1
f 9/27/25 10/31/26 26/32/27 25/28/28
f 10/31/26 11/35/29 27/36/30 26/32/27
f 11/637/29 12/638/31 28/639/32 27/640/30
f 12/638/31 13/641/33 29/642/34 28/639/32
f 13/19/33 14/15/35 30/16/36 29/20/34
f 14/15/35 15/9/37 31/12/38 30/16/36
f 15/9/37 16/10/39 32/11/40 31/12/38
f 16/10/39 17/13/41 33/14/42 32/11/40
f 17/13/41 18/17/43 34/18/44 33/14/42
f 18/17/43 19/21/45 35/22/46 34/18/44
f 19/643/45 20/644/47 36/645/48 35/646/46
f 20/644/47 21/647/49 37/648/50 36/645/48
f 21/33/49 22/29/51 38/30/52 37/34/50
f 22/29/51 23/23/53 39/26/54 38/30/52
f 23/23/53 24/24/55 40/25/56 39/26/54
f 24/24/55 9/27/25 25/28/28 40/25/56
s 2
f 10/1001/57 9/1002/58 41/1003/59
f 11/1005/60 10/1001/57 41/1003/59
f 12/1007/61 11/1005/60 41/1003/59
f 13/1009/62 12/1007/61 41/1003/59
f 14/1011/63 13/1009/62 41/1003/59
f 15/1013/64 14/1011/63 41/1003/59
f 16/1015/65 15/1013/64 41/1003/59
f 17/1017/66 16/1015/65 41/1003/59
f 18/1016/67 17/1017/66 41/1003/59
f 19/1014/68 18/1016/67 41/1003/59
f 20/1012/69 19/1014/68 41/1003/59
f 21/1010/70 20/1012/69 41/1003/59
f 22/1008/71 21/1010/70 41/1003/59
f 23/1006/72 22/1008/71 41/1003/59
f 24/1004/73 23/1006/72 41/1003/59
f 9/1002/58 24/1004/73 41/1003/59
s 3
f 90/1018/74 91/1019/75 92/1020/76
f 91/1019/75 93/1023/77 92/1020/76
f 93/1023/77 94/1029/78 92/1020/76
f 94/1029/78 95/1035/79 92/1020/76
f 95/1035/79 96/1041/80 92/1020/76
f 96/1041/80 97/1047/81 92/1020/76
f 97/1047/81 98/1053/82 92/1020/76
f 98/1053/82 99/1059/83 92/1020/76
f 99/1059/83 100/1060/84 92/1020/76
f 100/1060/84 101/1054/85 92/1020/76
f 101/1054/85 102/1048/86 92/1020/76
f 102/1048/86 103/1042/87 92/1020/76
f 103/1042/87 104/1036/88 92/1020/76
f 104/1036/88 105/1030/89 92/1020/76
f 105/1030/89 106/1024/90 92/1020/76
f 106/1024/90 90/1018/74 92/1020/76
s 4
f 25/1067/91 26/1068/92 43/1069/93 42/1070/94
f 26/1068/92 27/1071/95 44/1072/96 43/1069/93
f 27/1071/95 28/1075/97 45/1076/98 44/1072/96
f 28/1075/97 29/1079/99 46/1080/100 45/1076/98
f 29/1079/99 30/1083/101 47/1084/102 46/1080/100
f 30/1083/101 31/1087/103 48/1088/104 47/1084/102
f 31/1087/103 32/1091/105 49/1092/106 48/1088/104
f 32/1091/105 33/1095/107 50/1096/108 49/1092/106
f 33/1095/107 34/1097/109 51/1098/110 50/1096/108
f 34/1097/109 35/1093/111 52/1094/112 51/1098/110
f 35/1093/111 36/1089/113 53/1090/114 52/1094/112
f 36/1089/113 37/1085/115 54/1086/116 53/1090/114
f 37/1085/115 38/1081/117 55/1082/118 54/1086/116
f 38/1081/117 39/1077/119 56/1078/120 55/1082/118
f 39/1077/119 40/1073/121 57/1074/122 56/1078/120
f 40/1073/121 25/1067/91 42/1070/94 57/1074/122
s 5
f 42/55/123 43/59/124 59/60/125 58/56/126
f 43/59/124 44/63/127 60/64/128 59/60/125
f 44/649/127 45/650/129 61/651/130 60/652/128
f 45/650/129 46/653/131 62/654/132 61/651/130
f 46/47/131 47/43/133 63/44/134 62/48/132
f 47/43/133 48/37/135 64/40/136 63/44/134
f 48/37/135 49/38/137 65/39/138 64/40/136
f 49/38/137 50/41/139 66/42/140 65/39/138
f 50/41/139 51/45/141 67/46/142 66/42/140
f 51/45/141 52/49/143 68/50/144 67/46/142
f 52/655/143 53/656/145 69/657/146 68/658/144
f 53/656/145 54/659/147 70/660/148 69/657/146
f 54/61/147 55/57/149 71/58/150 70/62/148
f 55/57/149 56/51/151 72/54/152 71/58/150
f 56/51/151 57/52/153 73/53/154 72/54/152
f 57/52/153 42/55/123 58/56/126 73/53/154
s 6
f 58/1025/155 59/1026/156 75/1022/157 74/1021/158
f 59/1026/156 60/1031/159 76/1027/160 75/1022/157
f 60/1031/159 61/1037/161 77/1033/162 76/1027/160
f 61/1037/161 62/1043/163 78/1039/164 77/1033/162
f 62/1043/163 63/1049/165 79/1045/166 78/1039/164
f 63/1049/165 64/1055/167 80/1051/168 79/1045/166
f 64/1055/167 65/1061/169 81/1057/170 80/1051/168
f 65/1061/169 66/1065/171 82/1063/172 81/1057/170
f 66/1065/171 67/1066/173 83/1064/174 82/1063/172
f 67/1066/173 68/1062/175 84/1058/176 83/1064/174
f 68/1062/175 69/1056/177 85/1052/178 84/1058/176
f 69/1056/177 70/1050/179 86/1046/180 85/1052/178
f 70/1050/179 71/1044/181 87/1040/182 86/1046/180
f 71/1044/181 72/1038/183 88/1034/184 87/1040/182
f 72/1038/183 73/1032/185 89/1028/186 88/1034/184
f 73/1032/185 58/1025/155 74/1021/158 89/1028/186
s 7
f 74/1021/187 75/1022/188 91/1019/189 90/1018/190
f 75/1022/188 76/1027/191 93/1023/192 91/1019/189
f 76/1027/191 77/1033/193 94/1029/194 93/1023/192
f 77/1033/193 78/1039/195 95/1035/196 94/1029/194
f 78/1039/195 79/1045/197 96/1041/198 95/1035/196
f 79/1045/197 80/1051/199 97/1047/200 96/1041/198
f 80/1051/199 81/1057/201 98/1053/202 97/1047/200
f 81/1057/201 82/1063/203 99/1059/204 98/1053/202
f 82/1063/203 83/1064/205 100/1060/206 99/1059/204
f 83/1064/205 84/1058/207 101/1054/208 100/1060/206
f 84/1058/207 85/1052/209 102/1048/210 101/1054/208
f 85/1052/209 86/1046/211 103/1042/212 102/1048/210
f 86/1046/211 87/1040/213 104/1036/214 103/1042/212
f 87/1040/213 88/1034/215 105/1030/216 104/1036/214
f 88/1034/215 89/1028/217 106/1024/218 105/1030/216
f 89/1028/217 74/1021/187 90/1018/190 106/1024/218
s 8
f 107/1099/219 108/1100/220 110/1101/221 109/1102/222
s off
f 109/73/223 110/72/224 112/71/225 111/74/226
s 9
f 111/1105/227 112/1106/228 114/1107/229 113/1108/230
s 10
f 113/661/231 114/662/232 108/663/233 107/664/234
s 11
f 128/65/235 127/66/236 129/67/237 130/68/238
s off
f 123/75/239 124/76/240 125/77/241 126/78/242
s 10
f 113/661/231 107/664/234 116/665/243 115/666/244
s 8
f 107/1099/219 109/1102/222 117/1103/245 116/1104/246
s off
f 109/667/247 111/668/248 118/669/249 117/670/250
s 9
f 111/1105/227 113/1108/230 115/1109/251 118/1110/252
s 12
f 115/79/253 116/80/254 120/81/255 119/82/256
f 116/80/254 117/83/257 121/84/258 120/81/255
f 117/83/257 118/85/259 122/86/260 121/84/258
f 118/85/259 115/79/253 119/82/256 122/86/260
s off
f 119/671/261 120/672/262 124/673/263 123/674/264
f 120/1111/265 121/1112/266 125/1113/267 124/1114/268
f 121/675/269 122/676/270 126/677/271 125/678/272
f 122/1115/273 119/1116/274 123/1117/275 126/1118/276
s 11
f 108/69/277 114/70/278 127/66/236 128/65/235
f 114/70/278 112/71/279 129/67/237 127/66/236
f 112/71/279 110/72/280 130/68/238 129/67/237
f 110/72/280 108/69/277 128/65/235 130/68/238
s 13
f 131/105/281 132/109/282 148/110/283 147/106/284
f 132/109/282 133/113/285 149/114/286 148/110/283
f 133/679/285 134/680/287 150/681/288 149/682/286
f 134/680/287 135/683/289 151/684/290 150/681/288
f 135/97/289 136/93/291 152/94/292 151/98/290
f 136/93/291 137/87/293 153/90/294 152/94/292
f 137/87/293 138/88/295 154/89/296 153/90/294
f 138/88/295 139/91/297 155/92/298 154/89/296
f 139/91/297 140/95/299 156/96/300 155/92/298
f 140/95/299 141/99/301 157/100/302 156/96/300
f 141/685/301 142/686/303 158/687/304 157/688/302
f 142/686/303 143/689/305 159/690/306 158/687/304
f 143/111/305 144/107/307 160/108/308 159/112/306
f 144/107/307 145/101/309 161/104/310 160/108/308
f 145/101/309 146/102/311 162/103/312 161/104/310
f 146/102/311 131/105/281 147/106/284 162/103/312
s 14
f 132/1119/313 131/1120/314 163/1121/315
f 133/1123/316 132/1119/313 163/1121/315
f 134/1125/317 133/1123/316 163/1121/315
f 135/1127/318 134/1125/317 163/1121/315
f 136/1129/319 135/1127/318 163/1121/315
f 137/1131/320 136/1129/319 163/1121/315
f 138/1133/321 137/1131/320 163/1121/315
f 139/1135/322 138/1133/321 163/1121/315
f 140/1134/323 139/1135/322 163/1121/315
f 141/1132/324 140/1134/323 163/1121/315
f 142/1130/325 141/1132/324 163/1121/315
f 143/1128/326 142/1130/325 163/1121/315
f 144/1126/327 143/1128/326 163/1121/315
f 145/1124/328 144/1126/327 163/1121/315
f 146/1122/329 145/1124/328 163/1121/315
f 131/1120/314 146/1122/329 163/1121/315
s 15
f 212/1136/330 213/1137/331 214/1138/332
f 213/1137/331 215/1141/333 214/1138/332
f 215/1141/333 216/1147/334 214/1138/332
f 216/1147/334 217/1153/335 214/1138/332
f 217/1153/335 218/1159/336 214/1138/332
f 218/1159/336 219/1165/337 214/1138/332
f 219/1165/337 220/1171/338 214/1138/332
f 220/1171/338 221/1177/339 214/1138/332
f 221/1177/339 222/1178/340 214/1138/332
f 222/1178/340 223/1172/341 214/1138/332
f 223/1172/341 224/1166/342 214/1138/332
f 224/1166/342 225/1160/343 214/1138/332
f 225/1160/343 226/1154/344 214/1138/332
f 226/1154/344 227/1148/345 214/1138/332
f 227/1148/345 228/1142/346 214/1138/332
f 228/1142/346 212/1136/330 214/1138/332
s 16
f 147/1185/347 148/1186/348 165/1187/349 164/1188/350
f 148/1186/348 149/1189/351 166/1190/352 165/1187/349
f 149/1189/351 150/1193/353 167/1194/354 166/1190/352
f 150/1193/353 151/1197/355 168/1198/356 167/1194/354
f 151/1197/355 152/1201/357 169/1202/358 168/1198/356
f 152/1201/357 153/1205/359 170/1206/360 169/1202/358
f 153/1205/359 154/1209/361 171/1210/362 170/1206/360
f 154/1209/361 155/1213/363 172/1214/364 171/1210/362
f 155/1213/363 156/1215/365 173/1216/366 172/1214/364
f 156/1215/365 157/1211/367 174/1212/368 173/1216/366
f 157/1211/367 158/1207/369 175/1208/370 174/1212/368
f 158/1207/369 159/1203/371 176/1204/372 175/1208/370
f 159/1203/371 160/1199/373 177/1200/374 176/1204/372
f 160/1199/373 161/1195/375 178/1196/376 177/1200/374
f 161/1195/375 162/1191/377 179/1192/378 178/1196/376
f 162/1191/377 147/1185/347 164/1188/350 179/1192/378
s 17
f 164/133/379 165/137/380 181/138/381 180/134/382
f 165/137/380 166/141/383 182/142/384 181/138/381
f 166/691/383 167/692/385 183/693/386 182/694/384
f 167/692/385 168/695/387 184/696/388 183/693/386
f 168/125/387 169/121/389 185/122/390 184/126/388
f 169/121/389 170/115/391 186/118/392 185/122/390
f 170/115/391 171/116/393 187/117/394 186/118/392
f 171/116/393 172/119/395 188/120/396 187/117/394
f 172/119/395 173/123/397 189/124/398 188/120/396
f 173/123/397 174/127/399 190/128/400 189/124/398
f 174/697/399 175/698/401 191/699/402 190/700/400
f 175/698/401 176/701/403 192/702/404 191/699/402
f 176/139/403 177/135/405 193/136/406 192/140/404
f 177/135/405 178/129/407 194/132/408 193/136/406
f 178/129/407 179/130/409 195/131/410 194/132/408
f 179/130/409 164/133/379 180/134/382 195/131/410
s 18
f 180/1143/411 181/1144/412 197/1140/413 196/1139/414
f 181/1144/412 182/1149/415 198/1145/416 197/1140/413
f 182/1149/415 183/1155/417 199/1151/418 198/1145/416
f 183/1155/417 184/1161/419 200/1157/420 199/1151/418
f 184/1161/419 185/1167/421 201/1163/422 200/1157/420
f 185/1167/421 186/1173/423 202/1169/424 201/1163/422
f 186/1173/423 187/1179/425 203/1175/426 202/1169/424
f 187/1179/425 188/1183/427 204/1181/428 203/1175/426
f 188/1183/427 189/1184/429 205/1182/430 204/1181/428
f 189/1184/429 190/1180/431 206/1176/432 205/1182/430
f 190/1180/431 191/1174/433 207/1170/434 206/1176/432
f 191/1174/433 192/1168/435 208/1164/436 207/1170/434
f 192/1168/435 193/1162/437 209/1158/438 208/1164/436
f 193/1162/437 194/1156/439 210/1152/440 209/1158/438
f 194/1156/439 195/1150/441 211/1146/442 210/1152/440
f 195/1150/441 180/1143/411 196/1139/414 211/1146/442
s 19
f 196/1139/443 197/1140/444 213/1137/445 212/1136/446
f 197/1140/444 198/1145/447 215/1141/448 213/1137/445
f 198/1145/447 199/1151/449 216/1147/450 215/1141/448
f 199/1151/449 200/1157/451 217/1153/452 216/1147/450
f 200/1157/451 201/1163/453 218/1159/454 217/1153/452
f 201/1163/453 202/1169/455 219/1165/456 218/1159/454
f 202/1169/455 203/1175/457 220/1171/458 219/1165/456
f 203/1175/457 204/1181/459 221/1177/460 220/1171/458
f 204/1181/459 205/1182/461 222/1178/462 221/1177/460
f 205/1182/461 206/1176/463 223/1172/464 222/1178/462
f 206/1176/463 207/1170/465 224/1166/466 223/1172/464
f 207/1170/465 208/1164/467 225/1160/468 224/1166/466
f 208/1164/467 209/1158/469 226/1154/470 225/1160/468
f 209/1158/469 210/1152/471 227/1148/472 226/1154/470
f 210/1152/471 211/1146/473 228/1142/474 227/1148/472
f 211/1146/473 196/1139/443 212/1136/446 228/1142/474
s off
f 229/1217/475 230/1218/476 232/1219/477 231/1220/478
f 231/703/479 232/704/480 234/705/481 233/706/482
f 233/1221/483 234/1222/484 236/1223/485 235/1224/486
f 235/707/487 236/708/488 230/709/489 229/710/490
f 230/143/491 236/144/492 234/145/493 232/146/494
f 235/147/495 229/148/496 231/149/497 233/150/498
f 237/1225/499 238/1226/500 240/1227/501 239/1228/502
f 239/711/503 240/712/504 242/713/505 241/714/506
f 241/1229/507 242/1230/508 244/1231/509 243/1232/510
f 243/715/511 244/716/512 238/717/513 237/718/514
f 238/151/515 244/152/516 242/153/517 240/154/518
f 243/155/519 237/156/520 239/157/521 241/158/522
s 20
f 245/168/523 246/171/524 255/172/525 254/169/526
f 246/171/524 247/173/527 256/174/528 255/172/525
f 247/719/527 248/720/529 257/721/530 256/722/528
f 248/720/529 249/723/531 258/724/532 257/721/530
f 249/165/531 250/163/533 259/164/534 258/166/532
f 250/163/533 251/159/535 260/162/536 259/164/534
f 251/159/535 252/160/537 261/161/538 260/162/536
f 253/167/539 245/168/523 254/169/526 262/170/540
s 21
f 246/1233/541 245/1234/542 263/1235/543 264/1236/544
f 247/1239/545 246/1233/541 264/1236/544 265/1240/546
f 248/1241/547 247/1239/545 265/1240/546 266/1242/548
f 249/1243/549 248/1241/547 266/1242/548 267/1244/550
f 250/1245/551 249/1243/549 267/1244/550 268/1246/552
f 251/1247/553 250/1245/551 268/1246/552 269/1248/554
f 252/1249/555 251/1247/553 269/1248/554 270/1250/556
f 245/1234/542 253/1237/557 271/1238/558 263/1235/543
s 22
f 254/1251/559 255/1252/560 273/1253/561 272/1254/562
f 255/1252/560 256/1255/563 274/1256/564 273/1253/561
f 256/1255/563 257/1259/565 275/1260/566 274/1256/564
f 257/1259/565 258/1261/567 276/1262/568 275/1260/566
f 258/1261/567 259/1263/569 277/1264/570 276/1262/568
f 259/1263/569 260/1265/571 278/1266/572 277/1264/570
f 260/1265/571 261/1267/573 279/1268/574 278/1266/572
f 262/1257/575 254/1251/559 272/1254/562 280/1258/576
s off
f 261/725/577 252/726/578 270/727/579 279/728/580
f 253/729/581 262/730/582 280/731/583 271/732/584
s 23
f 270/175/585 269/176/586 278/177/587 279/178/588
f 269/176/586 268/179/589 277/180/590 278/177/587
f 268/179/589 267/181/591 276/182/592 277/180/590
f 267/733/591 266/734/593 275/735/594 276/736/592
f 266/734/593 265/737/595 274/738/596 275/735/594
f 265/189/595 264/187/597 273/188/598 274/190/596
f 264/187/597 263/183/599 272/186/600 273/188/598
f 263/183/599 271/184/601 280/185/602 272/186/600
s 24
f 281/200/603 282/203/604 291/204/605 290/201/606
f 282/203/604 283/205/607 292/206/608 291/204/605
f 283/739/607 284/740/609 293/741/610 292/742/608
f 284/740/609 285/743/611 294/744/612 293/741/610
f 285/197/611 286/195/613 295/196/614 294/198/612
f 286/195/613 287/191/615 296/194/616 295/196/614
f 287/191/615 288/192/617 297/193/618 296/194/616
f 289/199/619 281/200/603 290/201/606 298/202/620
s 25
f 282/1269/621 281/1270/622 299/1271/623 300/1272/624
f 283/1275/625 282/1269/621 300/1272/624 301/1276/626
f 284/1277/627 283/1275/625 301/1276/626 302/1278/628
f 285/1279/629 284/1277/627 302/1278/628 303/1280/630
f 286/1281/631 285/1279/629 303/1280/630 304/1282/632
f 287/1283/633 286/1281/631 304/1282/632 305/1284/634
f 288/1285/635 287/1283/633 305/1284/634 306/1286/636
f 281/1270/622 289/1273/637 307/1274/638 299/1271/623
s 26
f 290/1287/639 291/1288/640 309/1289/641 308/1290/642
f 291/1288/640 292/1291/643 310/1292/644 309/1289/641
f 292/1291/643 293/1295/645 311/1296/646 310/1292/644
f 293/1295/645 294/1297/647 312/1298/648 311/1296/646
f 294/1297/647 295/1299/649 313/1300/650 312/1298/648
f 295/1299/649 296/1301/651 314/1302/652 313/1300/650
f 296/1301/651 297/1303/653 315/1304/654 314/1302/652
f 298/1293/655 290/1287/639 308/1290/642 316/1294/656
s off
f 297/745/657 288/746/658 306/747/659 315/748/660
f 289/749/661 298/750/662 316/751/663 307/752/664
s 27
f 306/207/665 305/208/666 314/209/667 315/210/668
f 305/208/666 304/211/669 313/212/670 314/209/667
f 304/211/669 303/213/671 312/214/672 313/212/670
f 303/753/671 302/754/673 311/755/674 312/756/672
f 302/754/673 301/757/675 310/758/676 311/755/674
f 301/221/675 300/219/677 309/220/678 310/222/676
f 300/219/677 299/215/679 308/218/680 309/220/678
f 299/215/679 307/216/681 316/217/682 308/218/680
s 28
f 317/244/683 333/243/684 334/247/685 318/248/686
f 318/248/686 334/247/685 335/249/687 319/250/688
f 319/759/688 335/760/687 336/761/689 320/762/690
f 320/762/690 336/761/689 337/763/691 321/764/692
f 321/231/692 337/232/691 338/228/693 322/227/694
f 322/227/694 338/228/693 339/224/695 323/223/696
f 323/223/696 339/224/695 340/225/697 324/226/698
f 324/226/698 340/225/697 341/229/699 325/230/700
f 325/230/700 341/229/699 342/233/701 326/234/702
f 326/234/702 342/233/701 343/235/703 327/236/704
f 327/765/704 343/766/703 344/767/705 328/768/706
f 328/768/706 344/767/705 345/769/707 329/770/708
f 329/245/708 345/246/707 346/242/709 330/241/710
f 330/241/710 346/242/709 347/238/711 331/237/712
f 331/237/712 347/238/711 348/239/713 332/240/714
f 332/240/714 348/239/713 333/243/684 317/244/683
s 29
f 318/1305/715 349/1306/716 317/1307/717
f 319/1308/718 349/1306/716 318/1305/715
f 320/1310/719 349/1306/716 319/1308/718
f 321/1312/720 349/1306/716 320/1310/719
f 322/1314/721 349/1306/716 321/1312/720
f 323/1316/722 349/1306/716 322/1314/721
f 324/1318/723 349/1306/716 323/1316/722
f 325/1320/724 349/1306/716 324/1318/723
f 326/1321/725 349/1306/716 325/1320/724
f 327/1319/726 349/1306/716 326/1321/725
f 328/1317/727 349/1306/716 327/1319/726
f 329/1315/728 349/1306/716 328/1317/727
f 330/1313/729 349/1306/716 329/1315/728
f 331/1311/730 349/1306/716 330/1313/729
f 332/1309/731 349/1306/716 331/1311/730
f 317/1307/717 349/1306/716 332/1309/731
s 30
f 398/1322/732 400/1323/733 399/1324/734
f 399/1324/734 400/1323/733 401/1326/735
f 401/1326/735 400/1323/733 402/1331/736
f 402/1331/736 400/1323/733 403/1338/737
f 403/1338/737 400/1323/733 404/1344/738
f 404/1344/738 400/1323/733 405/1350/739
f 405/1350/739 400/1323/733 406/1356/740
f 406/1356/740 400/1323/733 407/1362/741
f 407/1362/741 400/1323/733 408/1359/742
f 408/1359/742 400/1323/733 409/1353/743
f 409/1353/743 400/1323/733 410/1347/744
f 410/1347/744 400/1323/733 411/1341/745
f 411/1341/745 400/1323/733 412/1335/746
f 412/1335/746 400/1323/733 413/1329/747
f 413/1329/747 400/1323/733 414/1325/748
f 414/1325/748 400/1323/733 398/1322/732
s 31
f 333/1371/749 350/1372/750 351/1373/751 334/1374/752
f 334/1374/752 351/1373/751 352/1377/753 335/1378/754
f 335/1378/754 352/1377/753 353/1381/755 336/1382/756
f 336/1382/756 353/1381/755 354/1385/757 337/1386/758
f 337/1386/758 354/1385/757 355/1389/759 338/1390/760
f 338/1390/760 355/1389/759 356/1393/761 339/1394/762
f 339/1394/762 356/1393/761 357/1397/763 340/1398/764
f 340/1398/764 357/1397/763 358/1401/765 341/1402/766
f 341/1402/766 358/1401/765 359/1400/767 342/1399/768
f 342/1399/768 359/1400/767 360/1396/769 343/1395/770
f 343/1395/770 360/1396/769 361/1392/771 344/1391/772
f 344/1391/772 361/1392/771 362/1388/773 345/1387/774
f 345/1387/774 362/1388/773 363/1384/775 346/1383/776
f 346/1383/776 363/1384/775 364/1380/777 347/1379/778
f 347/1379/778 364/1380/777 365/1376/779 348/1375/780
f 348/1375/780 365/1376/779 350/1372/750 333/1371/749
s 32
f 350/272/781 366/271/782 367/275/783 351/276/784
f 351/276/784 367/275/783 368/277/785 352/278/786
f 352/771/786 368/772/785 369/773/787 353/774/788
f 353/774/788 369/773/787 370/775/789 354/776/790
f 354/259/790 370/260/789 371/256/791 355/255/792
f 355/255/792 371/256/791 372/252/793 356/251/794
f 356/251/794 372/252/793 373/253/795 357/254/796
f 357/254/796 373/253/795 374/257/797 358/258/798
f 358/258/798 374/257/797 375/261/799 359/262/800
f 359/262/800 375/261/799 376/263/801 360/264/802
f 360/777/802 376/778/801 377/779/803 361/780/804
f 361/780/804 377/779/803 378/781/805 362/782/806
f 362/273/806 378/274/805 379/270/807 363/269/808
f 363/269/808 379/270/807 380/266/809 364/265/810
f 364/265/810 380/266/809 381/267/811 365/268/812
f 365/268/812 381/267/811 366/271/782 350/272/781
s 33
f 366/1333/813 382/1327/814 383/1328/815 367/1334/816
f 367/1334/816 383/1328/815 384/1332/817 368/1340/818
f 368/1340/818 384/1332/817 385/1339/819 369/1346/820
f 369/1346/820 385/1339/819 386/1345/821 370/1352/822
f 370/1352/822 386/1345/821 387/1351/823 371/1358/824
f 371/1358/824 387/1351/823 388/1357/825 372/1364/826
f 372/1364/826 388/1357/825 389/1363/827 373/1368/828
f 373/1368/828 389/1363/827 390/1367/829 374/1370/830
f 374/1370/830 390/1367/829 391/1365/831 375/1369/832
f 375/1369/832 391/1365/831 392/1360/833 376/1366/834
f 376/1366/834 392/1360/833 393/1354/835 377/1361/836
f 377/1361/836 393/1354/835 394/1348/837 378/1355/838
f 378/1355/838 394/1348/837 395/1342/839 379/1349/840
f 379/1349/840 395/1342/839 396/1336/841 380/1343/842
f 380/1343/842 396/1336/841 397/1330/843 381/1337/844
f 381/1337/844 397/1330/843 382/1327/814 366/1333/813
s 34
f 382/1327/845 398/1322/846 399/1324/847 383/1328/848
f 383/1328/848 399/1324/847 401/1326/849 384/1332/850
f 384/1332/850 401/1326/849 402/1331/851 385/1339/852
f 385/1339/852 402/1331/851 403/1338/853 386/1345/854
f 386/1345/854 403/1338/853 404/1344/855 387/1351/856
f 387/1351/856 404/1344/855 405/1350/857 388/1357/858
f 388/1357/858 405/1350/857 406/1356/859 389/1363/860
f 389/1363/860 406/1356/859 407/1362/861 390/1367/862
f 390/1367/862 407/1362/861 408/1359/863 391/1365/864
f 391/1365/864 408/1359/863 409/1353/865 392/1360/866
f 392/1360/866 409/1353/865 410/1347/867 393/1354/868
f 393/1354/868 410/1347/867 411/1341/869 394/1348/870
f 394/1348/870 411/1341/869 412/1335/871 395/1342/872
f 395/1342/872 412/1335/871 413/1329/873 396/1336/874
f 396/1336/874 413/1329/873 414/1325/875 397/1330/876
f 397/1330/876 414/1325/875 398/1322/846 382/1327/845
s off
f 415/1403/877 416/1404/878 418/1405/879 417/1406/880
f 417/783/881 418/784/882 420/785/883 419/786/884
f 419/1407/885 420/1408/886 422/1409/887 421/1410/888
f 421/787/889 422/788/890 416/789/891 415/790/892
f 416/279/893 422/280/894 420/281/895 418/282/896
f 421/283/897 415/284/898 417/285/899 419/286/900
f 423/1411/901 424/1412/902 426/1413/903 425/1414/904
f 425/791/905 426/792/906 428/793/907 427/794/908
f 427/1415/909 428/1416/910 430/1417/911 429/1418/912
f 429/795/913 430/796/914 424/797/915 423/798/916
f 424/287/917 430/288/918 428/289/919 426/290/920
f 429/291/921 423/292/922 425/293/923 427/294/924
s 35
f 431/1419/925 433/1420/926 434/1421/927 432/1422/928
s off
f 433/303/929 435/304/930 436/301/931 434/299/932
s 36
f 435/1425/933 437/1426/934 438/1427/935 436/1428/936
s 37
f 437/799/937 431/800/938 432/801/939 438/802/940
s 38
f 452/295/941 454/296/942 453/297/943 451/298/944
s off
f 447/305/945 450/306/946 449/307/947 448/308/948
s 37
f 437/799/937 439/803/949 440/804/950 431/800/938
s 35
f 431/1419/925 440/1423/951 441/1424/952 433/1420/926
s off
f 433/805/953 441/806/954 442/807/955 435/808/956
s 36
f 435/1425/933 442/1429/957 439/1430/958 437/1426/934
s 39
f 439/309/959 443/310/960 444/311/961 440/312/962
f 440/312/962 444/311/961 445/315/963 441/316/964
f 441/316/964 445/315/963 446/314/965 442/313/966
f 442/313/966 446/314/965 443/310/960 439/309/959
s off
f 443/809/967 447/810/968 448/811/969 444/812/970
f 444/1431/971 448/1432/972 449/1433/973 445/1434/974
f 445/813/975 449/814/976 450/815/977 446/816/978
f 446/1435/979 450/1436/980 447/1437/981 443/1438/982
s 38
f 432/300/983 452/295/941 451/298/944 438/302/984
f 438/302/984 451/298/944 453/297/943 436/301/985
f 436/301/985 453/297/943 454/296/942 434/299/986
f 434/299/986 454/296/942 452/295/941 432/300/983
s 40
f 455/338/987 471/337/988 472/341/989 456/342/990
f 456/342/990 472/341/989 473/343/991 457/344/992
f 457/817/992 473/818/991 474/819/993 458/820/994
f 458/820/994 474/819/993 475/821/995 459/822/996
f 459/325/996 475/326/995 476/322/997 460/321/998
f 460/321/998 476/322/997 477/318/999 461/317/1000
f 461/317/1000 477/318/999 478/319/1001 462/320/1002
f 462/320/1002 478/319/1001 479/323/1003 463/324/1004
f 463/324/1004 479/323/1003 480/327/1005 464/328/1006
f 464/328/1006 480/327/1005 481/329/1007 465/330/1008
f 465/823/1008 481/824/1007 482/825/1009 466/826/1010
f 466/826/1010 482/825/1009 483/827/1011 467/828/1012
f 467/339/1012 483/340/1011 484/336/1013 468/335/1014
f 468/335/1014 484/336/1013 485/332/1015 469/331/1016
f 469/331/1016 485/332/1015 486/333/1017 470/334/1018
f 470/334/1018 486/333/1017 471/337/988 455/338/987
s 41
f 456/1439/1019 487/1440/1020 455/1441/1021
f 457/1442/1022 487/1440/1020 456/1439/1019
f 458/1444/1023 487/1440/1020 457/1442/1022
f 459/1446/1024 487/1440/1020 458/1444/1023
f 460/1448/1025 487/1440/1020 459/1446/1024
f 461/1450/1026 487/1440/1020 460/1448/1025
f 462/1452/1027 487/1440/1020 461/1450/1026
f 463/1454/1028 487/1440/1020 462/1452/1027
f 464/1455/1029 487/1440/1020 463/1454/1028
f 465/1453/1030 487/1440/1020 464/1455/1029
f 466/1451/1031 487/1440/1020 465/1453/1030
f 467/1449/1032 487/1440/1020 466/1451/1031
f 468/1447/1033 487/1440/1020 467/1449/1032
f 469/1445/1034 487/1440/1020 468/1447/1033
f 470/1443/1035 487/1440/1020 469/1445/1034
f 455/1441/1021 487/1440/1020 470/1443/1035
s 42
f 536/1456/1036 538/1457/1037 537/1458/1038
f 537/1458/1038 538/1457/1037 539/1460/1039
f 539/1460/1039 538/1457/1037 540/1465/1040
f 540/1465/1040 538/1457/1037 541/1472/1041
f 541/1472/1041 538/1457/1037 542/1478/1042
f 542/1478/1042 538/1457/1037 543/1484/1043
f 543/1484/1043 538/1457/1037 544/1490/1044
f 544/1490/1044 538/1457/1037 545/1496/1045
f 545/1496/1045 538/1457/1037 546/1493/1046
f 546/1493/1046 538/1457/1037 547/1487/1047
f 547/1487/1047 538/1457/1037 548/1481/1048
f 548/1481/1048 538/1457/1037 549/1475/1049
f 549/1475/1049 538/1457/1037 550/1469/1050
f 550/1469/1050 538/1457/1037 551/1463/1051
f 551/1463/1051 538/1457/1037 552/1459/1052
f 552/1459/1052 538/1457/1037 536/1456/1036
s 43
f 471/1505/1053 488/1506/1054 489/1507/1055 472/1508/1056
f 472/1508/1056 489/1507/1055 490/1511/1057 473/1512/1058
f 473/1512/1058 490/1511/1057 491/1515/1059 474/1516/1060
f 474/1516/1060 491/1515/1059 492/1519/1061 475/1520/1062
f 475/1520/1062 492/1519/1061 493/1523/1063 476/1524/1064
f 476/1524/1064 493/1523/1063 494/1527/1065 477/1528/1066
f 477/1528/1066 494/1527/1065 495/1531/1067 478/1532/1068
f 478/1532/1068 495/1531/1067 496/1535/1069 479/1536/1070
f 479/1536/1070 496/1535/1069 497/1534/1071 480/1533/1072
f 480/1533/1072 497/1534/1071 498/1530/1073 481/1529/1074
f 481/1529/1074 498/1530/1073 499/1526/1075 482/1525/1076
f 482/1525/1076 499/1526/1075 500/1522/1077 483/1521/1078
f 483/1521/1078 500/1522/1077 501/1518/1079 484/1517/1080
f 484/1517/1080 501/1518/1079 502/1514/1081 485/1513/1082
f 485/1513/1082 502/1514/1081 503/1510/1083 486/1509/1084
f 486/1509/1084 503/1510/1083 488/1506/1054 471/1505/1053
s 44
f 488/366/1085 504/365/1086 505/369/1087 489/370/1088
f 489/370/1088 505/369/1087 506/371/1089 490/372/1090
f 490/829/1090 506/830/1089 507/831/1091 491/832/1092
f 491/832/1092 507/831/1091 508/833/1093 492/834/1094
f 492/353/1094 508/354/1093 509/350/1095 493/349/1096
f 493/349/1096 509/350/1095 510/346/1097 494/345/1098
f 494/345/1098 510/346/1097 511/347/1099 495/348/1100
f 495/348/1100 511/347/1099 512/351/1101 496/352/1102
f 496/352/1102 512/351/1101 513/355/1103 497/356/1104
f 497/356/1104 513/355/1103 514/357/1105 498/358/1106
f 498/835/1106 514/836/1105 515/837/1107 499/838/1108
f 499/838/1108 515/837/1107 516/839/1109 500/840/1110
f 500/367/1110 516/368/1109 517/364/1111 501/363/1112
f 501/363/1112 517/364/1111 518/360/1113 502/359/1114
f 502/359/1114 518/360/1113 519/361/1115 503/362/1116
f 503/362/1116 519/361/1115 504/365/1086 488/366/1085
s 45
f 504/1467/1117 520/1461/1118 521/1462/1119 505/1468/1120
f 505/1468/1120 521/1462/1119 522/1466/1121 506/1474/1122
f 506/1474/1122 522/1466/1121 523/1473/1123 507/1480/1124
f 507/1480/1124 523/1473/1123 524/1479/1125 508/1486/1126
f 508/1486/1126 524/1479/1125 525/1485/1127 509/1492/1128
f 509/1492/1128 525/1485/1127 526/1491/1129 510/1498/1130
f 510/1498/1130 526/1491/1129 527/1497/1131 511/1502/1132
f 511/1502/1132 527/1497/1131 528/1501/1133 512/1504/1134
f 512/1504/1134 528/1501/1133 529/1499/1135 513/1503/1136
f 513/1503/1136 529/1499/1135 530/1494/1137 514/1500/1138
f 514/1500/1138 530/1494/1137 531/1488/1139 515/1495/1140
f 515/1495/1140 531/1488/1139 532/1482/1141 516/1489/1142
f 516/1489/1142 532/1482/1141 533/1476/1143 517/1483/1144
f 517/1483/1144 533/1476/1143 534/1470/1145 518/1477/1146
f 518/1477/1146 534/1470/1145 535/1464/1147 519/1471/1148
f 519/1471/1148 535/1464/1147 520/1461/1118 504/1467/1117
s 46
f 520/1461/1149 536/1456/1150 537/1458/1151 521/1462/1152
f 521/1462/1152 537/1458/1151 539/1460/1153 522/1466/1154
f 522/1466/1154 539/1460/1153 540/1465/1155 523/1473/1156
f 523/1473/1156 540/1465/1155 541/1472/1157 524/1479/1158
f 524/1479/1158 541/1472/1157 542/1478/1159 525/1485/1160
f 525/1485/1160 542/1478/1159 543/1484/1161 526/1491/1162
f 526/1491/1162 543/1484/1161 544/1490/1163 527/1497/1164
f 527/1497/1164 544/1490/1163 545/1496/1165 528/1501/1166
f 528/1501/1166 545/1496/1165 546/1493/1167 529/1499/1168
f 529/1499/1168 546/1493/1167 547/1487/1169 530/1494/1170
f 530/1494/1170 547/1487/1169 548/1481/1171 531/1488/1172
f 531/1488/1172 548/1481/1171 549/1475/1173 532/1482/1174
f 532/1482/1174 549/1475/1173 550/1469/1175 533/1476/1176
f 533/1476/1176 550/1469/1175 551/1463/1177 534/1470/1178
f 534/1470/1178 551/1463/1177 552/1459/1179 535/1464/1180
f 535/1464/1180 552/1459/1179 536/1456/1150 520/1461/1149
s 47
f 553/1537/1181 571/1538/1182 883/1539/1183 884/1540/1184
s 48
f 555/841/1185 572/842/1186 687/843/1187 688/844/1188
s 49
f 895/1598/1189 896/1599/1190 570/1600/1191 559/1601/1192
s 50
f 669/885/1193 670/886/1194 571/887/1195 553/888/1196
s 51
f 624/373/1197 675/374/1198 877/375/1199 878/376/1200
s 52
f 666/461/1201 636/462/1202 887/463/1203 888/464/1204
s 49
f 898/1609/1205 899/1615/1206 560/1616/1207 562/1610/1208
s 50
f 563/897/1209 672/896/1210 673/900/1211 554/901/1212
s 47
f 881/1546/1213 563/1545/1214 554/1550/1215 880/1551/1216
s 56
f 679/875/1217 564/870/1218 556/878/1219 678/879/1220
s 49
f 897/1604/1221 898/1609/1205 562/1610/1208 566/1605/1222
s 50
f 567/892/1223 671/891/1224 672/896/1210 563/897/1209
s 47
f 882/1542/1225 567/1541/1226 563/1545/1214 881/1546/1213
s 57
f 683/859/1227 573/858/1228 575/863/1229 682/864/1230
s 49
f 896/1599/1190 897/1604/1221 566/1605/1222 570/1600/1191
s 50
f 571/887/1195 670/886/1194 671/891/1224 567/892/1223
s 47
f 883/1539/1183 571/1538/1182 567/1541/1226 882/1542/1225
s 57
f 684/855/1231 577/849/1232 573/858/1228 683/859/1227
s off
f 595/1659/1233 596/1660/1234 597/1661/1235 598/1662/1236
s 58
f 611/871/1237 680/872/1238 681/867/1239 614/866/1240
s off
f 600/1663/1241 599/1664/1242 601/1665/1243 602/1666/1244
s 59
f 686/846/1245 615/845/1246 617/850/1247 685/851/1248
s off
f 603/1667/1249 604/1668/1250 605/1669/1251 606/1670/1252
f 608/1671/1253 607/1672/1254 609/1673/1255 610/1674/1256
s 47
f 568/1583/1257 564/1585/1258 580/1589/1259 579/1590/1260
f 564/1585/1258 575/1595/1261 581/1596/1262 580/1589/1259
f 575/1595/1261 573/1591/1263 582/1597/1264 581/1596/1262
f 573/1591/1263 568/1583/1257 579/1590/1260 582/1597/1264
s 49
f 561/1647/1265 565/1642/1266 583/1653/1267 584/1654/1268
f 565/1642/1266 574/1651/1269 585/1656/1270 583/1653/1267
f 574/1651/1269 576/1657/1271 586/1658/1272 585/1656/1270
f 576/1657/1271 561/1647/1265 584/1654/1268 586/1658/1272
s 47
f 572/1579/1273 568/1583/1257 588/1586/1274 587/1587/1275
f 568/1583/1257 573/1591/1263 589/1592/1276 588/1586/1274
f 573/1591/1263 577/1593/1277 590/1594/1278 589/1592/1276
f 577/1593/1277 572/1579/1273 587/1587/1275 590/1594/1278
s 49
f 565/1642/1266 569/1638/1279 591/1645/1280 592/1646/1281
f 569/1638/1279 578/1649/1282 593/1650/1283 591/1645/1280
f 578/1649/1282 574/1651/1269 594/1652/1284 593/1650/1283
f 574/1651/1269 565/1642/1266 592/1646/1281 594/1652/1284
s off
f 579/905/1285 580/906/1286 596/907/1287 595/908/1288
f 580/913/1289 581/909/1290 597/912/1291 596/914/1292
f 581/909/1293 582/910/1294 598/911/1295 597/912/1296
f 582/573/1297 579/574/1298 595/575/1299 598/576/1300
f 584/915/1301 583/916/1302 599/917/1303 600/918/1304
f 583/577/1305 585/578/1306 601/579/1307 599/580/1308
f 585/919/1309 586/920/1310 602/921/1311 601/922/1312
f 586/920/1313 584/923/1314 600/924/1315 602/921/1316
f 587/925/1317 588/926/1318 604/927/1319 603/928/1320
f 588/581/1321 589/582/1322 605/583/1323 604/584/1324
f 589/929/1325 590/930/1326 606/931/1327 605/932/1328
f 590/930/1329 587/933/1330 603/934/1331 606/931/1332
f 592/935/1333 591/936/1334 607/937/1335 608/938/1336
f 591/943/1337 593/939/1338 609/942/1339 607/944/1340
f 593/939/1341 594/940/1342 610/941/1343 609/942/1344
f 594/585/1345 592/586/1346 608/587/1347 610/588/1348
s 58
f 564/870/1349 679/875/1350 680/872/1238 611/871/1237
f 561/882/1351 576/874/1352 613/877/1353 612/881/1354
f 682/864/1355 575/863/1356 614/866/1240 681/867/1239
f 575/863/1356 564/870/1349 611/871/1237 614/866/1240
s 59
f 687/843/1357 572/842/1358 615/845/1246 686/846/1245
f 572/842/1358 577/849/1359 617/850/1247 615/845/1246
f 577/849/1359 684/855/1360 685/851/1248 617/850/1247
f 578/862/1361 569/853/1362 616/857/1363 618/861/1364
s 51
f 554/382/1365 673/383/1366 674/378/1367 620/377/1368
f 560/401/1369 899/411/1370 900/402/1371 619/393/1372
f 678/454/1373 556/455/1374 622/448/1375 677/447/1376
f 880/391/1377 554/382/1365 620/377/1368 879/381/1378
f 620/377/1368 674/378/1367 675/374/1198 624/373/1197
f 619/393/1372 900/402/1371 901/395/1379 623/394/1380
f 677/447/1376 622/448/1375 626/441/1381 676/440/1382
f 879/381/1378 620/377/1368 624/373/1197 878/376/1200
s 52
f 669/478/1383 553/479/1384 628/471/1385 668/470/1386
f 553/479/1384 884/483/1387 885/474/1388 628/471/1385
f 555/562/1389 688/563/1390 689/554/1391 629/553/1392
f 895/508/1393 559/498/1394 627/489/1395 894/499/1396
f 668/470/1386 628/471/1385 632/466/1397 667/465/1398
f 628/471/1385 885/474/1388 886/467/1399 632/466/1397
f 629/553/1392 689/554/1391 690/546/1400 633/545/1401
f 894/499/1396 627/489/1395 631/481/1402 893/492/1403
f 667/465/1398 632/466/1397 636/462/1202 666/461/1201
f 632/466/1397 886/467/1399 887/463/1203 636/462/1202
f 633/545/1401 690/546/1400 665/537/1404 637/536/1405
f 893/492/1403 631/481/1402 635/482/1406 892/491/1407
f 635/482/1406 640/473/1408 891/490/1409 892/491/1407
f 631/481/1402 641/472/1410 640/473/1408 635/482/1406
f 627/489/1395 642/480/1411 641/472/1410 631/481/1402
f 559/498/1394 643/488/1412 642/480/1411 627/489/1395
s 50
f 559/893/1413 570/894/1414 644/890/1415 643/889/1416
f 645/895/1417 644/890/1415 570/894/1414 566/898/1418
f 646/899/1419 645/895/1417 566/898/1418 562/902/1420
f 647/903/1421 646/899/1419 562/902/1420 560/904/1422
s 51
f 648/384/1423 647/392/1424 560/401/1369 619/393/1372
f 649/385/1425 648/384/1423 619/393/1372 623/394/1380
f 902/387/1426 649/385/1425 623/394/1380 901/395/1379
f 621/458/1427 651/456/1428 650/452/1429 625/453/1430
f 558/460/1431 652/459/1432 651/456/1428 621/458/1427
s 56
f 561/882/1433 653/880/1434 652/883/1435 558/884/1436
s 58
f 654/876/1437 653/880/1438 561/882/1351 612/881/1354
f 655/873/1439 654/876/1437 612/881/1354 613/877/1353
f 576/874/1352 656/868/1440 655/873/1439 613/877/1353
s 57
f 574/869/1441 657/865/1442 656/868/1443 576/874/1444
f 578/862/1445 658/860/1446 657/865/1442 574/869/1441
s 59
f 659/856/1447 658/860/1448 578/862/1361 618/861/1364
f 616/857/1363 660/852/1449 659/856/1447 618/861/1364
f 569/853/1362 661/847/1450 660/852/1449 616/857/1363
s 48
f 662/848/1451 661/847/1452 569/853/1453 557/854/1454
s 52
f 663/564/1455 662/569/1456 557/572/1457 630/570/1458
f 664/555/1459 663/564/1455 630/570/1458 634/565/1460
f 639/556/1461 664/555/1459 634/565/1460 638/566/1462
s 75
f 691/589/1463 692/590/1464 889/591/1465 890/592/1466
s 52
f 641/472/1410 667/465/1398 666/461/1201 640/473/1408
f 642/480/1411 668/470/1386 667/465/1398 641/472/1410
f 643/488/1412 669/478/1383 668/470/1386 642/480/1411
s 50
f 643/889/1416 644/890/1415 670/886/1194 669/885/1193
f 671/891/1224 670/886/1194 644/890/1415 645/895/1417
f 672/896/1210 671/891/1224 645/895/1417 646/899/1419
f 673/900/1211 672/896/1210 646/899/1419 647/903/1421
s 51
f 674/378/1367 673/383/1366 647/392/1424 648/384/1423
f 675/374/1198 674/378/1367 648/384/1423 649/385/1425
s off
f 903/609/1467 904/610/1468 905/611/1469 906/612/1470
s 51
f 651/456/1428 677/447/1376 676/440/1382 650/452/1429
f 652/459/1432 678/454/1373 677/447/1376 651/456/1428
s 56
f 653/880/1434 679/875/1217 678/879/1220 652/883/1435
s 58
f 680/872/1238 679/875/1350 653/880/1438 654/876/1437
f 681/867/1239 680/872/1238 654/876/1437 655/873/1439
f 656/868/1440 682/864/1355 681/867/1239 655/873/1439
s 57
f 657/865/1442 683/859/1227 682/864/1230 656/868/1443
f 658/860/1446 684/855/1231 683/859/1227 657/865/1442
s 59
f 685/851/1248 684/855/1360 658/860/1448 659/856/1447
f 660/852/1449 686/846/1245 685/851/1248 659/856/1447
f 661/847/1450 687/843/1357 686/846/1245 660/852/1449
s 48
f 688/844/1188 687/843/1187 661/847/1452 662/848/1451
s 52
f 689/554/1391 688/563/1390 662/569/1456 663/564/1455
f 690/546/1400 689/554/1391 663/564/1455 664/555/1459
f 665/537/1404 690/546/1400 664/555/1459 639/556/1461
s off
f 640/945/1471 666/946/1472 692/947/1473 691/948/1474
s 76
f 666/1675/1475 888/1676/1476 889/1677/1477 692/1678/1478
s off
f 665/949/1479 639/950/1480 694/951/1481 693/952/1482
s 77
f 891/1695/1483 640/1696/1484 691/1697/1485 890/1698/1486
s 51
f 696/432/1487 695/431/1488 676/440/1382 626/441/1381
f 622/448/1375 697/442/1489 696/432/1487 626/441/1381
f 556/455/1374 698/449/1490 697/442/1489 622/448/1375
s 47
f 564/1585/1258 699/1582/1491 698/1584/1492 556/1588/1493
f 568/1583/1257 700/1578/1494 699/1582/1491 564/1585/1258
f 572/1579/1273 701/1574/1495 700/1578/1494 568/1583/1257
f 702/1575/1496 701/1574/1495 572/1579/1273 555/1580/1497
s 52
f 703/544/1498 702/552/1499 555/562/1389 629/553/1392
f 704/535/1500 703/544/1498 629/553/1392 633/545/1401
f 705/526/1501 704/535/1500 633/545/1401 637/536/1405
f 706/527/1502 705/526/1501 637/536/1405 665/537/1404
s 76
f 707/1692/1503 706/1691/1504 665/1693/1505 693/1694/1506
s 75
f 708/606/1507 707/605/1508 693/607/1509 694/608/1510
s 77
f 639/1713/1511 709/1711/1512 708/1712/1513 694/1714/1514
s 52
f 710/560/1515 709/559/1516 639/556/1461 638/566/1462
f 634/565/1460 711/561/1517 710/560/1515 638/566/1462
f 630/570/1458 712/568/1518 711/561/1517 634/565/1460
f 557/572/1457 713/571/1519 712/568/1518 630/570/1458
s 49
f 557/1637/1520 569/1638/1279 714/1633/1521 713/1632/1522
f 569/1638/1279 565/1642/1266 715/1639/1523 714/1633/1521
f 565/1642/1266 561/1647/1265 716/1643/1524 715/1639/1523
f 561/1647/1265 558/1655/1525 717/1648/1526 716/1643/1524
s 51
f 718/451/1527 717/457/1528 558/460/1431 621/458/1427
f 719/446/1529 718/451/1527 621/458/1427 625/453/1430
f 650/452/1429 720/439/1530 719/446/1529 625/453/1430
s off
f 908/613/1531 907/614/1532 909/615/1533 910/616/1534
s 51
f 722/425/1535 721/424/1536 695/431/1488 696/432/1487
f 697/442/1489 723/433/1537 722/425/1535 696/432/1487
f 698/449/1490 724/443/1538 723/433/1537 697/442/1489
s 47
f 699/1582/1491 725/1577/1539 724/1581/1540 698/1584/1492
f 700/1578/1494 726/1573/1541 725/1577/1539 699/1582/1491
f 701/1574/1495 727/1569/1542 726/1573/1541 700/1578/1494
f 728/1570/1543 727/1569/1542 701/1574/1495 702/1575/1496
s 52
f 729/534/1544 728/543/1545 702/552/1499 703/544/1498
f 730/525/1546 729/534/1544 703/544/1498 704/535/1500
f 731/516/1547 730/525/1546 704/535/1500 705/526/1501
f 732/517/1548 731/516/1547 705/526/1501 706/527/1502
s 76
f 733/1690/1549 732/1689/1550 706/1691/1504 707/1692/1503
s 75
f 734/604/1551 733/603/1552 707/605/1508 708/606/1507
s 77
f 709/1711/1512 735/1709/1553 734/1710/1554 708/1712/1513
s 52
f 736/550/1555 735/549/1556 709/559/1516 710/560/1515
f 711/561/1517 737/551/1557 736/550/1555 710/560/1515
f 712/568/1518 738/558/1558 737/551/1557 711/561/1517
f 713/571/1519 739/567/1559 738/558/1558 712/568/1518
s 49
f 713/1632/1522 714/1633/1521 740/1628/1560 739/1627/1561
f 714/1633/1521 715/1639/1523 741/1634/1562 740/1628/1560
f 715/1639/1523 716/1643/1524 742/1640/1563 741/1634/1562
f 716/1643/1524 717/1648/1526 743/1644/1564 742/1640/1563
s 51
f 744/445/1565 743/450/1566 717/457/1528 718/451/1527
f 745/438/1567 744/445/1565 718/451/1527 719/446/1529
f 720/439/1530 746/437/1568 745/438/1567 719/446/1529
f 720/439/1530 695/431/1488 721/424/1536 746/437/1568
f 748/416/1569 747/415/1570 721/424/1536 722/425/1535
f 723/433/1537 749/426/1571 748/416/1569 722/425/1535
f 724/443/1538 750/434/1572 749/426/1571 723/433/1537
s 47
f 725/1577/1539 751/1572/1573 750/1576/1574 724/1581/1540
f 726/1573/1541 752/1568/1575 751/1572/1573 725/1577/1539
f 727/1569/1542 753/1564/1576 752/1568/1575 726/1573/1541
f 754/1565/1577 753/1564/1576 727/1569/1542 728/1570/1543
s 52
f 755/524/1578 754/533/1579 728/543/1545 729/534/1544
f 756/515/1580 755/524/1578 729/534/1544 730/525/1546
f 757/506/1581 756/515/1580 730/525/1546 731/516/1547
f 758/507/1582 757/506/1581 731/516/1547 732/517/1548
s 76
f 759/1688/1583 758/1687/1584 732/1689/1550 733/1690/1549
s 75
f 760/602/1585 759/601/1586 733/603/1552 734/604/1551
s 77
f 735/1709/1553 761/1707/1587 760/1708/1588 734/1710/1554
s 52
f 762/541/1589 761/540/1590 735/549/1556 736/550/1555
f 737/551/1557 763/542/1591 762/541/1589 736/550/1555
f 738/558/1558 764/548/1592 763/542/1591 737/551/1557
f 739/567/1559 765/557/1593 764/548/1592 738/558/1558
s 49
f 739/1627/1561 740/1628/1560 766/1623/1594 765/1622/1595
f 740/1628/1560 741/1634/1562 767/1629/1596 766/1623/1594
f 741/1634/1562 742/1640/1563 768/1635/1597 767/1629/1596
f 742/1640/1563 743/1644/1564 769/1641/1598 768/1635/1597
s 51
f 770/436/1599 769/444/1600 743/450/1566 744/445/1565
f 771/430/1601 770/436/1599 744/445/1565 745/438/1567
f 746/437/1568 772/423/1602 771/430/1601 745/438/1567
s off
f 911/617/1603 912/618/1604 913/619/1605 914/620/1606
s 51
f 774/408/1607 773/407/1608 747/415/1570 748/416/1569
f 749/426/1571 775/417/1609 774/408/1607 748/416/1569
f 750/434/1572 776/427/1610 775/417/1609 749/426/1571
s 47
f 751/1572/1573 777/1567/1611 776/1571/1612 750/1576/1574
f 752/1568/1575 778/1563/1613 777/1567/1611 751/1572/1573
f 753/1564/1576 779/1559/1614 778/1563/1613 752/1568/1575
f 780/1560/1615 779/1559/1614 753/1564/1576 754/1565/1577
s 52
f 781/514/1616 780/523/1617 754/533/1579 755/524/1578
f 782/505/1618 781/514/1616 755/524/1578 756/515/1580
f 783/496/1619 782/505/1618 756/515/1580 757/506/1581
f 784/497/1620 783/496/1619 757/506/1581 758/507/1582
s 76
f 785/1686/1621 784/1685/1622 758/1687/1584 759/1688/1583
s 75
f 786/600/1623 785/599/1624 759/601/1586 760/602/1585
s 77
f 761/1707/1587 787/1705/1625 786/1706/1626 760/1708/1588
s 52
f 788/531/1627 787/530/1628 761/540/1590 762/541/1589
f 763/542/1591 789/532/1629 788/531/1627 762/541/1589
f 764/548/1592 790/539/1630 789/532/1629 763/542/1591
f 765/557/1593 791/547/1631 790/539/1630 764/548/1592
s 49
f 765/1622/1595 766/1623/1594 792/1618/1632 791/1617/1633
f 766/1623/1594 767/1629/1596 793/1624/1634 792/1618/1632
f 767/1629/1596 768/1635/1597 794/1630/1635 793/1624/1634
f 768/1635/1597 769/1641/1598 795/1636/1636 794/1630/1635
s 51
f 796/429/1637 795/435/1638 769/444/1600 770/436/1599
f 797/422/1639 796/429/1637 770/436/1599 771/430/1601
f 772/423/1602 798/421/1640 797/422/1639 771/430/1601
f 772/423/1602 747/415/1570 773/407/1608 798/421/1640
f 800/398/1641 799/397/1642 773/407/1608 774/408/1607
f 775/417/1609 801/409/1643 800/398/1641 774/408/1607
f 776/427/1610 802/418/1644 801/409/1643 775/417/1609
s 47
f 777/1567/1611 803/1562/1645 802/1566/1646 776/1571/1612
f 778/1563/1613 804/1558/1647 803/1562/1645 777/1567/1611
f 779/1559/1614 805/1554/1648 804/1558/1647 778/1563/1613
f 806/1555/1649 805/1554/1648 779/1559/1614 780/1560/1615
s 52
f 807/504/1650 806/513/1651 780/523/1617 781/514/1616
f 808/495/1652 807/504/1650 781/514/1616 782/505/1618
f 809/486/1653 808/495/1652 782/505/1618 783/496/1619
f 810/487/1654 809/486/1653 783/496/1619 784/497/1620
s 76
f 811/1684/1655 810/1683/1656 784/1685/1622 785/1686/1621
s 75
f 812/598/1657 811/597/1658 785/599/1624 786/600/1623
s 77
f 787/1705/1625 813/1703/1659 812/1704/1660 786/1706/1626
s 52
f 814/521/1661 813/520/1662 787/530/1628 788/531/1627
f 789/532/1629 815/522/1663 814/521/1661 788/531/1627
f 790/539/1630 816/529/1664 815/522/1663 789/532/1629
f 791/547/1631 817/538/1665 816/529/1664 790/539/1630
s 49
f 791/1617/1633 792/1618/1632 818/1612/1666 817/1611/1667
f 792/1618/1632 793/1624/1634 819/1619/1668 818/1612/1666
f 793/1624/1634 794/1630/1635 820/1625/1669 819/1619/1668
f 794/1630/1635 795/1636/1636 821/1631/1670 820/1625/1669
s 51
f 822/420/1671 821/428/1672 795/435/1638 796/429/1637
f 823/414/1673 822/420/1671 796/429/1637 797/422/1639
f 798/421/1640 824/406/1674 823/414/1673 797/422/1639
s off
f 915/621/1675 916/622/1676 917/623/1677 918/624/1678
s 51
f 826/389/1679 825/388/1680 799/397/1642 800/398/1641
f 801/409/1643 827/399/1681 826/389/1679 800/398/1641
f 802/418/1644 828/410/1682 827/399/1681 801/409/1643
s 47
f 803/1562/1645 829/1557/1683 828/1561/1684 802/1566/1646
f 804/1558/1647 830/1553/1685 829/1557/1683 803/1562/1645
f 805/1554/1648 831/1548/1686 830/1553/1685 804/1558/1647
f 832/1549/1687 831/1548/1686 805/1554/1648 806/1555/1649
s 52
f 833/494/1688 832/503/1689 806/513/1651 807/504/1650
f 834/485/1690 833/494/1688 807/504/1650 808/495/1652
f 835/476/1691 834/485/1690 808/495/1652 809/486/1653
f 836/477/1692 835/476/1691 809/486/1653 810/487/1654
s 76
f 837/1682/1693 836/1681/1694 810/1683/1656 811/1684/1655
s 75
f 838/596/1695 837/595/1696 811/597/1658 812/598/1657
s 77
f 813/1703/1659 839/1701/1697 838/1702/1698 812/1704/1660
s 52
f 840/511/1699 839/510/1700 813/520/1662 814/521/1661
f 815/522/1663 841/512/1701 840/511/1699 814/521/1661
f 816/529/1664 842/519/1702 841/512/1701 815/522/1663
f 817/538/1665 843/528/1703 842/519/1702 816/529/1664
s 49
f 817/1611/1667 818/1612/1666 844/1607/1704 843/1606/1705
f 818/1612/1666 819/1619/1668 845/1613/1706 844/1607/1704
f 819/1619/1668 820/1625/1669 846/1620/1707 845/1613/1706
f 820/1625/1669 821/1631/1670 847/1626/1708 846/1620/1707
s 51
f 848/413/1709 847/419/1710 821/428/1672 822/420/1671
f 849/405/1711 848/413/1709 822/420/1671 823/414/1673
f 824/406/1674 850/404/1712 849/405/1711 823/414/1673
f 824/406/1674 799/397/1642 825/388/1680 850/404/1712
f 852/380/1713 851/379/1714 825/388/1680 826/389/1679
f 827/399/1681 853/390/1715 852/380/1713 826/389/1679
f 828/410/1682 854/400/1716 853/390/1715 827/399/1681
s 47
f 829/1557/1683 855/1552/1717 854/1556/1718 828/1561/1684
f 830/1553/1685 856/1547/1719 855/1552/1717 829/1557/1683
f 831/1548/1686 857/1543/1720 856/1547/1719 830/1553/1685
f 858/1544/1721 857/1543/1720 831/1548/1686 832/1549/1687
s 52
f 859/484/1722 858/493/1723 832/503/1689 833/494/1688
f 860/475/1724 859/484/1722 833/494/1688 834/485/1690
f 861/468/1725 860/475/1724 834/485/1690 835/476/1691
f 862/469/1726 861/468/1725 835/476/1691 836/477/1692
s 76
f 863/1680/1727 862/1679/1728 836/1681/1694 837/1682/1693
s 75
f 864/594/1729 863/593/1730 837/595/1696 838/596/1695
s 77
f 839/1701/1697 865/1699/1731 864/1700/1732 838/1702/1698
s 52
f 866/501/1733 865/500/1734 839/510/1700 840/511/1699
f 841/512/1701 867/502/1735 866/501/1733 840/511/1699
f 842/519/1702 868/509/1736 867/502/1735 841/512/1701
f 843/528/1703 869/518/1737 868/509/1736 842/519/1702
s 49
f 843/1606/1705 844/1607/1704 870/1603/1738 869/1602/1739
f 844/1607/1704 845/1613/1706 871/1608/1740 870/1603/1738
f 845/1613/1706 846/1620/1707 872/1614/1741 871/1608/1740
f 846/1620/1707 847/1626/1708 873/1621/1742 872/1614/1741
s 51
f 874/403/1743 873/412/1744 847/419/1710 848/413/1709
f 875/396/1745 874/403/1743 848/413/1709 849/405/1711
f 850/404/1712 876/386/1746 875/396/1745 849/405/1711
s off
f 919/625/1747 920/626/1748 921/627/1749 922/628/1750
s 51
f 878/376/1200 877/375/1199 851/379/1714 852/380/1713
f 853/390/1715 879/381/1378 878/376/1200 852/380/1713
f 854/400/1716 880/391/1377 879/381/1378 853/390/1715
s 47
f 855/1552/1717 881/1546/1213 880/1551/1216 854/1556/1718
f 856/1547/1719 882/1542/1225 881/1546/1213 855/1552/1717
f 857/1543/1720 883/1539/1183 882/1542/1225 856/1547/1719
f 884/1540/1184 883/1539/1183 857/1543/1720 858/1544/1721
s 52
f 885/474/1388 884/483/1387 858/493/1723 859/484/1722
f 886/467/1399 885/474/1388 859/484/1722 860/475/1724
f 887/463/1203 886/467/1399 860/475/1724 861/468/1725
f 888/464/1204 887/463/1203 861/468/1725 862/469/1726
s 76
f 889/1677/1477 888/1676/1476 862/1679/1728 863/1680/1727
s 75
f 890/592/1466 889/591/1465 863/593/1730 864/594/1729
s 77
f 865/1699/1731 891/1695/1483 890/1698/1486 864/1700/1732
s 52
f 892/491/1407 891/490/1409 865/500/1734 866/501/1733
f 867/502/1735 893/492/1403 892/491/1407 866/501/1733
f 868/509/1736 894/499/1396 893/492/1403 867/502/1735
f 869/518/1737 895/508/1393 894/499/1396 868/509/1736
s 49
f 869/1602/1739 870/1603/1738 896/1599/1190 895/1598/1189
f 870/1603/1738 871/1608/1740 897/1604/1221 896/1599/1190
f 871/1608/1740 872/1614/1741 898/1609/1205 897/1604/1221
f 872/1614/1741 873/1621/1742 899/1615/1206 898/1609/1205
s 51
f 900/402/1371 899/411/1370 873/412/1744 874/403/1743
f 901/395/1379 900/402/1371 874/403/1743 875/396/1745
f 876/386/1746 902/387/1426 901/395/1379 875/396/1745
f 876/386/1746 851/379/1714 877/375/1199 902/387/1426
s off
f 902/953/1751 877/954/1752 904/955/1753 903/956/1754
f 877/1715/1755 675/1716/1756 905/1717/1757 904/1718/1758
f 675/957/1759 649/958/1760 906/959/1761 905/960/1762
f 649/1719/1763 902/1720/1764 903/1721/1765 906/1722/1766
f 676/1723/1767 695/1724/1768 907/1725/1769 908/1726/1770
f 695/961/1771 720/962/1772 909/963/1773 907/964/1774
f 720/1727/1775 650/1728/1776 910/1729/1777 909/1730/1778
f 650/965/1779 676/966/1780 908/967/1781 910/968/1782
f 746/969/1783 721/970/1784 912/971/1785 911/972/1786
f 721/1731/1787 747/1732/1788 913/1733/1789 912/1734/1790
f 747/973/1791 772/974/1792 914/975/1793 913/976/1794
f 772/1735/1795 746/1736/1796 911/1737/1797 914/1738/1798
f 798/977/1799 773/978/1800 916/979/1801 915/980/1802
f 773/1739/1803 799/1740/1804 917/1741/1805 916/1742/1806
f 799/981/1807 824/982/1808 918/983/1809 917/984/1810
f 824/1743/1811 798/1744/1812 915/1745/1813 918/1746/1814
f 850/985/1815 825/986/1816 920/987/1817 919/988/1818
f 825/1747/1819 851/1748/1820 921/1749/1821 920/1750/1822
f 851/989/1823 876/990/1824 922/991/1825 921/992/1826
f 876/1751/1827 850/1752/1828 919/1753/1829 922/1754/1830
